timestamp,hour,day_of_week,month,is_weekend,temperature,humidity,wind_speed,cloud_cover,rain_probability,solar_irradiance,solar_power,wind_power,total_load,academic_load,lab_load,library_load,hostel_load,canteen_load,ev_load,anomaly_score,anomaly_type,battery_soc,battery_action,grid_import,grid_export,grid_dependency,renewable_share,co2_avoided
2026-06-11T00:00:00,0,3,6,False,28.46,70.97,2.17,0.361,0.217,0.0,0.0,1.401,3.558,0.94,0.638,0.168,1.497,0.315,0.0,0.0,,70.32,DISCHARGING,2.157,0.0,60.62,39.38,1.149
2026-06-11T01:00:00,1,3,6,False,29.59,67.55,4.14,0.361,0.217,0.0,0.0,4.258,3.87,1.028,0.711,0.104,1.632,0.395,0.0,0.0,,71.25,CHARGING,0.0,0.388,0.0,100.0,3.492
2026-06-11T02:00:00,2,3,6,False,28.79,73.33,3.46,0.361,0.217,0.0,0.0,3.169,4.131,1.13,0.76,0.237,1.562,0.443,0.0,0.0,,68.71,DISCHARGING,0.962,0.0,23.29,76.71,2.599
2026-06-11T03:00:00,3,3,6,False,33.56,64.66,4.09,0.361,0.217,0.0,0.0,4.196,3.949,1.426,0.566,0.116,1.376,0.465,0.0,0.0,,69.3,CHARGING,0.0,0.247,0.0,100.0,3.441
2026-06-11T04:00:00,4,3,6,False,33.11,63.89,5.17,0.361,0.217,0.0,0.0,5.012,4.336,1.244,0.861,0.222,1.602,0.407,0.0,0.0,,70.91,CHARGING,0.0,0.676,0.0,100.0,4.11
2026-06-11T05:00:00,5,3,6,False,34.36,59.93,5.44,0.361,0.217,0.0,0.0,4.953,3.806,1.072,0.517,0.349,1.37,0.497,0.0,0.0,,73.63,CHARGING,0.0,1.147,0.0,100.0,4.061
2026-06-11T06:00:00,6,3,6,False,33.48,68.03,4.73,0.361,0.217,0.0,0.0,5.071,3.417,1.359,0.495,0.154,1.029,0.381,0.0,0.0,,77.56,CHARGING,0.0,1.654,0.0,100.0,4.158
2026-06-11T07:00:00,7,3,6,False,36.16,62.62,4.03,0.361,0.217,170.44,1.48,4.052,5.353,1.338,0.472,0.216,1.358,1.969,0.0,0.0,,77.98,CHARGING,0.0,0.179,0.0,100.0,4.536
2026-06-11T08:00:00,8,3,6,False,40.69,65.4,4.2,0.361,0.217,329.27,2.756,4.188,10.293,4.097,0.459,2.001,1.69,2.045,0.0,0.0,,69.17,DISCHARGING,3.349,0.0,32.54,67.46,5.694
2026-06-11T09:00:00,9,3,6,False,42.65,65.1,4.34,0.361,0.217,465.66,3.889,4.345,13.533,3.711,5.603,1.9,2.01,0.309,0.0,0.0,,55.23,DISCHARGING,5.299,0.0,39.16,60.84,6.752
2026-06-11T10:00:00,10,3,6,False,42.36,65.44,5.04,0.361,0.217,570.31,4.847,4.907,21.243,3.959,5.715,1.966,2.376,0.227,7.0,0.0,,28.91,DISCHARGING,11.489,0.0,54.08,45.92,7.998
2026-06-11T11:00:00,11,3,6,False,44.38,64.25,3.71,0.361,0.217,636.1,5.128,3.577,22.091,3.894,6.07,2.002,2.749,0.376,7.0,0.0,,20.0,DISCHARGING,13.386,0.0,60.59,39.41,7.138
2026-06-11T12:00:00,12,3,6,False,42.46,68.32,3.14,0.361,0.217,658.54,5.663,2.87,23.922,4.071,6.439,1.881,2.623,1.907,7.0,0.0,,20.0,HOLD,15.389,0.0,64.33,35.67,6.997
2026-06-11T13:00:00,13,3,6,False,43.14,70.39,1.38,0.361,0.217,636.1,5.286,0.664,24.439,3.797,6.094,2.084,3.173,2.291,7.0,0.0,,20.0,HOLD,18.489,0.0,75.65,24.35,4.879
2026-06-11T14:00:00,14,3,6,False,43.55,56.56,1.21,0.361,0.217,570.31,4.777,0.583,15.263,3.917,5.816,1.986,3.128,0.416,0.0,0.0,,20.0,HOLD,9.903,0.0,64.88,35.12,4.395
2026-06-11T15:00:00,15,3,6,False,41.42,58.85,0.76,0.361,0.217,465.66,3.878,0.324,15.698,4.354,6.039,2.098,2.925,0.282,0.0,0.0,,20.0,HOLD,11.496,0.0,73.23,26.77,3.446
2026-06-11T16:00:00,16,3,6,False,38.55,77.86,0.69,0.361,0.217,329.27,2.757,0.369,15.478,3.819,6.279,2.038,2.945,0.396,0.0,0.0,,20.0,HOLD,12.352,0.0,79.8,20.2,2.563
2026-06-11T17:00:00,17,3,6,False,37.09,64.94,1.43,0.361,0.217,170.44,1.424,0.723,15.808,4.035,6.474,2.016,2.856,0.429,0.0,0.0,,20.0,HOLD,13.661,0.0,86.42,13.58,1.761
2026-06-11T18:00:00,18,3,6,False,37.96,65.16,1.18,0.361,0.217,0.0,0.0,0.68,16.918,4.307,6.055,1.878,2.513,2.165,0.0,0.0,,20.0,HOLD,16.238,0.0,95.98,4.02,0.558
2026-06-11T19:00:00,19,3,6,False,36.51,65.3,0.92,0.361,0.217,0.0,0.0,0.334,16.466,3.821,6.193,1.961,2.508,1.984,0.0,0.0,,20.0,HOLD,16.132,0.0,97.97,2.03,0.274
2026-06-11T20:00:00,20,3,6,False,32.51,67.67,2.39,0.361,0.217,0.0,0.0,1.647,9.5,1.19,5.747,0.078,2.118,0.367,0.0,0.0,,20.0,HOLD,7.853,0.0,82.66,17.34,1.351
2026-06-11T21:00:00,21,3,6,False,31.72,67.37,0.52,0.361,0.217,0.0,0.0,0.157,4.753,1.401,0.761,0.334,1.927,0.33,0.0,0.0,,20.0,HOLD,4.596,0.0,96.7,3.3,0.129
2026-06-11T22:00:00,22,3,6,False,28.74,68.1,2.19,0.361,0.217,0.0,0.0,1.634,4.85,1.246,1.355,0.388,1.49,0.371,0.0,0.0,,20.0,HOLD,3.216,0.0,66.31,33.69,1.34
2026-06-11T23:00:00,23,3,6,False,26.08,68.8,2.01,0.361,0.217,0.0,0.0,1.352,2.661,1.069,-0.044,0.184,1.105,0.347,0.0,0.0,,20.0,HOLD,1.309,0.0,49.19,50.81,1.109
2026-06-12T00:00:00,0,4,6,False,26.68,52.84,2.92,0.081,0.049,0.0,0.0,2.714,3.816,0.943,0.271,0.384,1.936,0.283,0.0,0.0,,20.0,HOLD,1.102,0.0,28.88,71.12,2.225
2026-06-12T01:00:00,1,4,6,False,27.72,70.27,3.79,0.081,0.049,0.0,0.0,3.666,3.991,1.355,0.73,0.162,1.48,0.263,0.0,0.0,,20.0,HOLD,0.325,0.0,8.14,91.86,3.006
2026-06-12T02:00:00,2,4,6,False,28.71,62.79,3.79,0.081,0.049,0.0,0.0,3.732,4.192,1.403,0.647,0.235,1.508,0.4,0.0,0.0,,20.0,HOLD,0.46,0.0,10.97,89.03,3.06
2026-06-12T03:00:00,3,4,6,False,29.26,61.14,4.67,0.081,0.049,0.0,0.0,5.157,3.842,1.277,0.371,0.089,1.679,0.426,0.0,0.0,,23.12,CHARGING,0.0,1.315,0.0,100.0,4.229
2026-06-12T04:00:00,4,4,6,False,32.72,66.26,3.34,0.081,0.049,0.0,0.0,2.936,3.836,1.106,0.679,0.205,1.456,0.39,0.0,0.0,,20.75,DISCHARGING,0.9,0.0,23.46,76.54,2.408
2026-06-12T05:00:00,5,4,6,False,33.55,68.98,5.05,0.081,0.049,0.0,0.0,4.976,3.756,1.235,0.689,0.163,1.236,0.433,0.0,0.0,,23.65,CHARGING,0.0,1.22,0.0,100.0,4.08
2026-06-12T06:00:00,6,4,6,False,38.59,65.95,3.77,0.081,0.049,0.0,0.0,3.658,3.38,0.989,0.5,0.33,0.987,0.573,0.0,0.0,,24.31,CHARGING,0.0,0.278,0.0,100.0,3.0
2026-06-12T07:00:00,7,4,6,False,39.84,70.35,5.28,0.081,0.049,228.88,1.955,5.083,5.186,1.141,0.62,0.13,1.413,1.882,0.0,0.0,,28.71,CHARGING,0.0,1.852,0.0,100.0,5.771
2026-06-12T08:00:00,8,4,6,False,41.17,67.48,4.58,0.081,0.049,442.16,3.778,5.082,9.658,4.146,0.128,1.993,1.442,1.948,0.0,0.0,,26.61,DISCHARGING,0.798,0.0,8.26,91.74,7.265
2026-06-12T09:00:00,9,4,6,False,43.92,58.13,4.92,0.081,0.049,625.31,5.096,5.003,14.171,3.757,5.799,2.031,2.123,0.461,0.0,0.0,,20.0,DISCHARGING,4.072,0.0,28.73,71.27,8.281
2026-06-12T10:00:00,10,4,6,False,39.49,61.99,4.24,0.081,0.049,765.84,6.547,4.532,21.029,3.587,5.823,2.059,2.013,0.548,7.0,0.0,,20.0,HOLD,9.95,0.0,47.32,52.68,9.085
2026-06-12T11:00:00,11,4,6,False,44.28,58.77,4.19,0.081,0.049,854.19,7.21,4.403,21.908,4.047,6.07,2.027,2.379,0.385,7.0,0.0,,20.0,HOLD,10.295,0.0,46.99,53.01,9.523
2026-06-12T12:00:00,12,4,6,False,43.77,66.63,3.31,0.081,0.049,884.32,7.205,2.994,23.824,4.296,5.777,1.918,2.749,2.084,7.0,0.0,,20.0,HOLD,13.625,0.0,57.19,42.81,8.363
2026-06-12T13:00:00,13,4,6,False,43.74,65.91,3.55,0.081,0.049,854.19,7.231,3.393,24.272,4.466,5.938,1.8,3.114,1.954,7.0,0.0,,20.0,HOLD,13.648,0.0,56.23,43.77,8.712
2026-06-12T14:00:00,14,4,6,False,43.09,53.62,3.05,0.081,0.049,765.84,6.234,2.5,15.294,3.841,6.132,2.052,3.01,0.259,0.0,0.0,,20.0,HOLD,6.56,0.0,42.89,57.11,7.162
2026-06-12T15:00:00,15,4,6,False,38.19,59.27,1.63,0.081,0.049,625.31,5.38,1.11,15.688,4.028,6.228,2.023,3.08,0.33,0.0,0.0,,20.0,HOLD,9.198,0.0,58.63,41.37,5.322
2026-06-12T16:00:00,16,4,6,False,39.73,65.73,1.43,0.081,0.049,442.16,3.715,0.903,14.934,3.947,5.965,2.083,2.669,0.27,0.0,0.0,,20.0,HOLD,10.316,0.0,69.08,30.92,3.787
2026-06-12T17:00:00,17,4,6,False,35.85,58.24,0.0,0.081,0.049,228.88,2.0,0.0,15.897,4.04,6.327,2.133,2.863,0.535,0.0,0.0,,20.0,HOLD,13.897,0.0,87.42,12.58,1.64
2026-06-12T18:00:00,18,4,6,False,36.14,58.65,0.33,0.081,0.049,0.0,0.0,0.006,16.892,3.928,6.241,2.172,2.511,2.039,0.0,0.0,,20.0,HOLD,16.886,0.0,99.96,0.04,0.005
2026-06-12T19:00:00,19,4,6,False,32.37,60.97,1.45,0.081,0.049,0.0,0.0,0.964,16.065,3.879,5.84,1.893,2.411,2.043,0.0,0.0,,20.0,HOLD,15.101,0.0,94.0,6.0,0.79
2026-06-12T20:00:00,20,4,6,False,31.72,63.44,1.53,0.081,0.049,0.0,0.0,0.913,10.247,0.905,6.32,0.167,2.417,0.438,0.0,0.0,,20.0,HOLD,9.334,0.0,91.09,8.91,0.749
2026-06-12T21:00:00,21,4,6,False,30.15,71.38,1.86,0.081,0.049,0.0,0.0,1.28,4.668,1.232,0.923,0.115,2.0,0.397,0.0,0.0,,20.0,HOLD,3.388,0.0,72.58,27.42,1.05
2026-06-12T22:00:00,22,4,6,False,29.54,53.68,1.33,0.081,0.049,0.0,0.0,0.658,4.102,1.108,0.512,0.394,1.784,0.304,0.0,0.0,,20.0,HOLD,3.444,0.0,83.96,16.04,0.54
2026-06-12T23:00:00,23,4,6,False,28.79,60.2,2.16,0.081,0.049,0.0,0.0,1.646,4.062,1.132,0.919,0.086,1.266,0.66,0.0,0.0,,20.0,HOLD,2.416,0.0,59.48,40.52,1.35
2026-06-13T00:00:00,0,5,6,True,28.33,68.71,4.15,0.412,0.247,0.0,0.0,4.216,2.114,-0.034,0.066,0.243,1.372,0.467,0.0,0.0,,24.99,CHARGING,0.0,2.102,0.0,100.0,3.457
2026-06-13T01:00:00,1,5,6,True,29.9,66.82,3.81,0.412,0.247,0.0,0.0,3.689,1.556,0.187,-0.249,0.166,1.201,0.25,0.0,0.0,,30.06,CHARGING,0.0,2.133,0.0,100.0,3.025
2026-06-13T02:00:00,2,5,6,True,31.12,64.65,4.72,0.412,0.247,0.0,0.0,4.704,3.023,-0.109,1.026,0.243,1.416,0.447,0.0,0.0,,34.05,CHARGING,0.0,1.681,0.0,100.0,3.857
2026-06-13T03:00:00,3,5,6,True,28.0,68.75,4.18,0.412,0.247,0.0,0.0,4.347,2.898,0.069,0.5,0.131,1.635,0.563,0.0,0.0,,37.49,CHARGING,0.0,1.449,0.0,100.0,3.565
2026-06-13T04:00:00,4,5,6,True,30.54,74.93,4.02,0.412,0.247,0.0,0.0,4.173,2.956,-0.089,0.737,0.213,1.539,0.556,0.0,0.0,,40.38,CHARGING,0.0,1.217,0.0,100.0,3.422
2026-06-13T05:00:00,5,5,6,True,33.39,66.01,4.18,0.412,0.247,0.0,0.0,4.115,2.043,0.127,0.138,0.315,1.141,0.321,0.0,0.0,,45.3,CHARGING,0.0,2.072,0.0,100.0,3.374
2026-06-13T06:00:00,6,5,6,True,33.47,69.49,4.34,0.412,0.247,0.0,0.0,4.494,1.901,-0.032,0.361,0.099,1.006,0.466,0.0,0.0,,51.46,CHARGING,0.0,2.593,0.0,100.0,3.685
2026-06-13T07:00:00,7,5,6,True,38.65,69.73,5.38,0.412,0.247,159.68,1.414,4.991,3.098,-0.061,0.074,0.097,1.078,1.911,0.0,0.0,,59.32,CHARGING,0.0,3.307,0.0,100.0,5.252
2026-06-13T08:00:00,8,5,6,True,39.89,68.5,5.0,0.412,0.247,308.48,2.571,5.09,6.054,0.148,0.252,1.935,1.701,2.019,0.0,0.0,,63.13,CHARGING,0.0,1.607,0.0,100.0,6.282
2026-06-13T09:00:00,9,5,6,True,39.48,69.56,4.36,0.412,0.247,436.26,3.632,4.571,7.583,-0.291,3.401,2.125,1.912,0.436,0.0,0.0,,64.6,CHARGING,0.0,0.62,0.0,100.0,6.726
2026-06-13T10:00:00,10,5,6,True,39.31,66.78,3.07,0.412,0.247,534.31,4.436,2.767,14.809,0.399,2.647,1.916,2.285,0.561,7.0,0.0,,44.59,DISCHARGING,7.606,0.0,51.36,48.64,5.906
2026-06-13T11:00:00,11,5,6,True,41.89,77.35,3.72,0.412,0.247,595.95,4.836,3.455,14.608,-0.085,2.844,2.081,2.545,0.223,7.0,0.0,,27.97,DISCHARGING,6.317,0.0,43.24,56.76,6.799
2026-06-13T12:00:00,12,5,6,True,44.77,74.62,2.54,0.412,0.247,616.97,5.049,1.958,16.902,0.108,3.229,2.045,2.466,2.054,7.0,0.0,,20.0,DISCHARGING,9.895,0.0,58.54,41.46,5.746
2026-06-13T13:00:00,13,5,6,True,42.18,61.13,2.67,0.412,0.247,595.95,5.04,2.101,16.908,-0.257,3.214,2.024,2.781,2.145,7.0,0.0,,20.0,HOLD,9.767,0.0,57.77,42.23,5.856
2026-06-13T14:00:00,14,5,6,True,42.27,69.59,2.03,0.412,0.247,534.31,4.421,1.489,7.877,-0.107,2.877,2.136,2.812,0.159,0.0,0.0,,20.0,HOLD,1.967,0.0,24.97,75.03,4.846
2026-06-13T15:00:00,15,5,6,True,44.07,66.22,3.63,0.412,0.247,436.26,3.486,3.42,8.314,-0.057,2.943,1.889,3.087,0.452,0.0,0.0,,20.0,HOLD,1.408,0.0,16.94,83.06,5.663
2026-06-13T16:00:00,16,5,6,True,37.76,78.51,1.83,0.412,0.247,308.48,2.644,1.201,8.337,-0.028,3.185,1.827,2.993,0.361,0.0,0.0,,20.0,HOLD,4.492,0.0,53.88,46.12,3.153
2026-06-13T17:00:00,17,5,6,True,40.84,76.59,0.93,0.412,0.247,159.68,1.316,0.506,8.244,0.064,2.739,2.018,3.055,0.368,0.0,0.0,,20.0,HOLD,6.422,0.0,77.9,22.1,1.494
2026-06-13T18:00:00,18,5,6,True,33.46,63.74,0.99,0.412,0.247,0.0,0.0,0.481,8.606,-0.341,2.515,2.048,2.64,1.744,0.0,0.0,,20.0,HOLD,8.125,0.0,94.41,5.59,0.394
2026-06-13T19:00:00,19,5,6,True,35.11,64.68,1.29,0.412,0.247,0.0,0.0,0.813,10.377,0.07,3.715,2.042,2.567,1.983,0.0,0.0,,20.0,HOLD,9.564,0.0,92.17,7.83,0.667
2026-06-13T20:00:00,20,5,6,True,33.23,74.51,1.77,0.412,0.247,0.0,0.0,1.132,6.03,-0.096,3.237,0.35,2.181,0.358,0.0,0.0,,20.0,HOLD,4.898,0.0,81.23,18.77,0.928
2026-06-13T21:00:00,21,5,6,True,30.81,73.01,1.39,0.412,0.247,0.0,0.0,0.736,1.744,-0.156,-0.396,0.104,1.813,0.38,0.0,0.0,,20.0,HOLD,1.008,0.0,57.8,42.2,0.604
2026-06-13T22:00:00,22,5,6,True,30.74,63.09,1.8,0.412,0.247,0.0,0.0,1.316,2.137,-0.195,0.027,0.256,1.585,0.465,0.0,0.0,,20.0,HOLD,0.821,0.0,38.42,61.58,1.079
2026-06-13T23:00:00,23,5,6,True,28.25,63.07,3.04,0.412,0.247,0.0,0.0,2.634,1.366,-0.243,-0.169,0.269,1.212,0.298,0.0,0.0,,23.01,CHARGING,0.0,1.268,0.0,100.0,2.16
2026-06-14T00:00:00,0,6,6,True,27.86,55.91,3.9,0.366,0.22,0.0,0.0,3.762,2.571,0.292,0.385,0.277,1.329,0.288,0.0,0.0,,25.84,CHARGING,0.0,1.191,0.0,100.0,3.085
2026-06-14T01:00:00,1,6,6,True,28.94,70.06,3.56,0.366,0.22,0.0,0.0,3.392,2.278,0.032,0.533,0.281,1.257,0.175,0.0,0.0,,28.49,CHARGING,0.0,1.114,0.0,100.0,2.781
2026-06-14T02:00:00,2,6,6,True,30.57,62.22,4.95,0.366,0.22,0.0,0.0,5.01,3.032,0.186,0.839,0.252,1.444,0.311,0.0,0.0,,33.18,CHARGING,0.0,1.978,0.0,100.0,4.108
2026-06-14T03:00:00,3,6,6,True,30.36,62.24,4.17,0.366,0.22,0.0,0.0,4.444,2.577,0.227,0.024,0.286,1.596,0.444,0.0,0.0,,37.62,CHARGING,0.0,1.867,0.0,100.0,3.644
2026-06-14T04:00:00,4,6,6,True,33.87,71.02,5.24,0.366,0.22,0.0,0.0,5.034,1.989,-0.357,0.325,0.144,1.308,0.568,0.0,0.0,,44.85,CHARGING,0.0,3.045,0.0,100.0,4.128
2026-06-14T05:00:00,5,6,6,True,36.52,68.59,6.02,0.366,0.22,0.0,0.0,5.001,2.031,0.041,-0.028,0.24,1.509,0.27,0.0,0.0,,51.9,CHARGING,0.0,2.97,0.0,100.0,4.101
2026-06-14T06:00:00,6,6,6,True,35.92,76.31,4.94,0.366,0.22,0.0,0.0,5.001,1.665,0.05,0.313,0.18,0.738,0.385,0.0,0.0,,59.83,CHARGING,0.0,3.336,0.0,100.0,4.101
2026-06-14T07:00:00,7,6,6,True,36.95,69.87,3.93,0.366,0.22,169.4,1.463,3.719,4.303,-0.025,0.599,0.306,1.419,2.004,0.0,0.0,,61.91,CHARGING,0.0,0.879,0.0,100.0,4.249
2026-06-14T08:00:00,8,6,6,True,38.73,69.04,3.87,0.366,0.22,327.26,2.805,3.928,5.948,0.22,0.26,1.876,1.57,2.022,0.0,0.0,,63.78,CHARGING,0.0,0.785,0.0,100.0,5.521
2026-06-14T09:00:00,9,6,6,True,41.35,68.58,3.95,0.366,0.22,462.82,3.854,3.865,7.243,0.062,2.879,2.024,1.991,0.286,0.0,0.0,,64.91,CHARGING,0.0,0.476,0.0,100.0,6.33
2026-06-14T10:00:00,10,6,6,True,42.21,61.51,5.15,0.366,0.22,566.83,4.549,4.814,14.568,0.006,3.009,1.988,2.432,0.133,7.0,0.0,,51.21,DISCHARGING,5.205,0.0,35.73,64.27,7.678
2026-06-14T11:00:00,11,6,6,True,44.32,61.68,4.77,0.366,0.22,632.22,5.21,4.925,15.017,-0.179,2.902,2.143,2.784,0.366,7.0,0.0,,38.36,DISCHARGING,4.882,0.0,32.51,67.49,8.311
2026-06-14T12:00:00,12,6,6,True,46.86,76.09,3.03,0.366,0.22,654.52,5.366,2.648,17.821,0.073,3.954,2.085,2.613,2.097,7.0,0.0,,20.0,DISCHARGING,9.807,0.0,55.03,44.97,6.571
2026-06-14T13:00:00,13,6,6,True,43.18,71.86,2.09,0.366,0.22,632.22,5.279,1.539,16.796,0.003,3.101,2.042,2.583,2.067,7.0,0.0,,20.0,HOLD,9.978,0.0,59.41,40.59,5.591
2026-06-14T14:00:00,14,6,6,True,41.46,67.03,0.85,0.366,0.22,566.83,4.774,0.32,7.999,0.166,2.597,1.959,2.88,0.395,0.0,0.0,,20.0,HOLD,2.905,0.0,36.32,63.68,4.177
2026-06-14T15:00:00,15,6,6,True,42.08,70.94,0.78,0.366,0.22,462.82,3.886,0.155,7.964,-0.392,2.996,1.978,2.984,0.397,0.0,0.0,,20.0,HOLD,3.923,0.0,49.26,50.74,3.314
2026-06-14T16:00:00,16,6,6,True,40.34,61.76,2.03,0.366,0.22,327.26,2.7,1.333,8.211,0.058,3.373,1.957,2.593,0.23,0.0,0.0,,20.0,HOLD,4.178,0.0,50.88,49.12,3.307
2026-06-14T17:00:00,17,6,6,True,36.82,65.28,0.62,0.366,0.22,169.4,1.454,0.214,8.112,0.21,2.797,1.914,2.945,0.246,0.0,0.0,,20.0,HOLD,6.444,0.0,79.44,20.56,1.368
2026-06-14T18:00:00,18,6,6,True,36.58,66.58,1.08,0.366,0.22,0.0,0.0,0.501,9.838,0.412,2.932,1.872,2.729,1.892,0.0,0.0,,20.0,HOLD,9.337,0.0,94.91,5.09,0.411
2026-06-14T19:00:00,19,6,6,True,32.8,70.1,1.39,0.366,0.22,0.0,0.0,0.914,10.24,0.232,3.431,2.053,2.713,1.812,0.0,0.0,,20.0,HOLD,9.326,0.0,91.07,8.93,0.749
2026-06-14T20:00:00,20,6,6,True,31.52,67.91,0.57,0.366,0.22,0.0,0.0,0.201,6.189,0.376,2.949,0.241,2.215,0.408,0.0,0.0,,20.0,HOLD,5.988,0.0,96.75,3.25,0.165
2026-06-14T21:00:00,21,6,6,True,30.35,73.14,1.94,0.366,0.22,0.0,0.0,1.387,2.842,0.118,-0.045,0.191,2.091,0.487,0.0,0.0,,20.0,HOLD,1.455,0.0,51.2,48.8,1.137
2026-06-14T22:00:00,22,6,6,True,29.39,69.77,2.71,0.366,0.22,0.0,0.0,2.258,1.947,-0.071,0.401,-0.093,1.676,0.035,0.0,0.0,,20.74,CHARGING,0.0,0.311,0.0,100.0,1.852
2026-06-14T23:00:00,23,6,6,True,25.69,69.71,2.84,0.366,0.22,0.0,0.0,2.327,2.558,0.274,0.155,0.424,1.264,0.441,0.0,0.0,,20.13,DISCHARGING,0.231,0.0,9.03,90.97,1.908
2026-06-15T00:00:00,0,0,6,False,30.43,58.64,3.1,0.183,0.11,0.0,0.0,2.732,3.618,0.927,0.523,0.126,1.639,0.403,0.0,0.0,,20.0,DISCHARGING,0.886,0.0,24.49,75.51,2.24
2026-06-15T01:00:00,1,0,6,False,27.85,64.77,3.43,0.183,0.11,0.0,0.0,3.08,3.814,0.992,0.931,0.159,1.287,0.444,0.0,0.0,,20.0,HOLD,0.734,0.0,19.24,80.76,2.526
2026-06-15T02:00:00,2,0,6,False,29.77,64.8,2.78,0.183,0.11,0.0,0.0,2.349,3.545,1.326,0.179,0.233,1.455,0.352,0.0,0.0,,20.0,HOLD,1.196,0.0,33.74,66.26,1.926
2026-06-15T03:00:00,3,0,6,False,31.65,72.62,5.6,0.183,0.11,0.0,0.0,4.989,4.315,1.271,0.83,0.212,1.52,0.482,0.0,0.0,,21.6,CHARGING,0.0,0.674,0.0,100.0,4.091
2026-06-15T04:00:00,4,0,6,False,31.91,61.58,4.15,0.183,0.11,0.0,0.0,4.225,4.283,1.268,0.801,0.163,1.613,0.438,0.0,0.0,,21.45,DISCHARGING,0.058,0.0,1.35,98.65,3.464
2026-06-15T05:00:00,5,0,6,False,32.08,61.15,6.09,0.183,0.11,0.0,0.0,4.895,3.696,0.996,0.616,0.173,1.449,0.462,0.0,0.0,,24.3,CHARGING,0.0,1.199,0.0,100.0,4.014
2026-06-15T06:00:00,6,0,6,False,36.51,65.7,5.25,0.183,0.11,0.0,0.0,4.789,2.681,1.127,-0.054,0.204,0.899,0.505,0.0,0.0,,29.3,CHARGING,0.0,2.108,0.0,100.0,3.927
2026-06-15T07:00:00,7,0,6,False,39.85,61.15,5.09,0.183,0.11,207.71,1.775,4.947,5.693,1.2,0.896,0.144,1.386,2.068,0.0,0.0,,31.75,CHARGING,0.0,1.029,0.0,100.0,5.512
2026-06-15T08:00:00,8,0,6,False,38.57,67.15,5.51,0.183,0.11,401.26,3.422,4.924,9.84,3.828,0.439,2.054,1.475,2.044,0.0,0.0,,27.81,DISCHARGING,1.494,0.0,15.18,84.82,6.844
2026-06-15T09:00:00,9,0,6,False,39.79,64.2,4.25,0.183,0.11,567.47,5.04,4.245,14.793,4.294,6.045,2.041,1.968,0.444,0.0,0.0,,20.0,DISCHARGING,5.508,0.0,37.23,62.77,7.614
2026-06-15T10:00:00,10,0,6,False,42.7,61.37,5.16,0.183,0.11,695.0,5.944,4.936,21.571,3.988,5.678,2.046,2.467,0.392,7.0,0.0,,20.0,HOLD,10.691,0.0,49.56,50.44,8.922
2026-06-15T11:00:00,11,0,6,False,43.43,62.51,2.63,0.183,0.11,775.17,6.256,2.036,22.686,4.045,6.396,2.281,2.421,0.544,7.0,0.0,,20.0,HOLD,14.394,0.0,63.45,36.55,6.799
2026-06-15T12:00:00,12,0,6,False,44.37,65.82,2.88,0.183,0.11,802.52,6.671,2.454,23.134,3.918,5.581,1.846,2.817,1.972,7.0,0.0,,20.0,HOLD,14.009,0.0,60.56,39.44,7.482
2026-06-15T13:00:00,13,0,6,False,42.83,67.63,2.49,0.183,0.11,775.17,6.502,1.898,24.912,4.245,6.474,2.049,3.019,2.124,7.0,0.0,,20.0,HOLD,16.512,0.0,66.28,33.72,6.888
2026-06-15T14:00:00,14,0,6,False,44.62,66.64,2.49,0.183,0.11,695.0,5.824,1.856,15.302,4.14,5.593,1.921,3.164,0.484,0.0,0.0,,20.0,HOLD,7.622,0.0,49.81,50.19,6.298
2026-06-15T15:00:00,15,0,6,False,43.89,57.89,1.37,0.183,0.11,567.47,4.699,0.811,15.674,4.016,6.34,1.964,3.053,0.301,0.0,0.0,,20.0,HOLD,10.164,0.0,64.85,35.15,4.518
2026-06-15T16:00:00,16,0,6,False,40.68,59.9,1.27,0.183,0.11,401.26,3.369,0.698,15.589,3.946,6.531,1.99,2.932,0.19,0.0,0.0,,20.0,HOLD,11.522,0.0,73.91,26.09,3.335
2026-06-15T17:00:00,17,0,6,False,36.73,60.22,0.86,0.183,0.11,207.71,1.831,0.381,15.54,4.258,6.019,2.004,2.86,0.4,0.0,0.0,,20.0,HOLD,13.328,0.0,85.77,14.23,1.814
2026-06-15T18:00:00,18,0,6,False,38.58,53.65,0.0,0.183,0.11,0.0,0.0,0.001,17.216,4.138,6.142,1.962,2.872,2.103,0.0,0.0,,20.0,HOLD,17.215,0.0,99.99,0.01,0.001
2026-06-15T19:00:00,19,0,6,False,34.21,65.02,1.84,0.183,0.11,0.0,0.0,1.316,16.169,4.022,6.0,2.147,2.141,1.858,0.0,0.0,,20.0,HOLD,14.853,0.0,91.86,8.14,1.079
2026-06-15T20:00:00,20,0,6,False,30.22,62.38,0.98,0.183,0.11,0.0,0.0,0.385,10.697,1.028,6.737,0.38,2.188,0.364,0.0,0.0,,20.0,HOLD,10.312,0.0,96.4,3.6,0.316
2026-06-15T21:00:00,21,0,6,False,28.62,63.07,0.06,0.183,0.11,0.0,0.0,0.0,3.913,0.88,0.371,0.215,2.005,0.442,0.0,0.0,,20.0,HOLD,3.913,0.0,100.0,0.0,0.0
2026-06-15T22:00:00,22,0,6,False,27.09,59.65,2.68,0.183,0.11,0.0,0.0,2.197,3.762,0.925,0.505,0.237,1.71,0.386,0.0,0.0,,20.0,HOLD,1.565,0.0,41.6,58.4,1.802
2026-06-15T23:00:00,23,0,6,False,30.57,62.37,3.29,0.183,0.11,0.0,0.0,3.175,3.713,1.592,0.232,0.107,1.487,0.294,0.0,0.0,,20.0,HOLD,0.538,0.0,14.49,85.51,2.603
2026-06-16T00:00:00,0,1,6,False,26.02,69.59,2.61,0.375,0.225,0.0,0.0,2.045,3.836,1.065,0.386,0.112,1.842,0.43,0.0,0.0,,20.0,HOLD,1.791,0.0,46.69,53.31,1.677
2026-06-16T01:00:00,1,1,6,False,29.6,66.56,3.13,0.375,0.225,0.0,0.0,2.499,2.809,0.924,0.057,-0.025,1.321,0.532,0.0,0.0,,20.0,HOLD,0.31,0.0,11.04,88.96,2.049
2026-06-16T02:00:00,2,1,6,False,29.01,69.55,5.03,0.375,0.225,0.0,0.0,4.91,4.306,1.305,0.819,0.142,1.584,0.457,0.0,0.0,,21.43,CHARGING,0.0,0.604,0.0,100.0,4.026
2026-06-16T03:00:00,3,1,6,False,29.52,61.57,3.52,0.375,0.225,0.0,0.0,3.329,4.054,1.041,0.608,0.257,1.593,0.555,0.0,0.0,,20.0,DISCHARGING,0.725,0.0,17.88,82.12,2.73
2026-06-16T04:00:00,4,1,6,False,33.92,75.91,3.93,0.375,0.225,0.0,0.0,4.001,3.428,1.214,0.476,0.019,1.474,0.244,0.0,0.0,,21.36,CHARGING,0.0,0.573,0.0,100.0,3.281
2026-06-16T05:00:00,5,1,6,False,35.38,63.51,6.15,0.375,0.225,0.0,0.0,4.927,4.216,1.074,0.832,0.196,1.761,0.352,0.0,0.0,,23.05,CHARGING,0.0,0.711,0.0,100.0,4.04
2026-06-16T06:00:00,6,1,6,False,37.5,71.47,5.08,0.375,0.225,0.0,0.0,4.995,3.249,1.177,0.349,0.266,0.998,0.459,0.0,0.0,,27.2,CHARGING,0.0,1.746,0.0,100.0,4.096
2026-06-16T07:00:00,7,1,6,False,40.38,65.62,6.09,0.375,0.225,167.59,1.426,4.938,5.284,1.205,0.42,0.362,1.319,1.978,0.0,0.0,,29.76,CHARGING,0.0,1.08,0.0,100.0,5.218
2026-06-16T08:00:00,8,1,6,False,41.79,57.42,3.0,0.375,0.225,323.76,2.761,2.598,10.251,4.05,0.202,1.998,1.919,2.082,0.0,0.0,,20.0,DISCHARGING,4.892,0.0,47.72,52.28,4.394
2026-06-16T09:00:00,9,1,6,False,41.91,65.52,4.06,0.375,0.225,457.87,3.678,4.121,13.71,4.169,5.527,1.934,1.776,0.303,0.0,0.0,,20.0,HOLD,5.911,0.0,43.11,56.89,6.395
2026-06-16T10:00:00,10,1,6,False,43.01,70.56,2.33,0.375,0.225,560.77,4.754,1.756,20.527,3.504,5.701,2.123,1.833,0.365,7.0,0.0,,20.0,HOLD,14.017,0.0,68.29,31.71,5.338
2026-06-16T11:00:00,11,1,6,False,41.96,64.12,4.16,0.375,0.225,625.46,5.29,4.301,22.149,4.367,5.939,2.038,2.286,0.519,7.0,0.0,,20.0,HOLD,12.558,0.0,56.7,43.3,7.865
2026-06-16T12:00:00,12,1,6,False,42.86,67.38,2.55,0.375,0.225,647.52,5.242,2.061,23.897,4.193,6.088,1.841,2.7,2.074,7.0,0.0,,20.0,HOLD,16.594,0.0,69.44,30.56,5.988
2026-06-16T13:00:00,13,1,6,False,40.91,71.87,1.62,0.375,0.225,625.46,5.299,1.075,24.837,4.372,6.141,2.066,3.28,1.979,7.0,0.0,,20.0,HOLD,18.463,0.0,74.34,25.66,5.227
2026-06-16T14:00:00,14,1,6,False,41.73,69.69,2.34,0.375,0.225,560.77,4.66,1.689,15.981,4.462,6.098,1.927,3.105,0.389,0.0,0.0,,20.0,HOLD,9.632,0.0,60.27,39.73,5.206
2026-06-16T15:00:00,15,1,6,False,41.28,61.03,2.04,0.375,0.225,457.87,3.88,1.643,15.243,4.093,5.887,1.949,2.938,0.375,0.0,0.0,,20.0,HOLD,9.72,0.0,63.77,36.23,4.529
2026-06-16T16:00:00,16,1,6,False,39.43,58.83,2.0,0.375,0.225,323.76,2.793,1.377,15.521,4.075,5.662,2.133,3.155,0.496,0.0,0.0,,20.0,HOLD,11.351,0.0,73.13,26.87,3.419
2026-06-16T17:00:00,17,1,6,False,35.8,69.52,1.73,0.375,0.225,167.59,1.397,1.137,15.722,4.073,6.167,2.018,2.917,0.547,0.0,0.0,,20.0,HOLD,13.188,0.0,83.88,16.12,2.078
2026-06-16T18:00:00,18,1,6,False,37.84,65.9,0.0,0.375,0.225,0.0,0.0,0.0,16.962,4.019,6.375,1.891,2.769,1.908,0.0,0.0,,20.0,HOLD,16.962,0.0,100.0,0.0,0.0
2026-06-16T19:00:00,19,1,6,False,32.92,64.78,2.25,0.375,0.225,0.0,0.0,1.5,16.989,4.372,6.181,1.982,2.595,1.859,0.0,0.0,,20.0,HOLD,15.489,0.0,91.17,8.83,1.23
2026-06-16T20:00:00,20,1,6,False,33.77,66.47,1.01,0.375,0.225,0.0,0.0,0.449,10.381,1.339,6.077,0.265,2.249,0.451,0.0,0.0,,20.0,HOLD,9.932,0.0,95.67,4.33,0.368
2026-06-16T21:00:00,21,1,6,False,29.71,59.65,3.37,0.375,0.225,0.0,0.0,3.229,5.096,1.03,1.269,0.3,2.096,0.403,0.0,0.0,,20.0,HOLD,1.867,0.0,36.64,63.36,2.648
2026-06-16T22:00:00,22,1,6,False,28.75,69.44,1.83,0.375,0.225,0.0,0.0,1.258,4.348,1.018,0.847,0.292,1.716,0.475,0.0,0.0,,20.0,HOLD,3.09,0.0,71.07,28.93,1.032
2026-06-16T23:00:00,23,1,6,False,27.87,63.15,1.74,0.375,0.225,0.0,0.0,1.17,3.145,1.183,0.468,-0.096,1.078,0.512,0.0,0.0,,20.0,HOLD,1.975,0.0,62.8,37.2,0.959
2026-06-17T00:00:00,0,2,6,False,27.0,61.39,3.29,0.417,0.25,0.0,0.0,2.967,4.702,1.258,1.298,0.352,1.454,0.341,0.0,0.0,,20.0,HOLD,1.735,0.0,36.9,63.1,2.433
2026-06-17T01:00:00,1,2,6,False,27.78,67.81,3.93,0.417,0.25,0.0,0.0,4.036,4.88,1.177,1.29,0.209,1.768,0.436,0.0,0.0,,20.0,HOLD,0.844,0.0,17.3,82.7,3.31
2026-06-17T02:00:00,2,2,6,False,30.52,64.07,3.42,0.417,0.25,0.0,0.0,3.262,2.995,1.208,0.214,0.064,1.286,0.223,0.0,0.0,,20.63,CHARGING,0.0,0.267,0.0,100.0,2.675
2026-06-17T03:00:00,3,2,6,False,30.51,68.27,5.31,0.417,0.25,0.0,0.0,4.981,4.463,1.167,1.229,0.054,1.441,0.571,0.0,0.0,,21.86,CHARGING,0.0,0.518,0.0,100.0,4.084
2026-06-17T04:00:00,4,2,6,False,32.67,68.91,5.18,0.417,0.25,0.0,0.0,5.078,3.931,1.038,0.863,0.063,1.549,0.418,0.0,0.0,,24.59,CHARGING,0.0,1.147,0.0,100.0,4.164
2026-06-17T05:00:00,5,2,6,False,33.01,65.23,4.91,0.417,0.25,0.0,0.0,4.965,3.65,0.979,0.697,0.085,1.607,0.282,0.0,0.0,,27.71,CHARGING,0.0,1.315,0.0,100.0,4.071
2026-06-17T06:00:00,6,2,6,False,35.15,74.96,4.5,0.417,0.25,0.0,0.0,4.752,3.076,1.3,-0.032,0.196,1.2,0.413,0.0,0.0,,31.69,CHARGING,0.0,1.676,0.0,100.0,3.897
2026-06-17T07:00:00,7,2,6,False,38.17,72.82,5.37,0.417,0.25,158.74,1.299,4.832,4.983,1.242,0.386,0.331,1.217,1.807,0.0,0.0,,34.42,CHARGING,0.0,1.148,0.0,100.0,5.027
2026-06-17T08:00:00,8,2,6,False,38.1,67.17,2.53,0.417,0.25,306.66,2.606,1.972,10.518,4.216,0.96,1.983,1.298,2.062,0.0,0.0,,20.0,DISCHARGING,5.94,0.0,56.47,43.53,3.754
2026-06-17T09:00:00,9,2,6,False,42.49,73.25,4.66,0.417,0.25,433.69,3.546,5.201,14.226,3.808,6.225,1.831,1.81,0.552,0.0,0.0,,20.0,HOLD,5.479,0.0,38.51,61.49,7.173
2026-06-17T10:00:00,10,2,6,False,42.54,69.52,4.67,0.417,0.25,531.16,4.436,5.136,21.11,3.953,5.466,1.92,2.333,0.44,7.0,0.0,,20.0,HOLD,11.538,0.0,54.66,45.34,7.849
2026-06-17T11:00:00,11,2,6,False,41.38,65.43,2.94,0.417,0.25,592.43,4.946,2.381,21.748,3.874,5.781,2.077,2.63,0.385,7.0,0.0,,20.0,HOLD,14.421,0.0,66.31,33.69,6.008
2026-06-17T12:00:00,12,2,6,False,43.41,64.26,3.11,0.417,0.25,613.33,4.996,2.651,23.21,3.873,5.651,2.016,2.828,1.841,7.0,0.0,,20.0,HOLD,15.563,0.0,67.05,32.95,6.271
2026-06-17T13:00:00,13,2,6,False,43.77,70.05,2.31,0.417,0.25,592.43,4.93,1.606,23.435,3.748,6.009,2.103,2.541,2.035,7.0,0.0,,20.0,HOLD,16.899,0.0,72.11,27.89,5.36
2026-06-17T14:00:00,14,2,6,False,44.71,71.09,1.88,0.417,0.25,531.16,4.342,1.274,14.242,3.676,5.297,2.094,2.82,0.354,0.0,0.0,,20.0,HOLD,8.626,0.0,60.57,39.43,4.605
2026-06-17T15:00:00,15,2,6,False,39.58,67.47,0.46,0.417,0.25,433.69,3.622,0.193,15.741,4.091,6.096,2.024,3.237,0.293,0.0,0.0,,20.0,HOLD,11.926,0.0,75.76,24.24,3.128
2026-06-17T16:00:00,16,2,6,False,39.92,74.66,2.17,0.417,0.25,306.66,2.521,1.572,15.741,4.272,6.152,2.02,2.935,0.362,0.0,0.0,,20.0,HOLD,11.648,0.0,74.0,26.0,3.356
2026-06-17T17:00:00,17,2,6,False,38.5,68.13,0.87,0.417,0.25,158.74,1.354,0.335,16.049,4.106,6.874,1.822,2.922,0.324,0.0,0.0,,20.0,HOLD,14.36,0.0,89.48,10.52,1.385
2026-06-17T18:00:00,18,2,6,False,36.87,72.15,1.04,0.417,0.25,0.0,0.0,0.547,16.565,4.226,5.297,2.159,2.775,2.108,0.0,0.0,,20.0,HOLD,16.018,0.0,96.7,3.3,0.449
2026-06-17T19:00:00,19,2,6,False,32.1,69.07,0.4,0.417,0.25,0.0,0.0,0.156,16.274,4.217,5.47,2.097,2.51,1.98,0.0,0.0,,20.0,HOLD,16.118,0.0,99.04,0.96,0.128
2026-06-17T20:00:00,20,2,6,False,29.79,56.27,1.67,0.417,0.25,0.0,0.0,0.93,10.046,1.211,5.964,0.317,2.223,0.331,0.0,0.0,,20.0,HOLD,9.116,0.0,90.74,9.26,0.763
2026-06-17T21:00:00,21,2,6,False,29.58,71.02,2.6,0.417,0.25,0.0,0.0,2.077,4.103,0.887,0.717,0.024,2.063,0.413,0.0,0.0,,20.0,HOLD,2.026,0.0,49.38,50.62,1.703
2026-06-17T22:00:00,22,2,6,False,32.65,67.83,1.12,0.417,0.25,0.0,0.0,0.712,3.919,1.061,0.667,0.2,1.661,0.33,0.0,0.0,,20.0,HOLD,3.207,0.0,81.83,18.17,0.584
2026-06-17T23:00:00,23,2,6,False,28.14,69.01,1.2,0.417,0.25,0.0,0.0,0.638,3.538,0.877,0.897,0.236,1.156,0.372,0.0,0.0,,20.0,HOLD,2.9,0.0,81.97,18.03,0.523
2026-06-18T00:00:00,0,3,6,False,25.75,70.69,2.18,0.669,0.401,0.0,0.0,1.545,3.957,1.328,0.439,0.225,1.479,0.487,0.0,0.0,,20.0,HOLD,2.412,0.0,60.96,39.04,1.267
2026-06-18T01:00:00,1,3,6,False,27.47,66.47,2.26,0.669,0.401,0.0,0.0,1.573,3.839,1.282,0.46,0.437,1.239,0.42,0.0,0.0,,20.0,HOLD,2.266,0.0,59.03,40.97,1.29
2026-06-18T02:00:00,2,3,6,False,27.38,74.08,3.61,0.669,0.401,0.0,0.0,3.446,4.308,1.581,0.464,0.226,1.654,0.384,0.0,0.0,,20.0,HOLD,0.862,0.0,20.01,79.99,2.826
2026-06-18T03:00:00,3,3,6,False,29.47,76.58,2.59,0.669,0.401,0.0,0.0,1.987,3.654,1.225,0.425,0.147,1.591,0.266,0.0,0.0,,20.0,HOLD,1.667,0.0,45.62,54.38,1.629
2026-06-18T04:00:00,4,3,6,False,33.57,70.06,3.61,0.669,0.401,0.0,0.0,3.548,3.599,1.22,0.318,0.147,1.511,0.404,0.0,0.0,,20.0,HOLD,0.051,0.0,1.42,98.58,2.909
2026-06-18T05:00:00,5,3,6,False,33.79,72.3,4.91,0.669,0.401,0.0,0.0,4.948,3.542,1.383,0.189,0.181,1.377,0.411,0.0,0.0,,23.34,CHARGING,0.0,1.406,0.0,100.0,4.057
2026-06-18T06:00:00,6,3,6,False,35.42,75.91,6.18,0.669,0.401,0.0,0.0,5.067,3.019,1.045,0.427,0.231,0.826,0.489,0.0,0.0,,28.2,CHARGING,0.0,2.048,0.0,100.0,4.155
2026-06-18T07:00:00,7,3,6,False,36.91,70.09,4.44,0.669,0.401,106.11,0.899,4.783,5.983,1.326,1.113,0.427,1.11,2.007,0.0,0.0,,27.41,DISCHARGING,0.301,0.0,5.03,94.97,4.659
2026-06-18T08:00:00,8,3,6,False,38.24,70.22,4.11,0.669,0.401,204.99,1.71,4.061,10.052,3.971,0.235,2.084,1.481,2.281,0.0,0.0,,20.0,DISCHARGING,4.281,0.0,42.59,57.41,4.732
2026-06-18T09:00:00,9,3,6,False,40.98,66.9,4.47,0.669,0.401,289.91,2.526,4.84,14.004,4.059,5.596,2.021,1.782,0.546,0.0,0.0,,20.0,HOLD,6.638,0.0,47.4,52.6,6.04
2026-06-18T10:00:00,10,3,6,False,44.14,61.19,4.08,0.669,0.401,355.06,2.893,4.184,22.213,4.243,6.333,1.841,2.295,0.502,7.0,0.0,,20.0,HOLD,15.136,0.0,68.14,31.86,5.803
2026-06-18T11:00:00,11,3,6,False,41.24,74.74,3.51,0.669,0.401,396.02,3.313,3.105,21.602,3.935,5.902,1.985,2.424,0.356,7.0,0.0,,20.0,HOLD,15.184,0.0,70.29,29.71,5.263
2026-06-18T12:00:00,12,3,6,False,43.94,71.85,3.35,0.669,0.401,409.99,3.382,3.08,23.58,3.616,6.143,2.0,2.725,2.096,7.0,0.0,,20.0,HOLD,17.118,0.0,72.6,27.4,5.299
2026-06-18T13:00:00,13,3,6,False,40.8,74.74,0.9,0.669,0.401,396.02,3.338,0.446,24.12,3.908,6.199,2.093,2.946,1.974,7.0,0.0,,20.0,HOLD,20.336,0.0,84.31,15.69,3.103
2026-06-18T14:00:00,14,3,6,False,39.77,79.48,2.62,0.669,0.401,355.06,3.046,2.027,15.763,4.135,6.258,2.156,2.837,0.377,0.0,0.0,,20.0,HOLD,10.69,0.0,67.82,32.18,4.16
2026-06-18T15:00:00,15,3,6,False,42.78,67.79,1.63,0.669,0.401,289.91,2.444,1.1,15.589,4.018,6.066,1.974,3.222,0.31,0.0,0.0,,20.0,HOLD,12.045,0.0,77.27,22.73,2.906
2026-06-18T16:00:00,16,3,6,False,39.12,77.77,1.28,0.669,0.401,204.99,1.689,0.59,14.867,3.592,6.01,1.888,2.91,0.466,0.0,0.0,,20.0,HOLD,12.588,0.0,84.67,15.33,1.869
2026-06-18T17:00:00,17,3,6,False,37.11,71.88,1.25,0.669,0.401,106.11,0.921,0.749,15.108,3.862,5.949,2.104,2.932,0.26,0.0,0.0,,20.0,HOLD,13.438,0.0,88.95,11.05,1.369
2026-06-18T18:00:00,18,3,6,False,36.98,80.44,0.13,0.669,0.401,0.0,0.0,0.053,16.723,4.031,5.937,2.068,2.663,2.024,0.0,0.0,,20.0,HOLD,16.67,0.0,99.68,0.32,0.043
2026-06-18T19:00:00,19,3,6,False,35.24,70.29,0.62,0.669,0.401,0.0,0.0,0.137,16.594,3.634,6.219,2.181,2.722,1.837,0.0,0.0,,20.0,HOLD,16.457,0.0,99.17,0.83,0.112
2026-06-18T20:00:00,20,3,6,False,33.09,71.09,2.41,0.669,0.401,0.0,0.0,1.665,9.624,1.253,5.681,0.22,2.016,0.454,0.0,0.0,,20.0,HOLD,7.959,0.0,82.7,17.3,1.365
2026-06-18T21:00:00,21,3,6,False,31.88,67.69,0.96,0.669,0.401,0.0,0.0,0.443,3.639,1.084,0.135,0.245,1.883,0.292,0.0,0.0,,20.0,HOLD,3.196,0.0,87.83,12.17,0.363
2026-06-18T22:00:00,22,3,6,False,28.24,76.39,2.86,0.669,0.401,0.0,0.0,2.477,3.784,0.968,0.61,0.215,1.548,0.444,0.0,0.0,,20.0,HOLD,1.307,0.0,34.54,65.46,2.031
2026-06-18T23:00:00,23,3,6,False,27.1,76.13,2.89,0.669,0.401,0.0,0.0,2.576,2.779,0.59,0.415,0.303,1.217,0.253,0.0,0.0,,20.0,HOLD,0.203,0.0,7.3,92.7,2.112
2026-06-19T00:00:00,0,4,6,False,26.36,56.93,3.82,0.327,0.196,0.0,0.0,3.73,3.588,0.962,0.425,0.098,1.63,0.473,0.0,0.0,,20.34,CHARGING,0.0,0.142,0.0,100.0,3.059
2026-06-19T01:00:00,1,4,6,False,25.69,62.23,3.19,0.327,0.196,0.0,0.0,2.72,3.913,1.521,0.59,0.084,1.398,0.32,0.0,0.0,,20.0,DISCHARGING,1.193,0.0,30.49,69.51,2.23
2026-06-19T02:00:00,2,4,6,False,27.16,60.4,4.08,0.327,0.196,0.0,0.0,4.076,3.292,0.839,0.374,0.109,1.369,0.6,0.0,0.0,,21.86,CHARGING,0.0,0.784,0.0,100.0,3.342
2026-06-19T03:00:00,3,4,6,False,30.43,57.66,4.61,0.327,0.196,0.0,0.0,4.971,3.746,0.995,0.872,0.08,1.457,0.341,0.0,0.0,,24.77,CHARGING,0.0,1.225,0.0,100.0,4.076
2026-06-19T04:00:00,4,4,6,False,32.25,65.19,4.22,0.327,0.196,0.0,0.0,4.261,4.075,1.297,0.672,0.191,1.435,0.48,0.0,0.0,,25.21,CHARGING,0.0,0.186,0.0,100.0,3.494
2026-06-19T05:00:00,5,4,6,False,33.58,67.07,4.69,0.327,0.196,0.0,0.0,4.866,3.793,1.354,0.032,0.222,1.736,0.449,0.0,0.0,,27.76,CHARGING,0.0,1.073,0.0,100.0,3.99
2026-06-19T06:00:00,6,4,6,False,36.26,66.7,4.55,0.327,0.196,0.0,0.0,4.777,2.968,1.142,0.66,0.123,0.779,0.264,0.0,0.0,,32.06,CHARGING,0.0,1.809,0.0,100.0,3.917
2026-06-19T07:00:00,7,4,6,False,38.66,67.7,5.37,0.327,0.196,177.52,1.54,5.009,5.567,1.278,0.691,0.191,1.185,2.221,0.0,0.0,,34.39,CHARGING,0.0,0.982,0.0,100.0,5.37
2026-06-19T08:00:00,8,4,6,False,39.32,68.71,4.2,0.327,0.196,342.93,2.924,4.162,10.544,4.225,0.572,1.889,1.797,2.063,0.0,0.0,,25.29,DISCHARGING,3.458,0.0,32.8,67.2,5.811
2026-06-19T09:00:00,9,4,6,False,39.76,69.84,5.84,0.327,0.196,484.98,4.106,5.159,14.442,4.032,5.992,1.934,2.037,0.448,0.0,0.0,,20.0,DISCHARGING,5.177,0.0,35.85,64.15,7.597
2026-06-19T10:00:00,10,4,6,False,42.95,67.19,3.37,0.327,0.196,593.98,4.955,2.957,21.248,3.706,6.17,1.74,2.281,0.352,7.0,0.0,,20.0,HOLD,13.336,0.0,62.76,37.24,6.488
2026-06-19T11:00:00,11,4,6,False,45.69,69.84,3.12,0.327,0.196,662.5,5.426,2.771,21.897,4.147,5.861,2.1,2.36,0.429,7.0,0.0,,20.0,HOLD,13.7,0.0,62.57,37.43,6.722
2026-06-19T12:00:00,12,4,6,False,45.38,76.12,3.53,0.327,0.196,685.87,5.583,3.175,23.671,3.801,6.198,2.05,2.734,1.888,7.0,0.0,,20.0,HOLD,14.913,0.0,63.0,37.0,7.182
2026-06-19T13:00:00,13,4,6,False,44.88,72.34,1.5,0.327,0.196,662.5,5.802,0.958,23.461,4.117,5.852,1.819,2.783,1.891,7.0,0.0,,20.0,HOLD,16.701,0.0,71.19,28.81,5.543
2026-06-19T14:00:00,14,4,6,False,40.76,67.91,3.38,0.327,0.196,593.98,5.047,3.073,15.68,3.965,6.289,1.997,3.048,0.38,0.0,0.0,,20.0,HOLD,7.56,0.0,48.21,51.79,6.658
2026-06-19T15:00:00,15,4,6,False,41.14,56.65,0.46,0.327,0.196,484.98,4.062,0.162,14.723,3.743,5.99,2.005,2.677,0.308,0.0,0.0,,20.0,HOLD,10.499,0.0,71.31,28.69,3.464
2026-06-19T16:00:00,16,4,6,False,40.61,60.77,1.58,0.327,0.196,342.93,2.903,1.093,15.401,4.155,5.971,1.953,2.874,0.447,0.0,0.0,,20.0,HOLD,11.405,0.0,74.05,25.95,3.277
2026-06-19T17:00:00,17,4,6,False,38.36,67.2,1.57,0.327,0.196,177.52,1.537,0.995,15.494,4.157,6.261,1.92,2.602,0.554,0.0,0.0,,20.0,HOLD,12.962,0.0,83.66,16.34,2.076
2026-06-19T18:00:00,18,4,6,False,36.38,62.97,0.0,0.327,0.196,0.0,0.0,0.0,16.833,3.898,6.42,1.895,2.599,2.021,0.0,0.0,,20.0,HOLD,16.833,0.0,100.0,0.0,0.0
2026-06-19T19:00:00,19,4,6,False,34.52,71.1,1.47,0.327,0.196,0.0,0.0,0.936,16.596,3.948,6.019,2.011,2.541,2.077,0.0,0.0,,20.0,HOLD,15.66,0.0,94.36,5.64,0.768
2026-06-19T20:00:00,20,4,6,False,32.83,62.5,1.3,0.327,0.196,0.0,0.0,0.741,10.868,1.239,6.662,0.148,2.313,0.507,0.0,0.0,,20.0,HOLD,10.127,0.0,93.18,6.82,0.608
2026-06-19T21:00:00,21,4,6,False,30.49,64.65,3.46,0.327,0.196,0.0,0.0,3.133,4.613,1.13,0.675,0.285,1.998,0.526,0.0,0.0,,20.0,HOLD,1.48,0.0,32.08,67.92,2.569
2026-06-19T22:00:00,22,4,6,False,28.93,80.06,1.73,0.327,0.196,0.0,0.0,1.07,3.648,1.061,0.317,0.294,1.564,0.413,0.0,0.0,,20.0,HOLD,2.578,0.0,70.67,29.33,0.877
2026-06-19T23:00:00,23,4,6,False,28.18,62.31,3.07,0.327,0.196,0.0,0.0,2.709,3.831,1.32,0.7,0.119,1.366,0.326,0.0,0.0,,20.0,HOLD,1.122,0.0,29.29,70.71,2.221
2026-06-20T00:00:00,0,5,6,True,27.22,69.83,2.24,0.166,0.1,0.0,0.0,1.742,3.15,0.249,1.144,0.029,1.389,0.338,0.0,0.0,,20.0,HOLD,1.408,0.0,44.7,55.3,1.428
2026-06-20T01:00:00,1,5,6,True,27.0,61.83,2.66,0.166,0.1,0.0,0.0,2.197,2.659,0.01,0.444,0.251,1.59,0.363,0.0,0.0,,20.0,HOLD,0.462,0.0,17.37,82.63,1.802
2026-06-20T02:00:00,2,5,6,True,32.25,54.01,4.19,0.166,0.1,0.0,0.0,4.111,2.677,0.003,0.263,0.153,1.802,0.455,0.0,0.0,,23.41,CHARGING,0.0,1.434,0.0,100.0,3.371
2026-06-20T03:00:00,3,5,6,True,31.43,58.33,3.67,0.166,0.1,0.0,0.0,3.532,1.862,-0.371,0.246,0.201,1.468,0.319,0.0,0.0,,27.37,CHARGING,0.0,1.67,0.0,100.0,2.896
2026-06-20T04:00:00,4,5,6,True,31.19,63.78,4.59,0.166,0.1,0.0,0.0,5.026,2.296,-0.059,0.163,0.244,1.592,0.357,0.0,0.0,,33.86,CHARGING,0.0,2.73,0.0,100.0,4.121
2026-06-20T05:00:00,5,5,6,True,35.12,69.78,5.72,0.166,0.1,0.0,0.0,4.913,2.15,0.003,0.303,0.19,1.403,0.251,0.0,0.0,,40.42,CHARGING,0.0,2.763,0.0,100.0,4.029
2026-06-20T06:00:00,6,5,6,True,36.14,63.75,4.39,0.166,0.1,0.0,0.0,4.482,2.306,0.047,0.345,0.258,1.228,0.428,0.0,0.0,,45.59,CHARGING,0.0,2.176,0.0,100.0,3.675
2026-06-20T07:00:00,7,5,6,True,38.8,56.89,4.07,0.166,0.1,211.14,1.852,4.013,3.369,-0.209,0.288,0.191,1.129,1.97,0.0,0.0,,51.51,CHARGING,0.0,2.496,0.0,100.0,4.809
2026-06-20T08:00:00,8,5,6,True,41.84,56.36,4.09,0.166,0.1,407.89,3.488,4.181,5.353,-0.124,-0.175,1.926,1.61,2.117,0.0,0.0,,57.01,CHARGING,0.0,2.316,0.0,100.0,6.289
2026-06-20T09:00:00,9,5,6,True,40.1,66.7,4.35,0.166,0.1,576.84,4.646,4.634,7.456,-0.236,3.1,2.025,2.113,0.455,0.0,0.0,,61.35,CHARGING,0.0,1.824,0.0,100.0,7.61
2026-06-20T10:00:00,10,5,6,True,39.36,64.02,3.37,0.166,0.1,706.48,5.97,3.144,14.646,0.158,3.183,1.979,1.973,0.354,7.0,0.0,,46.79,DISCHARGING,5.532,0.0,37.77,62.23,7.473
2026-06-20T11:00:00,11,5,6,True,44.35,66.48,2.65,0.166,0.1,787.98,6.662,2.164,13.821,-0.613,2.617,2.189,2.427,0.202,7.0,0.0,,33.64,DISCHARGING,4.995,0.0,36.14,63.86,7.237
2026-06-20T12:00:00,12,5,6,True,45.85,68.85,3.01,0.166,0.1,815.78,6.767,2.658,17.216,0.073,3.209,2.228,2.864,1.842,7.0,0.0,,20.0,DISCHARGING,7.791,0.0,45.25,54.75,7.728
2026-06-20T13:00:00,13,5,6,True,44.4,69.34,3.4,0.166,0.1,787.98,6.486,3.245,17.649,0.186,3.772,1.925,2.797,1.969,7.0,0.0,,20.0,HOLD,7.918,0.0,44.86,55.14,7.979
2026-06-20T14:00:00,14,5,6,True,42.19,49.51,1.29,0.166,0.1,706.48,5.87,0.768,9.071,-0.099,3.581,2.001,3.162,0.426,0.0,0.0,,20.0,HOLD,2.433,0.0,26.82,73.18,5.443
2026-06-20T15:00:00,15,5,6,True,42.9,70.17,1.81,0.166,0.1,576.84,4.825,1.266,8.735,0.073,2.914,2.04,3.335,0.373,0.0,0.0,,20.0,HOLD,2.644,0.0,30.27,69.73,4.995
2026-06-20T16:00:00,16,5,6,True,40.63,69.03,2.27,0.166,0.1,407.89,3.442,1.476,8.078,0.103,2.334,2.147,2.994,0.5,0.0,0.0,,20.0,HOLD,3.16,0.0,39.12,60.88,4.033
2026-06-20T17:00:00,17,5,6,True,36.72,64.63,0.0,0.166,0.1,211.14,1.81,0.0,9.446,0.017,3.83,2.083,3.031,0.484,0.0,0.0,,20.0,HOLD,7.636,0.0,80.84,19.16,1.484
2026-06-20T18:00:00,18,5,6,True,38.22,53.05,0.85,0.166,0.1,0.0,0.0,0.472,9.703,-0.194,2.947,1.931,2.944,2.075,0.0,0.0,,20.0,HOLD,9.231,0.0,95.14,4.86,0.387
2026-06-20T19:00:00,19,5,6,True,34.91,63.14,1.57,0.166,0.1,0.0,0.0,0.861,9.487,-0.437,3.045,2.032,2.69,2.157,0.0,0.0,,20.0,HOLD,8.626,0.0,90.92,9.08,0.706
2026-06-20T20:00:00,20,5,6,True,34.35,61.56,0.47,0.166,0.1,0.0,0.0,0.414,6.389,0.296,3.336,0.161,2.117,0.479,0.0,0.0,,20.0,HOLD,5.975,0.0,93.52,6.48,0.339
2026-06-20T21:00:00,21,5,6,True,28.69,62.75,1.4,0.166,0.1,0.0,0.0,0.788,2.441,-0.488,0.451,0.13,1.956,0.391,0.0,0.0,,20.0,HOLD,1.653,0.0,67.72,32.28,0.646
2026-06-20T22:00:00,22,5,6,True,28.66,55.66,2.63,0.166,0.1,0.0,0.0,2.204,2.144,-0.123,-0.183,0.267,1.787,0.396,0.0,0.0,,20.14,CHARGING,0.0,0.06,0.0,100.0,1.807
2026-06-20T23:00:00,23,5,6,True,25.33,55.02,3.05,0.166,0.1,0.0,0.0,2.571,1.744,-0.232,0.167,0.182,1.168,0.459,0.0,0.0,,22.11,CHARGING,0.0,0.827,0.0,100.0,2.108
2026-06-21T00:00:00,0,6,6,True,27.33,65.29,3.78,0.194,0.117,0.0,0.0,3.594,1.713,-0.329,0.387,0.165,1.144,0.346,0.0,0.0,,26.57,CHARGING,0.0,1.881,0.0,100.0,2.947
2026-06-21T01:00:00,1,6,6,True,26.92,55.37,4.78,0.194,0.117,0.0,0.0,5.111,2.244,0.271,0.077,0.137,1.592,0.167,0.0,0.0,,33.38,CHARGING,0.0,2.867,0.0,100.0,4.191
2026-06-21T02:00:00,2,6,6,True,26.28,71.64,3.78,0.194,0.117,0.0,0.0,3.678,3.381,0.227,0.932,0.142,1.497,0.582,0.0,0.0,,34.09,CHARGING,0.0,0.297,0.0,100.0,3.016
2026-06-21T03:00:00,3,6,6,True,28.06,58.8,5.24,0.194,0.117,0.0,0.0,4.976,2.077,-0.192,0.005,0.228,1.649,0.387,0.0,0.0,,40.97,CHARGING,0.0,2.899,0.0,100.0,4.08
2026-06-21T04:00:00,4,6,6,True,32.11,59.03,5.19,0.194,0.117,0.0,0.0,5.082,2.959,0.521,0.187,0.154,1.615,0.482,0.0,0.0,,46.02,CHARGING,0.0,2.123,0.0,100.0,4.167
2026-06-21T05:00:00,5,6,6,True,33.13,66.59,4.61,0.194,0.117,0.0,0.0,4.907,2.188,0.018,0.599,0.14,1.224,0.208,0.0,0.0,,52.47,CHARGING,0.0,2.719,0.0,100.0,4.024
2026-06-21T06:00:00,6,6,6,True,34.11,63.12,3.95,0.194,0.117,0.0,0.0,3.854,1.746,-0.155,0.168,0.332,0.999,0.402,0.0,0.0,,57.48,CHARGING,0.0,2.108,0.0,100.0,3.16
2026-06-21T07:00:00,7,6,6,True,37.38,65.53,4.59,0.194,0.117,205.25,1.776,4.819,3.27,0.007,-0.309,0.221,1.379,1.972,0.0,0.0,,65.38,CHARGING,0.0,3.325,0.0,100.0,5.408
2026-06-21T08:00:00,8,6,6,True,42.72,64.98,4.03,0.194,0.117,396.51,3.313,4.031,6.219,-0.023,0.332,2.085,1.825,2.0,0.0,0.0,,68.05,CHARGING,0.0,1.125,0.0,100.0,6.022
2026-06-21T09:00:00,9,6,6,True,42.88,67.72,3.85,0.194,0.117,560.75,4.614,3.89,7.577,0.442,2.963,1.781,1.868,0.523,0.0,0.0,,70.25,CHARGING,0.0,0.927,0.0,100.0,6.973
2026-06-21T10:00:00,10,6,6,True,43.76,68.93,4.2,0.194,0.117,686.77,5.773,4.424,15.431,0.184,3.457,2.036,2.386,0.369,7.0,0.0,,56.48,DISCHARGING,5.234,0.0,33.92,66.08,8.362
2026-06-21T11:00:00,11,6,6,True,42.83,64.97,4.88,0.194,0.117,766.0,6.505,5.012,14.85,-0.117,3.003,2.144,2.592,0.229,7.0,0.0,,47.71,DISCHARGING,3.333,0.0,22.44,77.56,9.444
2026-06-21T12:00:00,12,6,6,True,43.68,62.82,4.43,0.194,0.117,793.02,6.366,4.845,16.905,0.136,2.979,1.963,2.881,1.946,7.0,0.0,,32.72,DISCHARGING,5.694,0.0,33.68,66.32,9.193
2026-06-21T13:00:00,13,6,6,True,45.45,65.11,2.92,0.194,0.117,766.0,6.348,2.472,16.816,0.209,2.74,1.838,2.966,2.063,7.0,0.0,,20.0,DISCHARGING,7.996,0.0,47.55,52.45,7.232
2026-06-21T14:00:00,14,6,6,True,43.65,62.29,2.33,0.194,0.117,686.77,5.81,1.769,8.169,-0.097,2.906,2.202,2.708,0.45,0.0,0.0,,20.0,HOLD,0.59,0.0,7.22,92.78,6.215
2026-06-21T15:00:00,15,6,6,True,39.14,61.72,1.5,0.194,0.117,560.75,4.563,0.957,8.142,-0.076,2.37,2.084,3.215,0.549,0.0,0.0,,20.0,HOLD,2.622,0.0,32.2,67.8,4.526
2026-06-21T16:00:00,16,6,6,True,40.54,70.53,1.3,0.194,0.117,396.51,3.459,0.859,8.06,-0.188,3.06,2.044,2.697,0.447,0.0,0.0,,20.0,HOLD,3.742,0.0,46.43,53.57,3.541
2026-06-21T17:00:00,17,6,6,True,41.48,71.26,1.58,0.194,0.117,205.25,1.732,0.986,8.336,0.076,2.755,1.904,3.063,0.537,0.0,0.0,,20.0,HOLD,5.618,0.0,67.39,32.61,2.229
2026-06-21T18:00:00,18,6,6,True,34.51,63.45,1.77,0.194,0.117,0.0,0.0,1.228,10.192,0.199,3.025,2.141,2.765,2.062,0.0,0.0,,20.0,HOLD,8.964,0.0,87.95,12.05,1.007
2026-06-21T19:00:00,19,6,6,True,32.68,66.24,2.8,0.194,0.117,0.0,0.0,2.176,9.561,-0.165,3.371,2.029,2.222,2.104,0.0,0.0,,20.0,HOLD,7.385,0.0,77.24,22.76,1.784
2026-06-21T20:00:00,20,6,6,True,31.18,63.45,2.4,0.194,0.117,0.0,0.0,1.973,5.344,-0.179,2.702,0.18,2.374,0.267,0.0,0.0,,20.0,HOLD,3.371,0.0,63.08,36.92,1.618
2026-06-21T21:00:00,21,6,6,True,27.84,60.87,2.24,0.194,0.117,0.0,0.0,1.496,2.855,-0.136,0.298,0.293,1.834,0.566,0.0,0.0,,20.0,HOLD,1.359,0.0,47.6,52.4,1.227
2026-06-21T22:00:00,22,6,6,True,28.04,71.57,1.45,0.194,0.117,0.0,0.0,0.821,2.913,-0.031,0.706,0.347,1.496,0.396,0.0,0.0,,20.0,HOLD,2.092,0.0,71.82,28.18,0.673
2026-06-21T23:00:00,23,6,6,True,28.41,63.61,1.69,0.194,0.117,0.0,0.0,1.216,2.327,0.241,0.201,0.179,1.364,0.341,0.0,0.0,,20.0,HOLD,1.111,0.0,47.74,52.26,0.997
2026-06-22T00:00:00,0,0,6,False,28.88,61.99,2.93,0.342,0.205,0.0,0.0,2.652,4.592,1.169,1.092,0.149,1.544,0.639,0.0,0.0,,20.0,HOLD,1.94,0.0,42.25,57.75,2.175
2026-06-22T01:00:00,1,0,6,False,26.69,73.27,2.0,0.342,0.205,0.0,0.0,1.411,3.786,1.083,0.68,0.105,1.473,0.445,0.0,0.0,,20.0,HOLD,2.375,0.0,62.73,37.27,1.157
2026-06-22T02:00:00,2,0,6,False,27.56,65.1,3.44,0.342,0.205,0.0,0.0,3.148,3.708,1.224,0.48,0.173,1.497,0.334,0.0,0.0,,20.0,HOLD,0.56,0.0,15.1,84.9,2.581
2026-06-22T03:00:00,3,0,6,False,31.38,64.52,5.56,0.342,0.205,0.0,0.0,4.976,4.273,1.273,1.07,0.251,1.234,0.445,0.0,0.0,,21.67,CHARGING,0.0,0.703,0.0,100.0,4.08
2026-06-22T04:00:00,4,0,6,False,33.85,71.82,4.55,0.342,0.205,0.0,0.0,4.712,3.379,1.228,0.073,0.176,1.693,0.209,0.0,0.0,,24.84,CHARGING,0.0,1.333,0.0,100.0,3.864
2026-06-22T05:00:00,5,0,6,False,32.01,66.52,4.11,0.342,0.205,0.0,0.0,4.3,4.227,1.391,0.749,0.215,1.559,0.314,0.0,0.0,,25.01,CHARGING,0.0,0.073,0.0,100.0,3.526
2026-06-22T06:00:00,6,0,6,False,37.29,71.02,4.11,0.342,0.205,0.0,0.0,4.188,3.133,1.165,0.72,-0.086,0.945,0.389,0.0,0.0,,27.51,CHARGING,0.0,1.055,0.0,100.0,3.434
2026-06-22T07:00:00,7,0,6,False,37.99,66.47,5.5,0.342,0.205,174.41,1.454,4.986,5.376,1.214,0.634,0.216,1.421,1.891,0.0,0.0,,30.04,CHARGING,0.0,1.064,0.0,100.0,5.281
2026-06-22T08:00:00,8,0,6,False,40.26,58.17,5.76,0.342,0.205,336.94,2.858,4.941,10.005,3.926,0.329,1.983,1.894,1.874,0.0,0.0,,24.24,DISCHARGING,2.206,0.0,22.05,77.95,6.395
2026-06-22T09:00:00,9,0,6,False,39.9,75.48,3.37,0.342,0.205,476.5,3.996,3.094,14.471,3.919,5.717,1.976,2.319,0.539,0.0,0.0,,20.0,DISCHARGING,7.381,0.0,51.01,48.99,5.814
2026-06-22T10:00:00,10,0,6,False,41.65,62.68,4.52,0.342,0.205,583.59,4.728,4.904,22.199,4.232,6.314,1.953,2.225,0.475,7.0,0.0,,20.0,HOLD,12.567,0.0,56.61,43.39,7.898
2026-06-22T11:00:00,11,0,6,False,44.31,58.74,3.2,0.342,0.205,650.91,5.418,2.974,22.094,3.76,6.192,2.033,2.621,0.487,7.0,0.0,,20.0,HOLD,13.702,0.0,62.02,37.98,6.881
2026-06-22T12:00:00,12,0,6,False,42.96,64.17,1.71,0.342,0.205,673.88,5.729,1.06,23.41,3.861,5.454,2.175,2.843,2.077,7.0,0.0,,20.0,HOLD,16.621,0.0,71.0,29.0,5.567
2026-06-22T13:00:00,13,0,6,False,45.18,65.62,2.94,0.342,0.205,650.91,5.368,2.483,24.489,4.527,6.167,1.954,2.943,1.899,7.0,0.0,,20.0,HOLD,16.638,0.0,67.94,32.06,6.438
2026-06-22T14:00:00,14,0,6,False,45.18,69.34,1.47,0.342,0.205,583.59,4.931,0.931,15.253,4.019,6.003,1.994,2.882,0.355,0.0,0.0,,20.0,HOLD,9.391,0.0,61.57,38.43,4.807
2026-06-22T15:00:00,15,0,6,False,43.88,62.91,1.5,0.342,0.205,476.5,3.924,1.028,15.699,4.135,6.168,1.974,3.086,0.336,0.0,0.0,,20.0,HOLD,10.747,0.0,68.46,31.54,4.061
2026-06-22T16:00:00,16,0,6,False,39.61,71.21,2.04,0.342,0.205,336.94,2.799,1.375,15.62,4.022,6.518,1.808,3.01,0.262,0.0,0.0,,20.0,HOLD,11.446,0.0,73.28,26.72,3.423
2026-06-22T17:00:00,17,0,6,False,37.12,64.74,0.78,0.342,0.205,174.41,1.478,0.343,15.003,3.893,5.561,2.078,2.986,0.484,0.0,0.0,,20.0,HOLD,13.182,0.0,87.86,12.14,1.493
2026-06-22T18:00:00,18,0,6,False,33.69,70.22,1.24,0.342,0.205,0.0,0.0,0.691,17.44,3.977,6.553,2.192,2.469,2.249,0.0,0.0,,20.0,HOLD,16.749,0.0,96.04,3.96,0.567
2026-06-22T19:00:00,19,0,6,False,32.56,71.69,1.85,0.342,0.205,0.0,0.0,1.31,16.864,3.978,6.166,2.023,2.688,2.008,0.0,0.0,,20.0,HOLD,15.554,0.0,92.23,7.77,1.074
2026-06-22T20:00:00,20,0,6,False,31.75,69.74,2.14,0.342,0.205,0.0,0.0,1.504,9.824,0.991,5.83,0.138,2.368,0.498,0.0,0.0,,20.0,HOLD,8.32,0.0,84.69,15.31,1.233
2026-06-22T21:00:00,21,0,6,False,30.11,73.68,2.73,0.342,0.205,0.0,0.0,2.174,4.519,1.515,0.582,0.213,1.899,0.311,0.0,0.0,,20.0,HOLD,2.345,0.0,51.89,48.11,1.783
2026-06-22T22:00:00,22,0,6,False,26.87,62.92,2.51,0.342,0.205,0.0,0.0,1.875,4.14,0.949,0.753,0.353,1.628,0.457,0.0,0.0,,20.0,HOLD,2.265,0.0,54.71,45.29,1.537
2026-06-22T23:00:00,23,0,6,False,25.51,61.47,1.94,0.342,0.205,0.0,0.0,1.363,2.681,0.751,0.203,0.146,1.14,0.44,0.0,0.0,,20.0,HOLD,1.318,0.0,49.16,50.84,1.118
2026-06-23T00:00:00,0,1,6,False,28.46,64.23,3.72,0.023,0.014,0.0,0.0,3.58,4.035,1.261,0.753,0.214,1.44,0.367,0.0,0.0,,20.0,HOLD,0.455,0.0,11.28,88.72,2.936
2026-06-23T01:00:00,1,1,6,False,27.05,60.0,3.85,0.023,0.014,0.0,0.0,3.718,3.911,0.958,0.894,0.208,1.371,0.481,0.0,0.0,,20.0,HOLD,0.193,0.0,4.93,95.07,3.049
2026-06-23T02:00:00,2,1,6,False,28.23,65.57,2.87,0.023,0.014,0.0,0.0,2.396,4.128,1.208,0.943,0.202,1.32,0.454,0.0,0.0,,20.0,HOLD,1.732,0.0,41.96,58.04,1.965
2026-06-23T03:00:00,3,1,6,False,29.62,60.46,5.92,0.023,0.014,0.0,0.0,5.036,4.883,1.589,1.073,0.383,1.347,0.491,0.0,0.0,,20.36,CHARGING,0.0,0.153,0.0,100.0,4.13
2026-06-23T04:00:00,4,1,6,False,30.92,54.1,4.91,0.023,0.014,0.0,0.0,4.932,4.114,1.38,0.84,0.228,1.297,0.369,0.0,0.0,,22.31,CHARGING,0.0,0.818,0.0,100.0,4.044
2026-06-23T05:00:00,5,1,6,False,32.81,66.36,5.63,0.023,0.014,0.0,0.0,4.924,2.829,0.652,0.07,0.342,1.44,0.325,0.0,0.0,,27.28,CHARGING,0.0,2.095,0.0,100.0,4.038
2026-06-23T06:00:00,6,1,6,False,38.46,60.59,6.01,0.023,0.014,0.0,0.0,4.987,4.094,1.245,1.08,0.242,1.009,0.517,0.0,0.0,,29.4,CHARGING,0.0,0.893,0.0,100.0,4.089
2026-06-23T07:00:00,7,1,6,False,36.32,58.99,5.54,0.023,0.014,241.0,1.967,4.787,5.455,0.996,0.759,0.211,1.292,2.195,0.0,0.0,,32.49,CHARGING,0.0,1.299,0.0,100.0,5.538
2026-06-23T08:00:00,8,1,6,False,38.1,61.99,4.71,0.023,0.014,465.58,3.912,5.003,10.555,3.68,1.023,1.932,1.923,1.997,0.0,0.0,,28.17,DISCHARGING,1.64,0.0,15.54,84.46,7.31
2026-06-23T09:00:00,9,1,6,False,43.2,60.31,4.37,0.023,0.014,658.43,5.43,4.582,14.304,4.064,5.765,1.987,1.858,0.63,0.0,0.0,,20.0,DISCHARGING,4.292,0.0,30.01,69.99,8.21
2026-06-23T10:00:00,10,1,6,False,42.79,59.49,5.24,0.023,0.014,806.41,6.776,4.868,21.954,3.911,6.063,2.159,2.283,0.538,7.0,0.0,,20.0,HOLD,10.31,0.0,46.96,53.04,9.548
2026-06-23T11:00:00,11,1,6,False,44.69,60.17,4.82,0.023,0.014,899.44,7.814,4.951,21.715,3.847,5.637,2.233,2.632,0.367,7.0,0.0,,20.0,HOLD,8.95,0.0,41.22,58.78,10.467
2026-06-23T12:00:00,12,1,6,False,45.87,70.3,3.55,0.023,0.014,931.16,7.443,3.318,23.173,3.907,5.408,2.106,2.678,2.074,7.0,0.0,,20.0,HOLD,12.412,0.0,53.56,46.44,8.824
2026-06-23T13:00:00,13,1,6,False,47.27,58.36,2.2,0.023,0.014,899.44,7.391,1.73,23.529,3.887,5.811,2.106,2.93,1.796,7.0,0.0,,20.0,HOLD,14.408,0.0,61.24,38.76,7.479
2026-06-23T14:00:00,14,1,6,False,41.09,62.48,3.2,0.023,0.014,806.41,6.687,2.846,15.357,4.003,6.221,1.864,2.842,0.427,0.0,0.0,,20.0,HOLD,5.824,0.0,37.92,62.08,7.817
2026-06-23T15:00:00,15,1,6,False,41.51,54.32,2.04,0.023,0.014,658.43,5.574,1.57,15.397,4.097,6.042,1.99,2.875,0.393,0.0,0.0,,20.0,HOLD,8.253,0.0,53.6,46.4,5.858
2026-06-23T16:00:00,16,1,6,False,41.89,56.02,1.17,0.023,0.014,465.58,3.869,0.655,15.767,3.925,6.146,2.052,3.101,0.542,0.0,0.0,,20.0,HOLD,11.243,0.0,71.31,28.69,3.71
2026-06-23T17:00:00,17,1,6,False,39.56,55.95,0.32,0.023,0.014,241.0,2.04,0.046,14.733,3.772,5.867,1.953,2.773,0.368,0.0,0.0,,20.0,HOLD,12.647,0.0,85.84,14.16,1.711
2026-06-23T18:00:00,18,1,6,False,37.77,72.83,1.16,0.023,0.014,0.0,0.0,0.595,17.067,4.001,6.077,2.044,3.03,1.915,0.0,0.0,,20.0,HOLD,16.472,0.0,96.51,3.49,0.488
2026-06-23T19:00:00,19,1,6,False,35.22,52.61,1.23,0.023,0.014,0.0,0.0,0.812,16.078,3.829,5.997,1.827,2.32,2.105,0.0,0.0,,20.0,HOLD,15.266,0.0,94.95,5.05,0.666
2026-06-23T20:00:00,20,1,6,False,31.3,61.61,0.38,0.023,0.014,0.0,0.0,0.07,9.879,1.348,5.651,0.109,2.273,0.497,0.0,0.0,,20.0,HOLD,9.809,0.0,99.29,0.71,0.057
2026-06-23T21:00:00,21,1,6,False,32.2,65.15,1.05,0.023,0.014,0.0,0.0,0.723,4.817,0.973,0.999,0.134,2.252,0.459,0.0,0.0,,20.0,HOLD,4.094,0.0,84.99,15.01,0.593
2026-06-23T22:00:00,22,1,6,False,27.55,64.37,1.58,0.023,0.014,0.0,0.0,0.988,3.993,1.209,0.828,0.213,1.424,0.319,0.0,0.0,,20.0,HOLD,3.005,0.0,75.26,24.74,0.81
2026-06-23T23:00:00,23,1,6,False,28.63,68.55,3.45,0.023,0.014,0.0,0.0,3.239,3.351,1.35,0.4,0.185,1.141,0.275,0.0,0.0,,20.0,HOLD,0.112,0.0,3.34,96.66,2.656
2026-06-24T00:00:00,0,2,6,False,28.5,69.13,3.15,0.285,0.171,0.0,0.0,2.817,3.968,1.311,0.587,0.241,1.391,0.437,0.0,0.0,,20.0,HOLD,1.151,0.0,29.01,70.99,2.31
2026-06-24T01:00:00,1,2,6,False,29.28,65.95,2.98,0.285,0.171,0.0,0.0,2.522,4.439,0.975,0.98,0.307,1.581,0.597,0.0,0.0,,20.0,HOLD,1.917,0.0,43.19,56.81,2.068
2026-06-24T02:00:00,2,2,6,False,28.79,64.56,6.43,0.285,0.171,0.0,0.0,4.96,4.504,1.274,0.851,0.189,1.767,0.424,0.0,0.0,,21.08,CHARGING,0.0,0.456,0.0,100.0,4.067
2026-06-24T03:00:00,3,2,6,False,30.75,67.79,3.69,0.285,0.171,0.0,0.0,3.479,4.232,1.045,1.402,0.174,1.281,0.33,0.0,0.0,,20.0,DISCHARGING,0.753,0.0,17.79,82.21,2.853
2026-06-24T04:00:00,4,2,6,False,31.92,68.47,5.17,0.285,0.171,0.0,0.0,4.936,3.387,1.268,0.337,0.138,1.362,0.281,0.0,0.0,,23.68,CHARGING,0.0,1.549,0.0,100.0,4.048
2026-06-24T05:00:00,5,2,6,False,35.53,70.58,5.48,0.285,0.171,0.0,0.0,5.078,3.956,0.848,0.859,0.218,1.594,0.438,0.0,0.0,,26.34,CHARGING,0.0,1.122,0.0,100.0,4.164
2026-06-24T06:00:00,6,2,6,False,34.52,62.13,3.8,0.285,0.171,0.0,0.0,3.775,2.47,0.926,0.306,0.128,0.846,0.264,0.0,0.0,,29.44,CHARGING,0.0,1.305,0.0,100.0,3.096
2026-06-24T07:00:00,7,2,6,False,35.94,66.13,4.27,0.285,0.171,186.36,1.566,4.407,5.177,1.412,0.209,0.179,1.418,1.958,0.0,0.0,,31.33,CHARGING,0.0,0.796,0.0,100.0,4.898
2026-06-24T08:00:00,8,2,6,False,39.14,64.16,5.66,0.285,0.171,360.03,3.125,5.043,10.424,3.931,0.744,2.032,1.771,1.945,0.0,0.0,,25.4,DISCHARGING,2.256,0.0,21.64,78.36,6.698
2026-06-24T09:00:00,9,2,6,False,41.72,69.22,4.37,0.285,0.171,509.15,4.188,4.662,14.604,4.093,5.605,2.121,2.285,0.5,0.0,0.0,,20.0,DISCHARGING,5.754,0.0,39.4,60.6,7.257
2026-06-24T10:00:00,10,2,6,False,45.07,57.39,4.07,0.285,0.171,623.58,4.971,4.128,21.198,3.882,5.726,1.994,2.342,0.255,7.0,0.0,,20.0,HOLD,12.099,0.0,57.08,42.92,7.461
2026-06-24T11:00:00,11,2,6,False,43.05,60.32,4.73,0.285,0.171,695.52,5.909,4.952,22.442,4.109,6.329,2.074,2.645,0.285,7.0,0.0,,20.0,HOLD,11.581,0.0,51.6,48.4,8.906
2026-06-24T12:00:00,12,2,6,False,45.67,66.99,2.32,0.285,0.171,720.05,5.975,1.813,23.547,4.067,5.747,1.865,2.85,2.019,7.0,0.0,,20.0,HOLD,15.759,0.0,66.93,33.07,6.386
2026-06-24T13:00:00,13,2,6,False,45.45,58.67,2.45,0.285,0.171,695.52,5.859,1.876,23.747,4.068,5.806,2.164,2.742,1.966,7.0,0.0,,20.0,HOLD,16.012,0.0,67.43,32.57,6.343
2026-06-24T14:00:00,14,2,6,False,43.09,67.35,1.13,0.285,0.171,623.58,5.374,0.549,14.49,4.079,5.175,1.996,2.921,0.318,0.0,0.0,,20.0,HOLD,8.567,0.0,59.12,40.88,4.857
2026-06-24T15:00:00,15,2,6,False,43.28,64.81,1.32,0.285,0.171,509.15,4.215,0.571,15.096,3.774,6.288,1.789,2.885,0.36,0.0,0.0,,20.0,HOLD,10.31,0.0,68.3,31.7,3.925
2026-06-24T16:00:00,16,2,6,False,42.62,62.91,1.88,0.285,0.171,360.03,3.091,1.218,15.106,4.202,5.592,2.107,2.907,0.297,0.0,0.0,,20.0,HOLD,10.797,0.0,71.47,28.53,3.533
2026-06-24T17:00:00,17,2,6,False,37.74,63.22,1.29,0.285,0.171,186.36,1.609,0.674,15.473,4.124,6.133,1.994,2.807,0.415,0.0,0.0,,20.0,HOLD,13.19,0.0,85.25,14.75,1.872
2026-06-24T18:00:00,18,2,6,False,36.83,70.39,2.65,0.285,0.171,0.0,0.0,2.465,16.842,4.103,6.145,2.07,2.567,1.956,0.0,0.0,,20.0,HOLD,14.377,0.0,85.36,14.64,2.021
2026-06-24T19:00:00,19,2,6,False,33.17,64.82,1.59,0.285,0.171,0.0,0.0,1.108,16.813,4.173,5.951,1.933,2.679,2.077,0.0,0.0,,20.0,HOLD,15.705,0.0,93.41,6.59,0.909
2026-06-24T20:00:00,20,2,6,False,29.59,66.52,1.02,0.285,0.171,0.0,0.0,0.604,10.161,1.257,6.176,0.206,2.149,0.374,0.0,0.0,,20.0,HOLD,9.557,0.0,94.06,5.94,0.495
2026-06-24T21:00:00,21,2,6,False,30.37,56.27,1.56,0.285,0.171,0.0,0.0,0.978,3.944,1.144,0.526,0.249,1.788,0.237,0.0,0.0,,20.0,HOLD,2.966,0.0,75.2,24.8,0.802
2026-06-24T22:00:00,22,2,6,False,28.55,74.13,2.61,0.285,0.171,0.0,0.0,1.963,4.056,1.154,0.677,0.218,1.699,0.308,0.0,0.0,,20.0,HOLD,2.093,0.0,51.6,48.4,1.61
2026-06-24T23:00:00,23,2,6,False,28.37,69.82,2.82,0.285,0.171,0.0,0.0,2.332,2.749,0.659,0.414,0.148,1.112,0.417,0.0,0.0,,20.0,HOLD,0.417,0.0,15.17,84.83,1.912
2026-06-25T00:00:00,0,3,6,False,27.92,62.78,1.19,0.085,0.051,0.0,0.0,0.7,3.682,0.944,0.609,0.172,1.545,0.412,0.0,0.0,,20.0,HOLD,2.982,0.0,80.99,19.01,0.574
2026-06-25T01:00:00,1,3,6,False,27.89,54.32,2.29,0.085,0.051,0.0,0.0,1.73,3.765,1.078,0.788,0.172,1.355,0.372,0.0,0.0,,20.0,HOLD,2.035,0.0,54.05,45.95,1.419
2026-06-25T02:00:00,2,3,6,False,29.41,71.09,4.26,0.085,0.051,0.0,0.0,4.389,3.645,1.285,0.593,0.15,1.268,0.349,0.0,0.0,,21.77,CHARGING,0.0,0.744,0.0,100.0,3.599
2026-06-25T03:00:00,3,3,6,False,28.73,57.72,3.03,0.085,0.051,0.0,0.0,2.699,3.395,1.32,0.329,0.174,1.221,0.351,0.0,0.0,,20.0,DISCHARGING,0.696,0.0,20.5,79.5,2.213
2026-06-25T04:00:00,4,3,6,False,32.6,58.14,5.39,0.085,0.051,0.0,0.0,4.848,4.1,0.95,0.813,0.367,1.574,0.396,0.0,0.0,,21.78,CHARGING,0.0,0.748,0.0,100.0,3.975
2026-06-25T05:00:00,5,3,6,False,30.64,62.35,3.31,0.085,0.051,0.0,0.0,2.906,4.185,1.213,0.635,0.294,1.52,0.523,0.0,0.0,,20.0,DISCHARGING,1.279,0.0,30.56,69.44,2.383
2026-06-25T06:00:00,6,3,6,False,36.01,67.02,4.91,0.085,0.051,0.0,0.0,5.281,3.903,1.275,0.714,0.253,1.182,0.479,0.0,0.0,,23.27,CHARGING,0.0,1.378,0.0,100.0,4.33
2026-06-25T07:00:00,7,3,6,False,35.66,60.0,6.05,0.085,0.051,228.09,1.969,4.872,5.334,1.305,0.405,0.21,1.222,2.193,0.0,0.0,,26.85,CHARGING,0.0,1.507,0.0,100.0,5.61
2026-06-25T08:00:00,8,3,6,False,42.97,62.02,4.77,0.085,0.051,440.64,3.653,5.111,10.039,3.934,0.474,2.098,1.537,1.996,0.0,0.0,,23.5,DISCHARGING,1.275,0.0,12.7,87.3,7.186
2026-06-25T09:00:00,9,3,6,False,39.28,71.41,4.98,0.085,0.051,623.16,5.364,5.146,14.2,3.831,6.071,1.906,1.916,0.477,0.0,0.0,,20.0,DISCHARGING,3.69,0.0,25.99,74.01,8.618
2026-06-25T10:00:00,10,3,6,False,43.08,55.13,2.87,0.085,0.051,763.22,6.196,2.48,22.589,4.413,6.409,1.81,2.463,0.494,7.0,0.0,,20.0,HOLD,13.913,0.0,61.59,38.41,7.114
2026-06-25T11:00:00,11,3,6,False,41.41,67.18,3.28,0.085,0.051,851.26,7.237,2.833,21.54,4.122,5.359,1.978,2.679,0.402,7.0,0.0,,20.0,HOLD,11.47,0.0,53.25,46.75,8.257
2026-06-25T12:00:00,12,3,6,False,43.25,66.58,3.71,0.085,0.051,881.29,7.545,3.663,24.171,4.216,6.22,2.027,2.732,1.976,7.0,0.0,,20.0,HOLD,12.963,0.0,53.63,46.37,9.191
2026-06-25T13:00:00,13,3,6,False,41.91,60.29,1.72,0.085,0.051,851.26,7.178,1.27,24.299,3.992,6.301,2.108,2.839,2.059,7.0,0.0,,20.0,HOLD,15.851,0.0,65.23,34.77,6.927
2026-06-25T14:00:00,14,3,6,False,42.56,64.88,3.06,0.085,0.051,763.22,6.234,2.69,15.666,4.33,5.946,2.045,3.05,0.296,0.0,0.0,,20.0,HOLD,6.742,0.0,43.04,56.96,7.318
2026-06-25T15:00:00,15,3,6,False,42.42,58.57,0.47,0.085,0.051,623.16,5.33,0.197,15.535,3.939,6.134,1.994,3.002,0.466,0.0,0.0,,20.0,HOLD,10.008,0.0,64.42,35.58,4.532
2026-06-25T16:00:00,16,3,6,False,38.91,60.14,1.3,0.085,0.051,440.64,3.626,0.649,15.423,4.314,6.115,1.868,2.737,0.389,0.0,0.0,,20.0,HOLD,11.148,0.0,72.28,27.72,3.506
2026-06-25T17:00:00,17,3,6,False,40.41,68.24,0.92,0.085,0.051,228.09,1.94,0.487,15.302,3.733,6.281,1.967,3.003,0.319,0.0,0.0,,20.0,HOLD,12.875,0.0,84.14,15.86,1.99
2026-06-25T18:00:00,18,3,6,False,36.27,60.93,1.28,0.085,0.051,0.0,0.0,0.699,17.118,3.87,6.482,2.105,2.605,2.057,0.0,0.0,,20.0,HOLD,16.419,0.0,95.92,4.08,0.573
2026-06-25T19:00:00,19,3,6,False,32.82,66.87,0.12,0.085,0.051,0.0,0.0,0.114,16.44,3.949,5.937,2.041,2.596,1.917,0.0,0.0,,20.0,HOLD,16.326,0.0,99.31,0.69,0.093
2026-06-25T20:00:00,20,3,6,False,33.08,55.42,1.36,0.085,0.051,0.0,0.0,0.93,10.64,1.535,6.215,0.081,2.323,0.485,0.0,0.0,,20.0,HOLD,9.71,0.0,91.26,8.74,0.763
2026-06-25T21:00:00,21,3,6,False,31.43,63.52,2.21,0.085,0.051,0.0,0.0,1.586,4.041,0.82,0.702,0.219,2.034,0.266,0.0,0.0,,20.0,HOLD,2.455,0.0,60.75,39.25,1.301
2026-06-25T22:00:00,22,3,6,False,30.04,62.09,3.64,0.085,0.051,0.0,0.0,3.508,3.963,1.606,0.293,0.22,1.498,0.345,0.0,0.0,,20.0,HOLD,0.455,0.0,11.48,88.52,2.877
2026-06-25T23:00:00,23,3,6,False,28.2,70.71,3.56,0.085,0.051,0.0,0.0,3.321,3.851,1.699,0.472,0.143,0.998,0.54,0.0,0.0,,20.0,HOLD,0.53,0.0,13.76,86.24,2.723
2026-06-26T00:00:00,0,4,6,False,29.45,57.61,4.93,0.228,0.137,0.0,0.0,5.007,3.828,1.361,0.106,0.347,1.618,0.396,0.0,0.0,,22.8,CHARGING,0.0,1.179,0.0,100.0,4.106
2026-06-26T01:00:00,1,4,6,False,29.24,61.66,2.91,0.228,0.137,0.0,0.0,2.291,4.385,1.372,0.957,0.13,1.552,0.373,0.0,0.0,,20.0,DISCHARGING,2.094,0.0,47.75,52.25,1.879
2026-06-26T02:00:00,2,4,6,False,29.56,60.14,3.5,0.228,0.137,0.0,0.0,3.265,4.473,1.604,0.614,0.107,1.684,0.463,0.0,0.0,,20.0,HOLD,1.208,0.0,27.01,72.99,2.677
2026-06-26T03:00:00,3,4,6,False,31.43,61.29,5.37,0.228,0.137,0.0,0.0,4.983,3.597,0.942,0.521,0.334,1.536,0.265,0.0,0.0,,23.29,CHARGING,0.0,1.386,0.0,100.0,4.086
2026-06-26T04:00:00,4,4,6,False,29.67,64.1,6.06,0.228,0.137,0.0,0.0,4.973,4.202,0.905,1.027,0.161,1.705,0.405,0.0,0.0,,25.12,CHARGING,0.0,0.771,0.0,100.0,4.078
2026-06-26T05:00:00,5,4,6,False,36.07,68.82,5.14,0.228,0.137,0.0,0.0,5.062,3.956,1.27,0.53,0.392,1.364,0.4,0.0,0.0,,27.75,CHARGING,0.0,1.106,0.0,100.0,4.151
2026-06-26T06:00:00,6,4,6,False,36.02,62.41,5.32,0.228,0.137,0.0,0.0,4.983,2.63,0.884,0.603,0.09,0.64,0.414,0.0,0.0,,33.34,CHARGING,0.0,2.353,0.0,100.0,4.086
2026-06-26T07:00:00,7,4,6,False,38.8,67.39,5.35,0.228,0.137,198.27,1.621,4.864,5.311,1.595,0.286,0.261,1.162,2.008,0.0,0.0,,36.13,CHARGING,0.0,1.174,0.0,100.0,5.318
2026-06-26T08:00:00,8,4,6,False,39.05,65.24,5.18,0.228,0.137,383.03,3.224,4.895,10.48,4.054,0.236,2.043,2.012,2.135,0.0,0.0,,29.91,DISCHARGING,2.361,0.0,22.53,77.47,6.658
2026-06-26T09:00:00,9,4,6,False,42.73,54.86,4.35,0.228,0.137,541.69,4.41,4.658,13.684,3.842,5.79,1.983,1.791,0.277,0.0,0.0,,20.0,DISCHARGING,4.616,0.0,33.73,66.27,7.436
2026-06-26T10:00:00,10,4,6,False,42.85,60.85,3.29,0.228,0.137,663.43,5.458,3.032,21.56,3.954,5.946,2.06,2.229,0.372,7.0,0.0,,20.0,HOLD,13.07,0.0,60.62,39.38,6.962
2026-06-26T11:00:00,11,4,6,False,44.43,63.82,4.05,0.228,0.137,739.96,6.152,4.0,22.108,3.828,6.231,2.044,2.577,0.428,7.0,0.0,,20.0,HOLD,11.956,0.0,54.08,45.92,8.325
2026-06-26T12:00:00,12,4,6,False,44.07,69.23,3.56,0.228,0.137,766.07,6.485,3.344,24.195,4.277,6.069,2.063,2.761,2.025,7.0,0.0,,20.0,HOLD,14.366,0.0,59.38,40.62,8.06
2026-06-26T13:00:00,13,4,6,False,42.62,78.78,3.04,0.228,0.137,739.96,6.144,2.662,23.644,3.911,5.854,2.154,2.772,1.953,7.0,0.0,,20.0,HOLD,14.838,0.0,62.76,37.24,7.221
2026-06-26T14:00:00,14,4,6,False,40.55,56.01,1.39,0.228,0.137,663.43,5.67,1.103,14.906,3.927,5.5,2.09,2.859,0.53,0.0,0.0,,20.0,HOLD,8.133,0.0,54.56,45.44,5.554
2026-06-26T15:00:00,15,4,6,False,41.23,63.67,1.08,0.228,0.137,541.69,4.628,0.539,37.271,3.901,14.851,1.873,3.06,0.221,0.0,0.87,LOAD_SPIKE,20.0,HOLD,32.104,0.0,86.14,13.86,4.237
2026-06-26T16:00:00,16,4,6,False,39.33,66.07,1.88,0.228,0.137,383.03,3.288,1.278,16.138,4.234,6.277,2.045,3.107,0.475,0.0,0.0,,20.0,HOLD,11.572,0.0,71.71,28.29,3.744
2026-06-26T17:00:00,17,4,6,False,37.41,66.66,0.0,0.228,0.137,198.27,1.714,0.109,14.661,3.813,5.728,2.046,2.863,0.211,0.0,0.0,,20.0,HOLD,12.838,0.0,87.57,12.43,1.495
2026-06-26T18:00:00,18,4,6,False,36.56,59.83,0.0,0.228,0.137,0.0,0.0,0.182,16.599,3.757,5.901,2.004,2.986,1.951,0.0,0.0,,20.0,HOLD,16.417,0.0,98.9,1.1,0.149
2026-06-26T19:00:00,19,4,6,False,33.21,62.68,2.31,0.228,0.137,0.0,0.0,1.604,15.992,3.966,5.502,1.894,2.635,1.995,0.0,0.0,,20.0,HOLD,14.388,0.0,89.97,10.03,1.315
2026-06-26T20:00:00,20,4,6,False,31.52,63.45,0.67,0.228,0.137,0.0,0.0,0.372,9.317,0.675,5.75,0.216,2.235,0.44,0.0,0.0,,20.0,HOLD,8.945,0.0,96.01,3.99,0.305
2026-06-26T21:00:00,21,4,6,False,30.74,61.92,1.34,0.228,0.137,0.0,0.0,0.892,4.407,1.054,0.581,0.218,2.184,0.37,0.0,0.0,,20.0,HOLD,3.515,0.0,79.76,20.24,0.731
2026-06-26T22:00:00,22,4,6,False,30.51,64.24,2.99,0.228,0.137,0.0,0.0,2.546,4.169,1.149,0.856,0.223,1.654,0.287,0.0,0.0,,20.0,HOLD,1.623,0.0,38.93,61.07,2.088
2026-06-26T23:00:00,23,4,6,False,26.82,63.67,4.2,0.228,0.137,0.0,0.0,4.442,3.816,1.256,0.773,0.186,1.217,0.383,0.0,0.0,,21.49,CHARGING,0.0,0.626,0.0,100.0,3.642
2026-06-27T00:00:00,0,5,6,True,25.93,66.56,2.93,0.254,0.152,0.0,0.0,2.516,2.228,-0.467,0.272,0.474,1.63,0.319,0.0,0.0,,22.17,CHARGING,0.0,0.288,0.0,100.0,2.063
2026-06-27T01:00:00,1,5,6,True,29.16,58.31,2.92,0.254,0.152,0.0,0.0,2.509,1.66,-0.374,-0.045,0.201,1.439,0.439,0.0,0.0,,24.19,CHARGING,0.0,0.849,0.0,100.0,2.057
2026-06-27T02:00:00,2,5,6,True,27.25,59.16,4.57,0.254,0.152,0.0,0.0,4.715,2.577,-0.219,0.425,0.366,1.547,0.456,0.0,0.0,,29.26,CHARGING,0.0,2.138,0.0,100.0,3.866
2026-06-27T03:00:00,3,5,6,True,30.37,62.62,3.59,0.254,0.152,0.0,0.0,3.278,2.01,0.08,-0.037,0.232,1.305,0.43,0.0,0.0,,32.28,CHARGING,0.0,1.268,0.0,100.0,2.688
2026-06-27T04:00:00,4,5,6,True,31.27,66.69,5.86,0.254,0.152,0.0,0.0,4.924,1.964,0.011,0.006,0.159,1.461,0.327,0.0,0.0,,39.31,CHARGING,0.0,2.96,0.0,100.0,4.038
2026-06-27T05:00:00,5,5,6,True,32.11,53.38,3.8,0.254,0.152,0.0,0.0,3.768,1.786,-0.32,-0.11,0.379,1.405,0.432,0.0,0.0,,44.01,CHARGING,0.0,1.982,0.0,100.0,3.09
2026-06-27T06:00:00,6,5,6,True,36.96,57.46,5.53,0.254,0.152,0.0,0.0,4.838,1.4,0.489,-0.178,0.095,0.744,0.25,0.0,0.0,,52.18,CHARGING,0.0,3.438,0.0,100.0,3.967
2026-06-27T07:00:00,7,5,6,True,40.1,62.7,6.87,0.254,0.152,192.84,1.588,4.776,3.629,-0.049,0.205,0.135,1.298,2.04,0.0,0.0,,58.67,CHARGING,0.0,2.735,0.0,100.0,5.218
2026-06-27T08:00:00,8,5,6,True,40.48,59.57,4.48,0.254,0.152,372.54,3.187,4.741,5.9,0.178,0.537,1.858,1.403,1.924,0.0,0.0,,63.49,CHARGING,0.0,2.028,0.0,100.0,6.501
2026-06-27T09:00:00,9,5,6,True,40.07,66.83,5.02,0.254,0.152,526.85,4.554,5.04,7.957,0.042,3.36,2.047,1.96,0.548,0.0,0.0,,67.38,CHARGING,0.0,1.637,0.0,100.0,7.867
2026-06-27T10:00:00,10,5,6,True,43.1,60.89,3.76,0.254,0.152,645.26,5.463,3.764,14.823,-0.01,3.392,1.803,2.242,0.396,7.0,0.0,,52.65,DISCHARGING,5.596,0.0,37.75,62.25,7.566
2026-06-27T11:00:00,11,5,6,True,42.64,64.74,5.42,0.254,0.152,719.69,5.971,5.003,14.201,-0.401,2.772,2.098,2.414,0.317,7.0,0.0,,44.16,DISCHARGING,3.227,0.0,22.72,77.28,8.999
2026-06-27T12:00:00,12,5,6,True,45.96,67.66,4.07,0.254,0.152,745.08,6.087,4.085,15.959,-0.161,2.702,1.896,2.626,1.897,7.0,0.0,,28.93,DISCHARGING,5.787,0.0,36.26,63.74,8.341
2026-06-27T13:00:00,13,5,6,True,41.38,66.25,2.66,0.254,0.152,719.69,6.259,2.1,17.19,0.059,3.094,1.975,2.985,2.078,7.0,0.0,,20.0,DISCHARGING,8.831,0.0,51.37,48.63,6.854
2026-06-27T14:00:00,14,5,6,True,43.42,63.29,1.8,0.254,0.152,645.26,5.232,1.122,8.039,-0.124,2.663,2.044,3.148,0.309,0.0,0.0,,20.0,HOLD,1.685,0.0,20.96,79.04,5.21
2026-06-27T15:00:00,15,5,6,True,42.08,63.55,0.76,0.254,0.152,526.85,4.357,0.39,8.32,-0.136,3.303,1.975,2.903,0.275,0.0,0.0,,20.0,HOLD,3.573,0.0,42.94,57.06,3.893
2026-06-27T16:00:00,16,5,6,True,40.38,66.44,1.98,0.254,0.152,372.54,3.287,1.54,8.249,-0.062,2.905,2.047,2.842,0.517,0.0,0.0,,20.0,HOLD,3.422,0.0,41.48,58.52,3.958
2026-06-27T17:00:00,17,5,6,True,38.61,68.51,1.27,0.254,0.152,192.84,1.698,0.736,8.752,-0.023,3.453,2.097,2.825,0.401,0.0,0.0,,20.0,HOLD,6.318,0.0,72.19,27.81,1.996
2026-06-27T18:00:00,18,5,6,True,36.29,58.29,1.29,0.254,0.152,0.0,0.0,0.643,9.39,-0.193,2.807,2.063,2.693,2.02,0.0,0.0,,20.0,HOLD,8.747,0.0,93.15,6.85,0.527
2026-06-27T19:00:00,19,5,6,True,32.09,68.01,0.7,0.254,0.152,0.0,0.0,0.22,10.078,0.032,3.66,1.998,2.405,1.983,0.0,0.0,,20.0,HOLD,9.858,0.0,97.82,2.18,0.18
2026-06-27T20:00:00,20,5,6,True,32.14,64.92,1.15,0.254,0.152,0.0,0.0,0.518,5.693,-0.03,2.95,0.143,2.223,0.406,0.0,0.0,,20.0,HOLD,5.175,0.0,90.9,9.1,0.425
2026-06-27T21:00:00,21,5,6,True,31.68,67.07,1.51,0.254,0.152,0.0,0.0,0.982,3.335,0.075,0.56,0.271,2.038,0.39,0.0,0.0,,20.0,HOLD,2.353,0.0,70.55,29.45,0.805
2026-06-27T22:00:00,22,5,6,True,29.44,61.82,2.85,0.254,0.152,0.0,0.0,2.425,2.111,0.083,0.053,0.193,1.604,0.178,0.0,0.0,,20.75,CHARGING,0.0,0.314,0.0,100.0,1.988
2026-06-27T23:00:00,23,5,6,True,27.94,64.27,2.36,0.254,0.152,0.0,0.0,1.687,1.058,-0.165,-0.484,0.152,1.205,0.349,0.0,0.0,,22.24,CHARGING,0.0,0.629,0.0,100.0,1.383
2026-06-28T00:00:00,0,6,6,True,29.66,63.96,3.69,0.178,0.107,0.0,0.0,3.645,1.988,-0.004,0.055,0.028,1.434,0.475,0.0,0.0,,26.17,CHARGING,0.0,1.657,0.0,100.0,2.989
2026-06-28T01:00:00,1,6,6,True,31.69,59.74,3.57,0.178,0.107,0.0,0.0,3.423,2.337,-0.353,0.465,0.282,1.565,0.378,0.0,0.0,,28.75,CHARGING,0.0,1.086,0.0,100.0,2.807
2026-06-28T02:00:00,2,6,6,True,29.92,59.68,4.14,0.178,0.107,0.0,0.0,4.172,2.181,0.155,-0.426,0.328,1.72,0.403,0.0,0.0,,33.48,CHARGING,0.0,1.991,0.0,100.0,3.421
2026-06-28T03:00:00,3,6,6,True,31.18,60.35,4.86,0.178,0.107,0.0,0.0,4.919,2.534,-0.122,0.638,0.297,1.394,0.327,0.0,0.0,,39.15,CHARGING,0.0,2.385,0.0,100.0,4.034
2026-06-28T04:00:00,4,6,6,True,31.03,58.57,5.32,0.178,0.107,0.0,0.0,5.075,2.525,-0.018,0.603,0.17,1.468,0.302,0.0,0.0,,45.2,CHARGING,0.0,2.55,0.0,100.0,4.162
2026-06-28T05:00:00,5,6,6,True,35.46,65.32,4.32,0.178,0.107,0.0,0.0,4.382,2.592,-0.122,0.715,0.22,1.349,0.431,0.0,0.0,,49.45,CHARGING,0.0,1.79,0.0,100.0,3.593
2026-06-28T06:00:00,6,6,6,True,35.78,64.99,7.76,0.178,0.107,0.0,0.0,5.142,1.469,-0.368,0.328,0.399,0.883,0.227,0.0,0.0,,58.18,CHARGING,0.0,3.673,0.0,100.0,4.216
2026-06-28T07:00:00,7,6,6,True,37.48,65.45,6.1,0.178,0.107,208.58,1.754,4.931,4.098,-0.112,0.408,0.334,1.423,2.046,0.0,0.0,,64.32,CHARGING,0.0,2.587,0.0,100.0,5.482
2026-06-28T08:00:00,8,6,6,True,38.0,66.24,3.67,0.178,0.107,402.95,3.345,3.492,5.572,0.061,-0.041,1.898,1.604,2.05,0.0,0.0,,67.33,CHARGING,0.0,1.265,0.0,100.0,5.606
2026-06-28T09:00:00,9,6,6,True,43.25,63.94,4.9,0.178,0.107,569.86,4.683,4.893,7.011,-0.102,3.123,2.034,1.635,0.321,0.0,0.0,,73.42,CHARGING,0.0,2.565,0.0,100.0,7.852
2026-06-28T10:00:00,10,6,6,True,44.73,56.48,4.06,0.178,0.107,697.94,6.058,4.093,14.913,0.077,3.12,1.963,2.141,0.612,7.0,0.0,,60.89,DISCHARGING,4.762,0.0,31.93,68.07,8.324
2026-06-28T11:00:00,11,6,6,True,45.23,66.45,4.18,0.178,0.107,778.45,6.31,4.393,14.387,-0.169,3.085,1.836,2.203,0.432,7.0,0.0,,51.19,DISCHARGING,3.684,0.0,25.61,74.39,8.776
2026-06-28T12:00:00,12,6,6,True,42.79,66.27,1.41,0.178,0.107,805.91,7.023,0.975,16.893,-0.051,3.003,2.089,2.887,1.966,7.0,0.0,,27.78,DISCHARGING,8.895,0.0,52.65,47.35,6.558
2026-06-28T13:00:00,13,6,6,True,43.78,66.34,2.72,0.178,0.107,778.45,6.463,2.234,17.779,0.276,3.363,2.048,3.131,1.961,7.0,0.0,,20.0,DISCHARGING,9.082,0.0,51.08,48.92,7.132
2026-06-28T14:00:00,14,6,6,True,45.36,79.92,2.43,0.178,0.107,697.94,5.632,1.83,8.756,0.084,3.119,2.195,2.868,0.49,0.0,0.0,,20.0,HOLD,1.294,0.0,14.78,85.22,6.119
2026-06-28T15:00:00,15,6,6,True,43.4,58.76,2.15,0.178,0.107,569.86,4.885,1.699,8.656,0.12,3.061,2.023,2.988,0.464,0.0,0.0,,20.0,HOLD,2.072,0.0,23.94,76.06,5.399
2026-06-28T16:00:00,16,6,6,True,40.05,58.33,0.59,0.178,0.107,402.95,3.357,0.248,8.53,-0.005,3.065,2.05,2.874,0.547,0.0,0.0,,20.0,HOLD,4.925,0.0,57.74,42.26,2.956
2026-06-28T17:00:00,17,6,6,True,37.67,65.98,0.72,0.178,0.107,208.58,1.717,0.227,8.25,0.196,2.479,2.112,3.1,0.363,0.0,0.0,,20.0,HOLD,6.306,0.0,76.44,23.56,1.594
2026-06-28T18:00:00,18,6,6,True,36.44,61.23,1.9,0.178,0.107,0.0,0.0,1.237,9.573,-0.096,2.76,2.034,2.892,1.982,0.0,0.0,,20.0,HOLD,8.336,0.0,87.08,12.92,1.014
2026-06-28T19:00:00,19,6,6,True,32.02,65.54,0.2,0.178,0.107,0.0,0.0,0.085,9.485,-0.077,3.23,1.976,2.452,1.904,0.0,0.0,,20.0,HOLD,9.4,0.0,99.1,0.9,0.07
2026-06-28T20:00:00,20,6,6,True,34.11,67.56,0.0,0.178,0.107,0.0,0.0,0.0,5.928,0.338,2.786,0.132,2.23,0.441,0.0,0.0,,20.0,HOLD,5.928,0.0,100.0,0.0,0.0
2026-06-28T21:00:00,21,6,6,True,29.68,59.24,0.33,0.178,0.107,0.0,0.0,0.101,3.029,0.09,0.222,0.134,2.202,0.381,0.0,0.0,,20.0,HOLD,2.928,0.0,96.67,3.33,0.083
2026-06-28T22:00:00,22,6,6,True,28.41,59.96,2.88,0.178,0.107,0.0,0.0,2.441,2.618,0.0,0.378,0.409,1.669,0.162,0.0,0.0,,20.0,HOLD,0.177,0.0,6.76,93.24,2.002
2026-06-28T23:00:00,23,6,6,True,28.76,63.79,2.51,0.178,0.107,0.0,0.0,1.989,2.444,-0.011,0.484,0.146,1.123,0.702,0.0,0.0,,20.0,HOLD,0.455,0.0,18.62,81.38,1.631
2026-06-29T00:00:00,0,0,6,False,26.93,56.87,3.08,0.217,0.13,0.0,0.0,2.61,4.08,1.112,0.914,0.247,1.585,0.223,0.0,0.0,,20.0,HOLD,1.47,0.0,36.03,63.97,2.14
2026-06-29T01:00:00,1,0,6,False,31.03,71.99,2.56,0.217,0.13,0.0,0.0,2.111,3.707,1.029,0.645,0.153,1.504,0.375,0.0,0.0,,20.0,HOLD,1.596,0.0,43.05,56.95,1.731
2026-06-29T02:00:00,2,0,6,False,26.01,63.94,4.9,0.217,0.13,0.0,0.0,4.944,3.591,1.272,0.332,-0.026,1.561,0.452,0.0,0.0,,23.21,CHARGING,0.0,1.353,0.0,100.0,4.054
2026-06-29T03:00:00,3,0,6,False,30.04,64.79,3.5,0.217,0.13,0.0,0.0,3.165,4.095,1.05,0.853,0.164,1.433,0.595,0.0,0.0,,20.77,DISCHARGING,0.93,0.0,22.71,77.29,2.595
2026-06-29T04:00:00,4,0,6,False,32.53,62.5,5.0,0.217,0.13,0.0,0.0,4.781,4.263,1.394,0.734,0.182,1.479,0.474,0.0,0.0,,22.0,CHARGING,0.0,0.518,0.0,100.0,3.92
2026-06-29T05:00:00,5,0,6,False,31.6,58.66,4.46,0.217,0.13,0.0,0.0,4.797,2.789,0.759,0.146,0.187,1.429,0.268,0.0,0.0,,26.77,CHARGING,0.0,2.008,0.0,100.0,3.934
2026-06-29T06:00:00,6,0,6,False,38.92,66.72,5.25,0.217,0.13,0.0,0.0,5.072,3.115,1.124,0.515,0.261,0.656,0.56,0.0,0.0,,31.41,CHARGING,0.0,1.957,0.0,100.0,4.159
2026-06-29T07:00:00,7,0,6,False,38.34,58.97,5.96,0.217,0.13,200.47,1.676,4.884,5.009,1.25,0.62,0.154,1.113,1.873,0.0,0.0,,35.1,CHARGING,0.0,1.551,0.0,100.0,5.379
2026-06-29T08:00:00,8,0,6,False,39.93,60.92,4.36,0.217,0.13,387.28,3.379,4.543,10.159,4.254,0.44,2.024,1.61,1.83,0.0,0.0,,29.21,DISCHARGING,2.237,0.0,22.02,77.98,6.496
2026-06-29T09:00:00,9,0,6,False,43.8,68.08,4.31,0.217,0.13,547.7,4.49,4.451,14.769,3.827,6.371,2.031,2.005,0.536,0.0,0.0,,20.0,DISCHARGING,5.828,0.0,39.46,60.54,7.332
2026-06-29T10:00:00,10,0,6,False,44.66,57.24,4.61,0.217,0.13,670.79,5.485,4.852,21.53,4.146,6.051,1.861,2.222,0.251,7.0,0.0,,20.0,HOLD,11.193,0.0,51.99,48.01,8.476
2026-06-29T11:00:00,11,0,6,False,43.65,66.99,2.19,0.217,0.13,748.17,6.278,1.815,21.727,4.17,5.873,2.082,2.299,0.304,7.0,0.0,,20.0,HOLD,13.634,0.0,62.75,37.25,6.636
2026-06-29T12:00:00,12,0,6,False,44.5,64.16,1.27,0.217,0.13,774.56,6.296,0.729,23.843,3.784,6.127,2.002,2.929,2.001,7.0,0.0,,20.0,HOLD,16.818,0.0,70.54,29.46,5.76
2026-06-29T13:00:00,13,0,6,False,42.57,57.62,2.28,0.217,0.13,748.17,6.311,1.786,24.089,4.494,5.813,1.973,2.787,2.021,7.0,0.0,,20.0,HOLD,15.992,0.0,66.39,33.61,6.64
2026-06-29T14:00:00,14,0,6,False,43.5,69.78,1.96,0.217,0.13,670.79,5.521,1.468,15.723,4.108,5.996,1.969,3.332,0.318,0.0,0.0,,20.0,HOLD,8.734,0.0,55.55,44.45,5.731
2026-06-29T15:00:00,15,0,6,False,42.1,73.27,0.99,0.217,0.13,547.7,4.673,0.421,15.681,4.103,6.077,1.948,3.114,0.439,0.0,0.0,,20.0,HOLD,10.587,0.0,67.51,32.49,4.177
2026-06-29T16:00:00,16,0,6,False,40.32,66.5,1.23,0.217,0.13,387.28,3.287,0.692,15.675,3.872,6.508,1.895,3.032,0.368,0.0,0.0,,20.0,HOLD,11.696,0.0,74.62,25.38,3.263
2026-06-29T17:00:00,17,0,6,False,40.71,60.67,0.35,0.217,0.13,200.47,1.658,0.134,14.626,3.725,5.856,1.785,2.909,0.35,0.0,0.0,,20.0,HOLD,12.834,0.0,87.75,12.25,1.469
2026-06-29T18:00:00,18,0,6,False,33.77,57.81,1.87,0.217,0.13,0.0,0.0,1.207,17.086,4.32,6.225,1.899,2.581,2.061,0.0,0.0,,20.0,HOLD,15.879,0.0,92.94,7.06,0.99
2026-06-29T19:00:00,19,0,6,False,33.54,70.71,0.93,0.217,0.13,0.0,0.0,0.459,16.709,4.191,6.243,1.984,2.465,1.826,0.0,0.0,,20.0,HOLD,16.25,0.0,97.25,2.75,0.376
2026-06-29T20:00:00,20,0,6,False,30.42,63.66,1.52,0.217,0.13,0.0,0.0,1.043,9.798,0.963,5.929,0.219,2.144,0.543,0.0,0.0,,20.0,HOLD,8.755,0.0,89.35,10.65,0.855
2026-06-29T21:00:00,21,0,6,False,31.71,73.32,1.82,0.217,0.13,0.0,0.0,1.225,4.082,1.273,0.326,0.23,1.784,0.469,0.0,0.0,,20.0,HOLD,2.857,0.0,69.99,30.01,1.004
2026-06-29T22:00:00,22,0,6,False,30.66,55.08,2.22,0.217,0.13,0.0,0.0,1.708,3.277,1.204,-0.208,0.324,1.639,0.318,0.0,0.0,,20.0,HOLD,1.569,0.0,47.88,52.12,1.401
2026-06-29T23:00:00,23,0,6,False,29.77,60.9,1.94,0.217,0.13,0.0,0.0,1.53,4.137,1.525,0.708,0.246,1.383,0.274,0.0,0.0,,20.0,HOLD,2.607,0.0,63.02,36.98,1.255
2026-06-30T00:00:00,0,1,6,False,28.97,67.92,2.41,0.316,0.19,0.0,0.0,1.924,3.161,1.224,-0.322,0.218,1.596,0.445,0.0,0.0,,20.0,HOLD,1.237,0.0,39.13,60.87,1.578
2026-06-30T01:00:00,1,1,6,False,28.12,67.88,4.83,0.316,0.19,0.0,0.0,5.104,3.464,1.273,0.331,-0.044,1.428,0.476,0.0,0.0,,23.89,CHARGING,0.0,1.64,0.0,100.0,4.185
2026-06-30T02:00:00,2,1,6,False,28.54,67.07,4.64,0.316,0.19,0.0,0.0,4.969,3.994,1.294,0.752,0.35,1.244,0.354,0.0,0.0,,26.21,CHARGING,0.0,0.975,0.0,100.0,4.075
2026-06-30T03:00:00,3,1,6,False,31.62,67.52,5.65,0.316,0.19,0.0,0.0,5.076,4.365,1.374,0.492,0.233,1.677,0.589,0.0,0.0,,27.9,CHARGING,0.0,0.711,0.0,100.0,4.162
2026-06-30T04:00:00,4,1,6,False,33.11,66.05,4.77,0.316,0.19,0.0,0.0,4.988,3.536,1.238,0.283,0.33,1.329,0.357,0.0,0.0,,31.35,CHARGING,0.0,1.452,0.0,100.0,4.09
2026-06-30T05:00:00,5,1,6,False,34.08,64.21,6.52,0.316,0.19,0.0,0.0,4.945,3.757,1.532,-0.244,0.1,1.91,0.459,0.0,0.0,,34.17,CHARGING,0.0,1.188,0.0,100.0,4.055
2026-06-30T06:00:00,6,1,6,False,34.34,66.66,4.97,0.316,0.19,0.0,0.0,5.184,3.086,1.278,0.438,0.279,0.795,0.297,0.0,0.0,,39.15,CHARGING,0.0,2.098,0.0,100.0,4.251
2026-06-30T07:00:00,7,1,6,False,35.43,61.84,3.68,0.316,0.19,179.79,1.514,3.561,3.846,0.96,-0.343,0.096,1.194,1.939,0.0,0.0,,42.07,CHARGING,0.0,1.229,0.0,100.0,4.162
2026-06-30T08:00:00,8,1,6,False,42.28,70.73,4.24,0.316,0.19,347.34,2.909,4.363,9.959,3.833,0.582,1.923,1.644,1.976,0.0,0.0,,35.0,DISCHARGING,2.687,0.0,26.98,73.02,5.963
2026-06-30T09:00:00,9,1,6,False,40.24,68.46,5.21,0.316,0.19,491.21,4.114,5.015,13.892,3.983,5.74,2.007,1.857,0.306,0.0,0.0,,22.47,DISCHARGING,4.763,0.0,34.29,65.71,7.486
2026-06-30T10:00:00,10,1,6,False,40.49,69.16,3.71,0.316,0.19,601.6,5.008,3.83,22.497,4.177,6.391,2.08,2.528,0.321,7.0,0.0,,20.0,DISCHARGING,13.659,0.0,60.71,39.29,7.247
2026-06-30T11:00:00,11,1,6,False,39.89,69.12,3.16,0.316,0.19,671.0,5.697,2.837,22.117,4.264,6.115,2.08,2.368,0.29,7.0,0.0,,20.0,HOLD,13.583,0.0,61.41,38.59,6.998
2026-06-30T12:00:00,12,1,6,False,46.42,63.21,3.08,0.316,0.19,694.67,5.645,2.639,22.953,3.858,5.615,1.85,2.689,1.941,7.0,0.0,,20.0,HOLD,14.669,0.0,63.91,36.09,6.793
2026-06-30T13:00:00,13,1,6,False,45.39,67.65,2.72,0.316,0.19,671.0,5.464,2.227,24.314,4.072,6.215,1.991,3.035,2.001,7.0,0.0,,20.0,HOLD,16.623,0.0,68.37,31.63,6.307
2026-06-30T14:00:00,14,1,6,False,44.12,57.26,1.61,0.316,0.19,601.6,5.027,1.092,15.509,4.115,6.127,1.965,2.847,0.455,0.0,0.0,,20.0,HOLD,9.39,0.0,60.55,39.45,5.018
2026-06-30T15:00:00,15,1,6,False,42.3,71.87,1.14,0.316,0.19,491.21,4.042,0.548,16.011,4.327,6.261,1.964,3.043,0.415,0.0,0.0,,20.0,HOLD,11.421,0.0,71.33,28.67,3.764
2026-06-30T16:00:00,16,1,6,False,35.88,66.07,0.54,0.316,0.19,347.34,2.969,0.225,15.408,4.226,5.904,1.894,3.017,0.367,0.0,0.0,,20.0,HOLD,12.214,0.0,79.27,20.73,2.619
2026-06-30T17:00:00,17,1,6,False,37.84,77.53,0.83,0.316,0.19,179.79,1.466,0.342,15.245,3.999,5.766,2.09,2.995,0.395,0.0,0.0,,20.0,HOLD,13.437,0.0,88.14,11.86,1.483
2026-06-30T18:00:00,18,1,6,False,35.59,65.8,0.91,0.316,0.19,0.0,0.0,0.416,16.54,4.05,6.226,1.877,2.561,1.825,0.0,0.0,,20.0,HOLD,16.124,0.0,97.48,2.52,0.341
2026-06-30T19:00:00,19,1,6,False,35.23,68.85,1.27,0.316,0.19,0.0,0.0,0.893,16.32,3.878,6.05,2.085,2.361,1.945,0.0,0.0,,20.0,HOLD,15.427,0.0,94.53,5.47,0.732
2026-06-30T20:00:00,20,1,6,False,32.27,67.83,3.55,0.316,0.19,0.0,0.0,3.47,9.868,1.274,5.703,0.306,2.025,0.56,0.0,0.0,,20.0,HOLD,6.398,0.0,64.84,35.16,2.845
2026-06-30T21:00:00,21,1,6,False,30.64,64.62,0.0,0.316,0.19,0.0,0.0,0.0,4.1,1.343,0.345,0.069,1.939,0.403,0.0,0.0,,20.0,HOLD,4.1,0.0,100.0,0.0,0.0
2026-06-30T22:00:00,22,1,6,False,28.55,62.07,2.98,0.316,0.19,0.0,0.0,2.581,3.667,0.889,0.204,0.201,1.915,0.458,0.0,0.0,,20.0,HOLD,1.086,0.0,29.62,70.38,2.116
2026-06-30T23:00:00,23,1,6,False,25.68,69.99,0.0,0.316,0.19,0.0,0.0,0.114,3.568,1.024,0.705,0.285,1.198,0.357,0.0,0.0,,20.0,HOLD,3.454,0.0,96.8,3.2,0.093
2026-07-01T00:00:00,0,2,7,False,26.97,66.88,3.43,0.347,0.208,0.0,0.0,3.136,4.075,0.934,1.193,0.14,1.415,0.393,0.0,0.0,,20.0,HOLD,0.939,0.0,23.04,76.96,2.572
2026-07-01T01:00:00,1,2,7,False,27.3,66.86,3.21,0.347,0.208,0.0,0.0,2.891,3.927,0.729,1.164,0.185,1.587,0.262,0.0,0.0,,20.0,HOLD,1.036,0.0,26.38,73.62,2.371
2026-07-01T02:00:00,2,2,7,False,27.29,74.3,3.46,0.347,0.208,0.0,0.0,3.297,3.613,1.07,0.464,0.175,1.693,0.211,0.0,0.0,,20.0,HOLD,0.316,0.0,8.75,91.25,2.704
2026-07-01T03:00:00,3,2,7,False,27.3,61.51,2.86,0.347,0.208,0.0,0.0,2.252,3.267,1.053,-0.004,0.098,1.68,0.44,0.0,0.0,,20.0,HOLD,1.015,0.0,31.07,68.93,1.847
2026-07-01T04:00:00,4,2,7,False,31.21,59.27,3.93,0.347,0.208,0.0,0.0,3.891,4.299,1.374,0.871,0.263,1.389,0.402,0.0,0.0,,20.0,HOLD,0.408,0.0,9.49,90.51,3.191
2026-07-01T05:00:00,5,2,7,False,32.38,77.13,4.77,0.347,0.208,0.0,0.0,4.977,3.537,1.442,0.16,0.136,1.421,0.378,0.0,0.0,,23.42,CHARGING,0.0,1.44,0.0,100.0,4.081
2026-07-01T06:00:00,6,2,7,False,32.53,70.28,5.48,0.347,0.208,0.0,0.0,4.913,3.347,1.217,0.33,0.167,1.223,0.41,0.0,0.0,,27.14,CHARGING,0.0,1.566,0.0,100.0,4.029
2026-07-01T07:00:00,7,2,7,False,35.22,60.19,5.08,0.347,0.208,169.78,1.43,4.896,5.483,1.111,0.881,0.258,1.343,1.89,0.0,0.0,,29.14,CHARGING,0.0,0.843,0.0,100.0,5.187
2026-07-01T08:00:00,8,2,7,False,38.12,63.81,4.95,0.347,0.208,327.99,2.781,5.044,10.468,3.93,0.668,2.159,1.592,2.118,0.0,0.0,,22.19,DISCHARGING,2.643,0.0,25.25,74.75,6.416
2026-07-01T09:00:00,9,2,7,False,41.42,61.44,3.24,0.347,0.208,463.84,3.835,2.831,14.644,3.982,6.184,2.126,1.996,0.355,0.0,0.0,,20.0,DISCHARGING,7.978,0.0,54.48,45.52,5.466
2026-07-01T10:00:00,10,2,7,False,38.73,67.08,4.06,0.347,0.208,568.09,4.85,4.296,21.951,4.248,6.236,1.904,2.173,0.391,7.0,0.0,,20.0,HOLD,12.805,0.0,58.33,41.67,7.5
2026-07-01T11:00:00,11,2,7,False,41.49,68.73,3.92,0.347,0.208,633.62,5.21,3.997,21.545,4.02,5.481,1.995,2.551,0.497,7.0,0.0,,20.0,HOLD,12.338,0.0,57.27,42.73,7.55
2026-07-01T12:00:00,12,2,7,False,42.42,67.88,3.66,0.347,0.208,655.97,5.348,3.363,24.664,4.225,6.359,2.032,2.943,2.106,7.0,0.0,,20.0,HOLD,15.953,0.0,64.68,35.32,7.143
2026-07-01T13:00:00,13,2,7,False,43.68,75.61,1.75,0.347,0.208,633.62,5.333,1.122,23.659,3.866,6.077,1.833,2.978,1.905,7.0,0.0,,20.0,HOLD,17.204,0.0,72.72,27.28,5.293
2026-07-01T14:00:00,14,2,7,False,42.41,65.63,1.58,0.347,0.208,568.09,4.685,0.979,16.278,4.378,6.416,2.035,2.964,0.484,0.0,0.0,,20.0,HOLD,10.614,0.0,65.2,34.8,4.644
2026-07-01T15:00:00,15,2,7,False,42.28,66.56,0.92,0.347,0.208,463.84,3.744,0.555,15.625,4.413,6.024,1.787,3.091,0.31,0.0,0.0,,20.0,HOLD,11.326,0.0,72.49,27.51,3.525
2026-07-01T16:00:00,16,2,7,False,37.93,68.22,1.77,0.347,0.208,327.99,2.772,1.112,15.144,4.025,5.877,1.889,2.918,0.434,0.0,0.0,,20.0,HOLD,11.26,0.0,74.35,25.65,3.185
2026-07-01T17:00:00,17,2,7,False,36.73,71.89,0.0,0.347,0.208,169.78,1.377,0.0,15.348,3.876,6.044,2.056,3.042,0.329,0.0,0.0,,20.0,HOLD,13.971,0.0,91.03,8.97,1.129
2026-07-01T18:00:00,18,2,7,False,35.81,58.39,1.16,0.347,0.208,0.0,0.0,0.478,16.956,4.084,6.117,2.028,2.644,2.083,0.0,0.0,,20.0,HOLD,16.478,0.0,97.18,2.82,0.392
2026-07-01T19:00:00,19,2,7,False,30.52,64.13,1.02,0.347,0.208,0.0,0.0,0.555,16.617,4.215,5.897,2.078,2.516,1.911,0.0,0.0,,20.0,HOLD,16.062,0.0,96.66,3.34,0.455
2026-07-01T20:00:00,20,2,7,False,30.54,63.47,1.03,0.347,0.208,0.0,0.0,0.545,9.187,0.882,5.505,0.242,2.128,0.43,0.0,0.0,,20.0,HOLD,8.642,0.0,94.07,5.93,0.447
2026-07-01T21:00:00,21,2,7,False,30.44,59.89,0.57,0.347,0.208,0.0,0.0,0.25,3.845,1.116,0.32,0.149,1.771,0.488,0.0,0.0,,20.0,HOLD,3.595,0.0,93.5,6.5,0.205
2026-07-01T22:00:00,22,2,7,False,26.83,64.95,2.87,0.347,0.208,0.0,0.0,2.395,3.375,0.675,0.564,0.183,1.742,0.211,0.0,0.0,,20.0,HOLD,0.98,0.0,29.04,70.96,1.964
2026-07-01T23:00:00,23,2,7,False,28.94,73.21,3.14,0.347,0.208,0.0,0.0,2.882,3.147,0.906,0.814,0.123,1.017,0.288,0.0,0.0,,20.0,HOLD,0.265,0.0,8.42,91.58,2.363
2026-07-02T00:00:00,0,3,7,False,26.94,70.4,2.34,0.426,0.256,0.0,0.0,1.578,4.442,1.474,0.871,0.095,1.5,0.502,0.0,0.0,,20.0,HOLD,2.864,0.0,64.48,35.52,1.294
2026-07-02T01:00:00,1,3,7,False,27.83,74.0,3.64,0.426,0.256,0.0,0.0,3.47,3.79,1.196,0.518,0.161,1.511,0.403,0.0,0.0,,20.0,HOLD,0.32,0.0,8.44,91.56,2.845
2026-07-02T02:00:00,2,3,7,False,26.43,63.64,4.64,0.426,0.256,0.0,0.0,4.97,3.445,1.272,-0.036,0.289,1.398,0.522,0.0,0.0,,23.62,CHARGING,0.0,1.525,0.0,100.0,4.075
2026-07-02T03:00:00,3,3,7,False,28.55,78.09,4.38,0.426,0.256,0.0,0.0,4.7,4.098,1.208,0.725,0.207,1.627,0.331,0.0,0.0,,25.05,CHARGING,0.0,0.602,0.0,100.0,3.854
2026-07-02T04:00:00,4,3,7,False,29.45,69.02,4.22,0.426,0.256,0.0,0.0,4.407,3.782,1.461,0.307,0.127,1.285,0.603,0.0,0.0,,26.54,CHARGING,0.0,0.625,0.0,100.0,3.614
2026-07-02T05:00:00,5,3,7,False,33.31,61.82,5.32,0.426,0.256,0.0,0.0,5.051,4.159,1.149,0.923,0.431,1.358,0.298,0.0,0.0,,28.65,CHARGING,0.0,0.892,0.0,100.0,4.142
2026-07-02T06:00:00,6,3,7,False,33.61,73.73,6.28,0.426,0.256,0.0,0.0,5.004,3.388,1.037,0.867,0.162,0.861,0.461,0.0,0.0,,32.49,CHARGING,0.0,1.616,0.0,100.0,4.103
2026-07-02T07:00:00,7,3,7,False,36.72,68.57,4.74,0.426,0.256,153.69,1.339,5.165,5.562,1.317,0.841,0.18,1.158,2.065,0.0,0.0,,34.73,CHARGING,0.0,0.942,0.0,100.0,5.333
2026-07-02T08:00:00,8,3,7,False,39.19,66.88,3.59,0.426,0.256,296.9,2.516,3.356,10.844,4.296,0.744,2.137,1.658,2.008,0.0,0.0,,21.65,DISCHARGING,4.972,0.0,45.85,54.15,4.815
2026-07-02T09:00:00,9,3,7,False,39.18,68.59,4.42,0.426,0.256,419.88,3.467,4.598,14.415,3.935,6.124,2.046,1.863,0.447,0.0,0.0,,20.0,DISCHARGING,6.35,0.0,44.05,55.95,6.613
2026-07-02T10:00:00,10,3,7,False,41.58,66.1,1.7,0.426,0.256,514.25,4.414,0.944,21.942,4.023,6.476,1.924,2.25,0.27,7.0,0.0,,20.0,HOLD,16.584,0.0,75.58,24.42,4.394
2026-07-02T11:00:00,11,3,7,False,45.1,68.75,3.45,0.426,0.256,573.57,4.876,3.272,21.284,3.825,5.806,2.049,2.415,0.188,7.0,0.0,,20.0,HOLD,13.136,0.0,61.72,38.28,6.681
2026-07-02T12:00:00,12,3,7,False,42.85,76.6,1.82,0.426,0.256,593.8,4.98,1.133,23.278,3.86,5.433,1.89,2.871,2.223,7.0,0.0,,20.0,HOLD,17.165,0.0,73.74,26.26,5.013
2026-07-02T13:00:00,13,3,7,False,43.75,66.36,2.41,0.426,0.256,573.57,4.684,2.075,24.282,3.962,6.635,2.139,2.612,1.933,7.0,0.0,,20.0,HOLD,17.523,0.0,72.16,27.84,5.542
2026-07-02T14:00:00,14,3,7,False,40.85,68.22,1.94,0.426,0.256,514.25,4.594,1.239,15.511,4.046,6.185,2.0,2.985,0.296,0.0,0.0,,20.0,HOLD,9.678,0.0,62.39,37.61,4.783
2026-07-02T15:00:00,15,3,7,False,40.74,70.16,1.99,0.426,0.256,419.88,3.581,1.55,15.38,4.187,6.021,1.883,2.91,0.378,0.0,0.0,,20.0,HOLD,10.249,0.0,66.64,33.36,4.207
2026-07-02T16:00:00,16,3,7,False,39.31,63.84,0.89,0.426,0.256,296.9,2.459,0.251,14.587,3.953,5.559,1.9,2.909,0.266,0.0,0.0,,20.0,HOLD,11.877,0.0,81.42,18.58,2.222
2026-07-02T17:00:00,17,3,7,False,37.57,65.77,1.66,0.426,0.256,153.69,1.302,1.123,15.208,3.857,5.765,2.12,3.006,0.46,0.0,0.0,,20.0,HOLD,12.783,0.0,84.05,15.95,1.988
2026-07-02T18:00:00,18,3,7,False,36.32,75.29,0.0,0.426,0.256,0.0,0.0,0.101,16.807,4.077,6.015,1.972,2.774,1.969,0.0,0.0,,20.0,HOLD,16.706,0.0,99.4,0.6,0.083
2026-07-02T19:00:00,19,3,7,False,34.16,65.81,0.0,0.426,0.256,0.0,0.0,0.0,16.101,3.952,5.735,2.034,2.398,1.981,0.0,0.0,,20.0,HOLD,16.101,0.0,100.0,0.0,0.0
2026-07-02T20:00:00,20,3,7,False,32.2,72.46,0.71,0.426,0.256,0.0,0.0,0.404,11.117,1.228,6.972,0.305,2.299,0.312,0.0,0.0,,20.0,HOLD,10.713,0.0,96.37,3.63,0.331
2026-07-02T21:00:00,21,3,7,False,29.13,77.07,2.73,0.426,0.256,0.0,0.0,2.33,3.922,0.949,0.746,0.076,1.727,0.424,0.0,0.0,,20.0,HOLD,1.592,0.0,40.59,59.41,1.911
2026-07-02T22:00:00,22,3,7,False,28.78,71.01,2.72,0.426,0.256,0.0,0.0,2.148,3.381,1.179,0.148,-0.0,1.729,0.325,0.0,0.0,,20.0,HOLD,1.233,0.0,36.47,63.53,1.761
2026-07-02T23:00:00,23,3,7,False,28.51,65.42,3.37,0.426,0.256,0.0,0.0,3.026,3.417,0.831,0.637,0.153,1.199,0.598,0.0,0.0,,20.0,HOLD,0.391,0.0,11.44,88.56,2.481
2026-07-03T00:00:00,0,4,7,False,24.64,57.34,3.31,0.115,0.069,0.0,0.0,3.036,3.932,1.276,0.317,0.123,1.639,0.577,0.0,0.0,,20.0,HOLD,0.896,0.0,22.79,77.21,2.49
2026-07-03T01:00:00,1,4,7,False,27.92,64.0,2.8,0.115,0.069,0.0,0.0,2.353,4.099,1.492,0.378,0.196,1.593,0.44,0.0,0.0,,20.0,HOLD,1.746,0.0,42.6,57.4,1.929
2026-07-03T02:00:00,2,4,7,False,26.85,67.25,3.35,0.115,0.069,0.0,0.0,3.22,4.544,1.561,0.64,0.169,1.703,0.471,0.0,0.0,,20.0,HOLD,1.324,0.0,29.14,70.86,2.64
2026-07-03T03:00:00,3,4,7,False,27.8,64.77,3.59,0.115,0.069,0.0,0.0,3.395,4.211,1.415,0.828,0.333,1.21,0.425,0.0,0.0,,20.0,HOLD,0.816,0.0,19.38,80.62,2.784
2026-07-03T04:00:00,4,4,7,False,31.97,59.04,3.51,0.115,0.069,0.0,0.0,3.291,4.886,1.526,1.207,0.119,1.579,0.456,0.0,0.0,,20.0,HOLD,1.595,0.0,32.64,67.36,2.699
2026-07-03T05:00:00,5,4,7,False,33.44,63.83,5.25,0.115,0.069,0.0,0.0,5.11,4.176,0.988,0.839,0.289,1.547,0.513,0.0,0.0,,22.22,CHARGING,0.0,0.934,0.0,100.0,4.19
2026-07-03T06:00:00,6,4,7,False,35.21,62.92,5.16,0.115,0.069,0.0,0.0,4.992,3.026,1.066,0.244,0.343,0.976,0.397,0.0,0.0,,26.89,CHARGING,0.0,1.966,0.0,100.0,4.093
2026-07-03T07:00:00,7,4,7,False,36.15,67.27,5.17,0.115,0.069,217.29,1.837,5.0,4.774,1.374,0.019,0.194,1.2,1.987,0.0,0.0,,31.79,CHARGING,0.0,2.063,0.0,100.0,5.606
2026-07-03T08:00:00,8,4,7,False,38.18,71.93,4.84,0.115,0.069,419.77,3.556,5.029,10.813,4.399,0.435,2.181,1.619,2.178,0.0,0.0,,25.92,DISCHARGING,2.228,0.0,20.6,79.4,7.04
2026-07-03T09:00:00,9,4,7,False,41.71,61.98,4.66,0.115,0.069,593.64,4.923,5.008,14.556,4.179,5.996,1.968,1.912,0.499,0.0,0.0,,20.0,DISCHARGING,4.625,0.0,31.77,68.23,8.143
2026-07-03T10:00:00,10,4,7,False,43.69,58.97,3.47,0.115,0.069,727.06,6.1,3.38,21.311,4.229,5.624,1.974,2.11,0.373,7.0,0.0,,20.0,HOLD,11.831,0.0,55.52,44.48,7.774
2026-07-03T11:00:00,11,4,7,False,45.06,54.22,2.38,0.115,0.069,810.92,6.601,1.864,22.136,4.124,6.131,2.118,2.244,0.519,7.0,0.0,,20.0,HOLD,13.671,0.0,61.76,38.24,6.941
2026-07-03T12:00:00,12,4,7,False,42.46,55.69,3.59,0.115,0.069,839.53,7.029,3.418,23.365,4.231,5.524,2.003,2.556,2.051,7.0,0.0,,20.0,HOLD,12.918,0.0,55.29,44.71,8.567
2026-07-03T13:00:00,13,4,7,False,43.82,59.63,3.51,0.115,0.069,810.92,6.874,3.427,23.664,3.671,6.184,2.096,2.835,1.879,7.0,0.0,,20.0,HOLD,13.363,0.0,56.47,43.53,8.447
2026-07-03T14:00:00,14,4,7,False,43.27,61.42,1.04,0.115,0.069,727.06,6.06,0.602,15.427,3.875,5.795,2.01,3.119,0.629,0.0,0.0,,20.0,HOLD,8.765,0.0,56.82,43.18,5.463
2026-07-03T15:00:00,15,4,7,False,38.32,56.88,1.84,0.115,0.069,593.64,5.161,1.152,15.178,3.865,5.823,1.992,3.048,0.448,0.0,0.0,,20.0,HOLD,8.865,0.0,58.41,41.59,5.177
2026-07-03T16:00:00,16,4,7,False,38.92,65.95,0.2,0.115,0.069,419.77,3.564,0.162,14.953,3.858,5.519,1.997,3.162,0.416,0.0,0.0,,20.0,HOLD,11.227,0.0,75.08,24.92,3.055
2026-07-03T17:00:00,17,4,7,False,36.7,71.1,0.37,0.115,0.069,217.29,1.826,0.041,15.142,4.114,5.443,2.127,2.967,0.49,0.0,0.0,,20.0,HOLD,13.275,0.0,87.67,12.33,1.531
2026-07-03T18:00:00,18,4,7,False,35.77,56.99,0.87,0.115,0.069,0.0,0.0,0.309,17.354,4.097,6.242,2.148,2.774,2.092,0.0,0.0,,20.0,HOLD,17.045,0.0,98.22,1.78,0.253
2026-07-03T19:00:00,19,4,7,False,32.41,64.68,0.69,0.115,0.069,0.0,0.0,0.311,16.13,3.788,5.736,2.064,2.642,1.901,0.0,0.0,,20.0,HOLD,15.819,0.0,98.07,1.93,0.255
2026-07-03T20:00:00,20,4,7,False,31.93,62.39,0.84,0.115,0.069,0.0,0.0,0.467,10.491,1.359,6.573,0.13,2.102,0.328,0.0,0.0,,20.0,HOLD,10.024,0.0,95.55,4.45,0.383
2026-07-03T21:00:00,21,4,7,False,28.89,61.27,0.0,0.115,0.069,0.0,0.0,0.078,4.331,1.27,0.42,0.259,2.058,0.323,0.0,0.0,,20.0,HOLD,4.253,0.0,98.2,1.8,0.064
2026-07-03T22:00:00,22,4,7,False,27.26,56.86,0.22,0.115,0.069,0.0,0.0,0.059,3.621,1.011,0.446,0.077,1.644,0.443,0.0,0.0,,20.0,HOLD,3.562,0.0,98.37,1.63,0.048
2026-07-03T23:00:00,23,4,7,False,27.8,54.6,2.49,0.115,0.069,0.0,0.0,1.927,3.772,1.119,0.622,0.343,1.386,0.301,0.0,0.0,,20.0,HOLD,1.845,0.0,48.91,51.09,1.58
2026-07-04T00:00:00,0,5,7,True,27.95,55.97,3.51,0.0,0.0,0.0,0.0,3.275,2.238,-0.282,0.437,0.222,1.466,0.396,0.0,0.0,,22.46,CHARGING,0.0,1.037,0.0,100.0,2.686
2026-07-04T01:00:00,1,5,7,True,26.12,59.78,4.01,0.0,0.0,0.0,0.0,4.044,1.643,-0.231,0.032,-0.021,1.585,0.279,0.0,0.0,,28.17,CHARGING,0.0,2.401,0.0,100.0,3.316
2026-07-04T02:00:00,2,5,7,True,28.2,63.01,4.3,0.0,0.0,0.0,0.0,4.447,3.297,0.334,0.814,0.299,1.551,0.299,0.0,0.0,,30.9,CHARGING,0.0,1.15,0.0,100.0,3.647
2026-07-04T03:00:00,3,5,7,True,30.35,62.8,4.29,0.0,0.0,0.0,0.0,4.422,2.335,0.033,0.374,0.249,1.413,0.266,0.0,0.0,,35.85,CHARGING,0.0,2.087,0.0,100.0,3.626
2026-07-04T04:00:00,4,5,7,True,33.37,62.24,6.72,0.0,0.0,0.0,0.0,4.923,2.784,0.102,0.702,0.079,1.481,0.42,0.0,0.0,,40.93,CHARGING,0.0,2.139,0.0,100.0,4.037
2026-07-04T05:00:00,5,5,7,True,34.15,52.18,4.66,0.0,0.0,0.0,0.0,5.112,2.433,-0.017,0.422,0.153,1.373,0.503,0.0,0.0,,47.3,CHARGING,0.0,2.679,0.0,100.0,4.192
2026-07-04T06:00:00,6,5,7,True,35.51,67.51,5.39,0.0,0.0,0.0,0.0,4.945,1.613,0.032,0.131,0.278,0.872,0.301,0.0,0.0,,55.21,CHARGING,0.0,3.332,0.0,100.0,4.055
2026-07-04T07:00:00,7,5,7,True,37.1,64.67,5.07,0.0,0.0,240.94,2.08,5.046,3.711,0.064,0.244,0.128,1.308,1.967,0.0,0.0,,63.32,CHARGING,0.0,3.415,0.0,100.0,5.843
2026-07-04T08:00:00,8,5,7,True,41.46,63.16,5.81,0.0,0.0,465.45,3.943,4.991,5.693,-0.252,0.235,2.01,1.653,2.047,0.0,0.0,,71.02,CHARGING,0.0,3.241,0.0,100.0,7.326
2026-07-04T09:00:00,9,5,7,True,41.97,56.58,3.86,0.0,0.0,658.25,5.682,3.87,7.281,-0.078,2.968,1.99,1.955,0.447,0.0,0.0,,76.41,CHARGING,0.0,2.271,0.0,100.0,7.833
2026-07-04T10:00:00,10,5,7,True,45.66,63.31,4.15,0.0,0.0,806.19,6.432,4.181,14.87,0.246,3.121,1.561,2.351,0.592,7.0,0.0,,65.21,DISCHARGING,4.257,0.0,28.63,71.37,8.703
2026-07-04T11:00:00,11,5,7,True,39.66,46.14,4.73,0.0,0.0,899.19,7.761,4.999,14.801,-0.47,3.134,2.115,2.563,0.458,7.0,0.0,,59.84,DISCHARGING,2.041,0.0,13.79,86.21,10.463
2026-07-04T12:00:00,12,5,7,True,42.31,63.46,1.51,0.0,0.0,930.91,8.071,1.042,15.547,-0.398,2.546,1.915,2.48,2.004,7.0,0.0,,42.91,DISCHARGING,6.434,0.0,41.38,58.62,7.473
2026-07-04T13:00:00,13,5,7,True,43.25,63.89,1.34,0.0,0.0,899.19,7.592,0.719,16.239,-0.035,2.415,1.967,2.874,2.017,7.0,0.0,,22.04,DISCHARGING,7.928,0.0,48.82,51.18,6.815
2026-07-04T14:00:00,14,5,7,True,42.42,58.68,2.2,0.0,0.0,806.19,6.789,1.727,8.381,-0.019,3.095,1.981,2.871,0.452,0.0,0.0,,22.36,CHARGING,0.0,0.135,0.0,100.0,6.983
2026-07-04T15:00:00,15,5,7,True,39.75,60.14,1.89,0.0,0.0,658.25,5.541,1.271,7.963,-0.102,2.506,2.038,3.035,0.485,0.0,0.0,,20.0,DISCHARGING,1.151,0.0,14.45,85.55,5.586
2026-07-04T16:00:00,16,5,7,True,38.13,58.1,2.78,0.0,0.0,465.45,3.9,2.224,8.619,-0.347,3.46,2.137,3.058,0.31,0.0,0.0,,20.0,HOLD,2.495,0.0,28.95,71.05,5.022
2026-07-04T17:00:00,17,5,7,True,39.72,58.65,0.79,0.0,0.0,240.94,2.099,0.415,8.472,0.44,3.075,1.96,2.782,0.215,0.0,0.0,,20.0,HOLD,5.958,0.0,70.33,29.67,2.061
2026-07-04T18:00:00,18,5,7,True,34.51,62.99,1.92,0.0,0.0,0.0,0.0,1.226,10.056,0.045,3.304,2.043,2.744,1.92,0.0,0.0,,20.0,HOLD,8.83,0.0,87.81,12.19,1.005
2026-07-04T19:00:00,19,5,7,True,34.16,61.91,0.0,0.0,0.0,0.0,0.0,0.0,9.614,-0.048,2.998,1.954,2.664,2.047,0.0,0.0,,20.0,HOLD,9.614,0.0,100.0,0.0,0.0
2026-07-04T20:00:00,20,5,7,True,31.16,60.08,1.91,0.0,0.0,0.0,0.0,1.331,5.36,0.039,2.487,0.146,2.422,0.266,0.0,0.0,,20.0,HOLD,4.029,0.0,75.17,24.83,1.091
2026-07-04T21:00:00,21,5,7,True,26.04,66.85,1.61,0.0,0.0,0.0,0.0,0.989,2.526,-0.372,0.436,0.266,1.683,0.513,0.0,0.0,,20.0,HOLD,1.537,0.0,60.85,39.15,0.811
2026-07-04T22:00:00,22,5,7,True,29.15,62.92,2.91,0.0,0.0,0.0,0.0,2.529,1.873,0.174,-0.246,0.05,1.508,0.387,0.0,0.0,,21.56,CHARGING,0.0,0.656,0.0,100.0,2.074
2026-07-04T23:00:00,23,5,7,True,27.78,65.59,2.74,0.0,0.0,0.0,0.0,2.183,1.647,0.048,0.046,0.181,1.313,0.059,0.0,0.0,,22.83,CHARGING,0.0,0.536,0.0,100.0,1.79
2026-07-05T00:00:00,0,6,7,True,30.55,65.81,3.45,0.439,0.264,0.0,0.0,3.174,2.445,0.027,0.154,0.365,1.484,0.415,0.0,0.0,,24.56,CHARGING,0.0,0.729,0.0,100.0,2.603
2026-07-05T01:00:00,1,6,7,True,29.01,68.51,3.99,0.439,0.264,0.0,0.0,4.232,2.652,0.063,0.335,0.217,1.697,0.34,0.0,0.0,,28.31,CHARGING,0.0,1.58,0.0,100.0,3.47
2026-07-05T02:00:00,2,6,7,True,27.58,62.87,2.77,0.439,0.264,0.0,0.0,2.3,2.852,0.354,0.461,0.109,1.391,0.537,0.0,0.0,,26.86,DISCHARGING,0.552,0.0,19.35,80.65,1.886
2026-07-05T03:00:00,3,6,7,True,30.96,66.57,4.44,0.439,0.264,0.0,0.0,4.573,3.105,0.078,0.982,0.221,1.384,0.441,0.0,0.0,,30.35,CHARGING,0.0,1.468,0.0,100.0,3.75
2026-07-05T04:00:00,4,6,7,True,30.22,72.29,3.62,0.439,0.264,0.0,0.0,3.408,1.836,-0.075,0.012,0.185,1.416,0.299,0.0,0.0,,34.08,CHARGING,0.0,1.572,0.0,100.0,2.795
2026-07-05T05:00:00,5,6,7,True,35.7,71.65,5.31,0.439,0.264,0.0,0.0,5.077,2.472,-0.083,0.382,0.173,1.566,0.434,0.0,0.0,,40.27,CHARGING,0.0,2.605,0.0,100.0,4.163
2026-07-05T06:00:00,6,6,7,True,34.35,69.52,3.94,0.439,0.264,0.0,0.0,3.716,2.331,0.102,0.59,0.453,0.841,0.346,0.0,0.0,,43.56,CHARGING,0.0,1.385,0.0,100.0,3.047
2026-07-05T07:00:00,7,6,7,True,35.33,69.8,5.1,0.439,0.264,150.98,1.282,4.983,3.422,-0.396,0.578,0.123,1.259,1.857,0.0,0.0,,50.31,CHARGING,0.0,2.843,0.0,100.0,5.137
2026-07-05T08:00:00,8,6,7,True,38.05,68.73,4.51,0.439,0.264,291.67,2.512,4.93,6.58,0.147,0.589,2.145,1.704,1.996,0.0,0.0,,52.36,CHARGING,0.0,0.862,0.0,100.0,6.102
2026-07-05T09:00:00,9,6,7,True,42.1,72.03,5.27,0.439,0.264,412.48,3.358,4.916,7.829,-0.055,3.234,1.998,2.121,0.532,0.0,0.0,,53.41,CHARGING,0.0,0.445,0.0,100.0,6.785
2026-07-05T10:00:00,10,6,7,True,43.66,63.6,4.96,0.439,0.264,505.19,4.248,4.939,14.637,-0.33,2.914,2.132,2.319,0.602,7.0,0.0,,39.07,DISCHARGING,5.45,0.0,37.23,62.77,7.533
2026-07-05T11:00:00,11,6,7,True,42.92,69.67,5.48,0.439,0.264,563.46,4.71,4.872,15.223,0.222,2.849,1.935,2.701,0.516,7.0,0.0,,24.23,DISCHARGING,5.641,0.0,37.06,62.94,7.857
2026-07-05T12:00:00,12,6,7,True,44.63,68.53,2.71,0.439,0.264,583.34,4.832,2.309,17.448,0.311,3.11,2.197,2.853,1.977,7.0,0.0,,20.0,DISCHARGING,10.307,0.0,59.07,40.93,5.856
2026-07-05T13:00:00,13,6,7,True,43.9,78.78,3.85,0.439,0.264,563.46,4.799,3.775,17.281,-0.043,3.173,2.167,2.938,2.045,7.0,0.0,,20.0,HOLD,8.707,0.0,50.38,49.62,7.031
2026-07-05T14:00:00,14,6,7,True,41.93,67.97,1.74,0.439,0.264,505.19,4.25,1.317,8.494,-0.048,3.016,1.913,3.076,0.537,0.0,0.0,,20.0,HOLD,2.927,0.0,34.46,65.54,4.565
2026-07-05T15:00:00,15,6,7,True,43.02,71.66,1.75,0.439,0.264,412.48,3.434,1.209,8.532,0.063,3.017,2.014,3.068,0.371,0.0,0.0,,20.0,HOLD,3.889,0.0,45.58,54.42,3.807
2026-07-05T16:00:00,16,6,7,True,38.56,82.34,2.63,0.439,0.264,291.67,2.423,2.011,8.341,-0.191,2.969,2.09,3.057,0.417,0.0,0.0,,20.0,HOLD,3.907,0.0,46.84,53.16,3.636
2026-07-05T17:00:00,17,6,7,True,37.79,67.56,0.51,0.439,0.264,150.98,1.289,0.026,7.879,-0.232,2.664,2.076,2.91,0.461,0.0,0.0,,20.0,HOLD,6.564,0.0,83.31,16.69,1.078
2026-07-05T18:00:00,18,6,7,True,32.17,72.1,0.0,0.439,0.264,0.0,0.0,0.122,9.996,-0.365,3.253,1.911,2.876,2.321,0.0,0.0,,20.0,HOLD,9.874,0.0,98.78,1.22,0.1
2026-07-05T19:00:00,19,6,7,True,29.45,59.74,1.62,0.439,0.264,0.0,0.0,1.015,9.246,0.026,2.726,2.078,2.291,2.124,0.0,0.0,,20.0,HOLD,8.231,0.0,89.02,10.98,0.832
2026-07-05T20:00:00,20,6,7,True,30.31,76.76,0.15,0.439,0.264,0.0,0.0,0.219,6.017,0.244,2.761,0.192,2.268,0.553,0.0,0.0,,20.0,HOLD,5.798,0.0,96.36,3.64,0.18
2026-07-05T21:00:00,21,6,7,True,29.93,67.79,1.73,0.439,0.264,0.0,0.0,1.265,2.453,0.001,0.182,0.144,1.867,0.26,0.0,0.0,,20.0,HOLD,1.188,0.0,48.43,51.57,1.037
2026-07-05T22:00:00,22,6,7,True,26.87,67.75,3.2,0.439,0.264,0.0,0.0,2.613,2.513,0.114,0.252,0.152,1.645,0.35,0.0,0.0,,20.24,CHARGING,0.0,0.1,0.0,100.0,2.143
2026-07-05T23:00:00,23,6,7,True,24.01,70.0,3.22,0.439,0.264,0.0,0.0,2.793,1.991,-0.294,0.367,0.361,1.295,0.262,0.0,0.0,,22.14,CHARGING,0.0,0.802,0.0,100.0,2.29
2026-07-06T00:00:00,0,0,7,False,27.27,71.48,2.96,0.358,0.215,0.0,0.0,2.244,3.579,1.309,0.299,0.058,1.472,0.441,0.0,0.0,,20.0,DISCHARGING,1.335,0.0,37.3,62.7,1.84
2026-07-06T01:00:00,1,0,7,False,24.74,70.98,4.08,0.358,0.215,0.0,0.0,4.036,4.004,1.004,0.908,0.049,1.66,0.383,0.0,0.0,,20.08,CHARGING,0.0,0.032,0.0,100.0,3.31
2026-07-06T02:00:00,2,0,7,False,27.86,66.43,2.63,0.358,0.215,0.0,0.0,2.003,3.87,1.3,0.627,0.136,1.628,0.18,0.0,0.0,,20.0,DISCHARGING,1.867,0.0,48.24,51.76,1.642
2026-07-06T03:00:00,3,0,7,False,29.79,74.36,5.71,0.358,0.215,0.0,0.0,4.97,3.691,1.073,0.509,0.254,1.379,0.476,0.0,0.0,,23.04,CHARGING,0.0,1.279,0.0,100.0,4.075
2026-07-06T04:00:00,4,0,7,False,34.13,60.44,4.68,0.358,0.215,0.0,0.0,5.078,4.207,1.188,0.863,0.147,1.625,0.384,0.0,0.0,,25.11,CHARGING,0.0,0.871,0.0,100.0,4.164
2026-07-06T05:00:00,5,0,7,False,31.76,61.18,4.61,0.358,0.215,0.0,0.0,4.941,3.838,1.329,0.439,0.095,1.465,0.51,0.0,0.0,,27.73,CHARGING,0.0,1.103,0.0,100.0,4.052
2026-07-06T06:00:00,6,0,7,False,34.15,67.94,4.3,0.358,0.215,0.0,0.0,4.628,3.367,1.271,0.793,0.272,0.727,0.304,0.0,0.0,,30.72,CHARGING,0.0,1.261,0.0,100.0,3.795
2026-07-06T07:00:00,7,0,7,False,35.37,71.14,3.87,0.358,0.215,167.58,1.454,3.809,5.436,0.681,1.217,0.111,1.572,1.855,0.0,0.0,,30.27,DISCHARGING,0.173,0.0,3.18,96.82,4.316
2026-07-06T08:00:00,8,0,7,False,37.71,68.97,2.97,0.358,0.215,323.73,2.705,2.452,10.451,3.725,0.833,2.071,1.89,1.931,0.0,0.0,,20.0,DISCHARGING,5.294,0.0,50.66,49.34,4.229
2026-07-06T09:00:00,9,0,7,False,40.91,65.49,3.38,0.358,0.215,457.83,3.818,3.157,14.912,4.203,6.297,1.916,2.1,0.396,0.0,0.0,,20.0,HOLD,7.937,0.0,53.23,46.77,5.719
2026-07-06T10:00:00,10,0,7,False,41.37,64.36,3.43,0.358,0.215,560.72,4.88,3.211,21.974,4.035,5.921,2.245,2.446,0.328,7.0,0.0,,20.0,HOLD,13.883,0.0,63.18,36.82,6.635
2026-07-06T11:00:00,11,0,7,False,42.25,67.89,3.35,0.358,0.215,625.4,5.167,3.104,21.576,4.29,5.606,1.887,2.436,0.356,7.0,0.0,,20.0,HOLD,13.305,0.0,61.67,38.33,6.782
2026-07-06T12:00:00,12,0,7,False,45.93,71.89,3.8,0.358,0.215,647.46,5.311,3.677,23.884,3.71,6.235,2.049,2.912,1.979,7.0,0.0,,20.0,HOLD,14.896,0.0,62.37,37.63,7.37
2026-07-06T13:00:00,13,0,7,False,42.44,71.62,2.62,0.358,0.215,625.4,5.082,2.192,23.468,3.996,5.682,1.792,2.853,2.145,7.0,0.0,,20.0,HOLD,16.194,0.0,69.0,31.0,5.965
2026-07-06T14:00:00,14,0,7,False,44.37,76.97,2.28,0.358,0.215,560.72,4.652,1.822,14.875,3.91,5.846,1.932,2.659,0.529,0.0,0.0,,20.0,HOLD,8.401,0.0,56.48,43.52,5.309
2026-07-06T15:00:00,15,0,7,False,39.62,61.26,0.94,0.358,0.215,457.83,3.864,0.635,15.229,4.419,5.502,1.965,2.845,0.499,0.0,0.0,,20.0,HOLD,10.73,0.0,70.46,29.54,3.689
2026-07-06T16:00:00,16,0,7,False,39.36,67.53,0.76,0.358,0.215,323.73,2.72,0.492,15.61,4.109,6.201,1.733,2.958,0.608,0.0,0.0,,20.0,HOLD,12.398,0.0,79.42,20.58,2.634
2026-07-06T17:00:00,17,0,7,False,38.99,65.6,0.0,0.358,0.215,167.58,1.39,0.171,14.596,4.049,5.77,2.003,2.482,0.292,0.0,0.0,,20.0,HOLD,13.035,0.0,89.31,10.69,1.28
2026-07-06T18:00:00,18,0,7,False,34.98,57.46,1.68,0.358,0.215,0.0,0.0,1.186,16.738,3.71,6.069,2.007,2.976,1.977,0.0,0.0,,20.0,HOLD,15.552,0.0,92.91,7.09,0.973
2026-07-06T19:00:00,19,0,7,False,32.6,60.53,1.75,0.358,0.215,0.0,0.0,1.114,16.692,3.972,6.255,2.055,2.396,2.014,0.0,0.0,,20.0,HOLD,15.578,0.0,93.33,6.67,0.913
2026-07-06T20:00:00,20,0,7,False,33.16,67.89,0.6,0.358,0.215,0.0,0.0,0.228,10.161,0.874,6.423,0.123,2.404,0.338,0.0,0.0,,20.0,HOLD,9.933,0.0,97.76,2.24,0.187
2026-07-06T21:00:00,21,0,7,False,28.33,72.13,2.56,0.358,0.215,0.0,0.0,2.12,4.29,1.142,0.597,0.134,2.086,0.331,0.0,0.0,,20.0,HOLD,2.17,0.0,50.58,49.42,1.738
2026-07-06T22:00:00,22,0,7,False,30.23,67.27,1.75,0.358,0.215,0.0,0.0,1.157,3.927,1.14,0.591,0.289,1.519,0.387,0.0,0.0,,20.0,HOLD,2.77,0.0,70.54,29.46,0.949
2026-07-06T23:00:00,23,0,7,False,27.22,66.67,3.17,0.358,0.215,0.0,0.0,2.812,3.226,1.152,0.549,0.068,1.109,0.347,0.0,0.0,,20.0,HOLD,0.414,0.0,12.83,87.17,2.306
2026-07-07T00:00:00,0,1,7,False,28.63,62.02,2.97,0.222,0.133,0.0,0.0,2.719,4.142,1.451,0.344,0.15,1.772,0.424,0.0,0.0,,20.0,HOLD,1.423,0.0,34.36,65.64,2.23
2026-07-07T01:00:00,1,1,7,False,26.8,69.48,4.09,0.222,0.133,0.0,0.0,4.161,3.473,1.385,0.252,0.201,1.333,0.302,0.0,0.0,,21.63,CHARGING,0.0,0.688,0.0,100.0,3.412
2026-07-07T02:00:00,2,1,7,False,27.16,62.84,4.38,0.222,0.133,0.0,0.0,4.591,3.88,0.971,0.729,0.313,1.488,0.38,0.0,0.0,,23.32,CHARGING,0.0,0.711,0.0,100.0,3.765
2026-07-07T03:00:00,3,1,7,False,29.83,67.13,2.79,0.222,0.133,0.0,0.0,2.32,4.194,1.176,0.823,0.365,1.646,0.184,0.0,0.0,,20.0,DISCHARGING,1.874,0.0,44.68,55.32,1.902
2026-07-07T04:00:00,4,1,7,False,31.77,67.56,6.79,0.222,0.133,0.0,0.0,5.028,3.843,0.944,0.97,0.104,1.511,0.314,0.0,0.0,,22.81,CHARGING,0.0,1.185,0.0,100.0,4.123
2026-07-07T05:00:00,5,1,7,False,32.04,64.96,6.12,0.222,0.133,0.0,0.0,4.885,3.252,0.826,0.225,0.211,1.647,0.344,0.0,0.0,,26.69,CHARGING,0.0,1.633,0.0,100.0,4.006
2026-07-07T06:00:00,6,1,7,False,37.28,63.26,4.43,0.222,0.133,0.0,0.0,4.755,3.201,1.62,0.071,0.165,1.09,0.255,0.0,0.0,,30.38,CHARGING,0.0,1.554,0.0,100.0,3.899
2026-07-07T07:00:00,7,1,7,False,37.85,64.84,5.91,0.222,0.133,195.39,1.687,5.176,5.542,1.59,0.581,0.147,1.127,2.098,0.0,0.0,,33.52,CHARGING,0.0,1.321,0.0,100.0,5.628
2026-07-07T08:00:00,8,1,7,False,36.87,64.96,4.53,0.222,0.133,377.47,3.203,4.849,10.827,4.513,0.564,1.956,1.771,2.024,0.0,0.0,,26.22,DISCHARGING,2.775,0.0,25.63,74.37,6.603
2026-07-07T09:00:00,9,1,7,False,42.74,63.21,4.55,0.222,0.133,533.83,4.304,4.684,14.152,3.633,6.114,1.864,2.138,0.403,0.0,0.0,,20.0,DISCHARGING,5.164,0.0,36.49,63.51,7.37
2026-07-07T10:00:00,10,1,7,False,41.49,67.56,3.32,0.222,0.133,653.8,5.408,2.933,22.068,4.238,6.106,1.977,2.346,0.401,7.0,0.0,,20.0,HOLD,13.727,0.0,62.2,37.8,6.84
2026-07-07T11:00:00,11,1,7,False,43.23,74.8,2.86,0.222,0.133,729.22,6.014,2.579,22.274,3.962,6.242,2.073,2.681,0.316,7.0,0.0,,20.0,HOLD,13.681,0.0,61.42,38.58,7.046
2026-07-07T12:00:00,12,1,7,False,44.54,63.15,4.48,0.222,0.133,754.94,6.268,4.684,24.082,3.931,6.513,1.9,2.577,2.161,7.0,0.0,,20.0,HOLD,13.13,0.0,54.52,45.48,8.981
2026-07-07T13:00:00,13,1,7,False,43.59,62.2,4.18,0.222,0.133,729.22,6.09,4.205,23.481,4.029,5.468,2.068,2.922,1.994,7.0,0.0,,20.0,HOLD,13.186,0.0,56.16,43.84,8.442
2026-07-07T14:00:00,14,1,7,False,41.27,68.09,1.28,0.222,0.133,653.8,5.372,0.779,16.04,4.415,6.446,1.849,2.888,0.442,0.0,0.0,,20.0,HOLD,9.889,0.0,61.65,38.35,5.044
2026-07-07T15:00:00,15,1,7,False,40.48,66.37,0.47,0.222,0.133,533.83,4.506,0.351,15.491,3.949,6.35,1.873,2.846,0.472,0.0,0.0,,20.0,HOLD,10.634,0.0,68.65,31.35,3.983
2026-07-07T16:00:00,16,1,7,False,40.55,64.57,0.5,0.222,0.133,377.47,3.098,0.16,15.146,4.167,5.87,1.975,2.799,0.335,0.0,0.0,,20.0,HOLD,11.888,0.0,78.49,21.51,2.672
2026-07-07T17:00:00,17,1,7,False,39.64,59.44,1.13,0.222,0.133,195.39,1.645,0.438,15.738,3.797,6.408,1.986,3.157,0.39,0.0,0.0,,20.0,HOLD,13.655,0.0,86.76,13.24,1.708
2026-07-07T18:00:00,18,1,7,False,34.87,51.08,1.51,0.222,0.133,0.0,0.0,0.925,17.352,4.297,6.289,1.887,2.905,1.974,0.0,0.0,,20.0,HOLD,16.427,0.0,94.67,5.33,0.758
2026-07-07T19:00:00,19,1,7,False,31.5,63.43,1.23,0.222,0.133,0.0,0.0,0.713,17.189,4.041,6.27,2.109,2.626,2.142,0.0,0.0,,20.0,HOLD,16.476,0.0,95.85,4.15,0.585
2026-07-07T20:00:00,20,1,7,False,31.84,70.64,1.4,0.222,0.133,0.0,0.0,0.833,10.958,1.544,6.487,0.199,2.182,0.546,0.0,0.0,,20.0,HOLD,10.125,0.0,92.4,7.6,0.683
2026-07-07T21:00:00,21,1,7,False,30.47,62.84,1.84,0.222,0.133,0.0,0.0,1.244,4.316,1.067,0.639,0.227,1.894,0.49,0.0,0.0,,20.0,HOLD,3.072,0.0,71.18,28.82,1.02
2026-07-07T22:00:00,22,1,7,False,29.93,63.07,2.78,0.222,0.133,0.0,0.0,2.32,4.522,0.953,0.802,0.215,2.007,0.546,0.0,0.0,,20.0,HOLD,2.202,0.0,48.7,51.3,1.902
2026-07-07T23:00:00,23,1,7,False,28.27,65.27,2.68,0.222,0.133,0.0,0.0,2.022,3.159,1.025,0.586,-0.011,1.183,0.375,0.0,0.0,,20.0,HOLD,1.137,0.0,35.99,64.01,1.658
2026-07-08T00:00:00,0,2,7,False,26.61,64.07,2.47,0.289,0.173,0.0,0.0,2.008,3.572,1.088,0.579,0.197,1.385,0.323,0.0,0.0,,20.0,HOLD,1.564,0.0,43.78,56.22,1.647
2026-07-08T01:00:00,1,2,7,False,28.72,60.31,3.18,0.289,0.173,0.0,0.0,2.85,3.871,0.805,0.588,0.287,1.568,0.623,0.0,0.0,,20.0,HOLD,1.021,0.0,26.38,73.62,2.337
2026-07-08T02:00:00,2,2,7,False,29.88,79.78,5.16,0.289,0.173,0.0,0.0,5.016,3.88,1.395,0.432,0.211,1.403,0.44,0.0,0.0,,22.7,CHARGING,0.0,1.136,0.0,100.0,4.113
2026-07-08T03:00:00,3,2,7,False,28.29,67.85,3.86,0.289,0.173,0.0,0.0,3.606,3.26,0.909,0.256,0.112,1.562,0.422,0.0,0.0,,23.52,CHARGING,0.0,0.346,0.0,100.0,2.957
2026-07-08T04:00:00,4,2,7,False,32.53,71.14,5.33,0.289,0.173,0.0,0.0,5.021,4.389,1.42,0.876,0.238,1.691,0.165,0.0,0.0,,25.02,CHARGING,0.0,0.632,0.0,100.0,4.117
2026-07-08T05:00:00,5,2,7,False,32.42,71.54,4.69,0.289,0.173,0.0,0.0,4.855,3.65,1.482,0.249,0.086,1.465,0.368,0.0,0.0,,27.88,CHARGING,0.0,1.205,0.0,100.0,3.981
2026-07-08T06:00:00,6,2,7,False,32.59,69.18,5.52,0.289,0.173,0.0,0.0,4.957,2.931,1.192,0.591,0.369,0.475,0.304,0.0,0.0,,32.69,CHARGING,0.0,2.026,0.0,100.0,4.065
2026-07-08T07:00:00,7,2,7,False,37.01,64.49,4.06,0.289,0.173,181.74,1.553,4.03,5.358,1.213,0.788,0.176,1.197,1.983,0.0,0.0,,33.23,CHARGING,0.0,0.225,0.0,100.0,4.578
2026-07-08T08:00:00,8,2,7,False,38.92,68.09,3.34,0.289,0.173,351.09,2.957,3.178,10.406,4.118,0.951,1.899,1.563,1.876,0.0,0.0,,21.99,DISCHARGING,4.271,0.0,41.04,58.96,5.031
2026-07-08T09:00:00,9,2,7,False,39.53,73.22,5.42,0.289,0.173,496.51,4.112,4.954,14.143,3.985,6.176,1.824,1.71,0.449,0.0,0.0,,20.0,DISCHARGING,5.077,0.0,35.9,64.1,7.434
2026-07-08T10:00:00,10,2,7,False,38.93,66.59,3.64,0.289,0.173,608.1,5.211,3.462,21.765,3.927,6.253,2.029,2.153,0.404,7.0,0.0,,20.0,HOLD,13.092,0.0,60.15,39.85,7.112
2026-07-08T11:00:00,11,2,7,False,43.23,69.71,4.89,0.289,0.173,678.25,5.797,4.939,21.694,3.895,5.929,1.986,2.357,0.527,7.0,0.0,,20.0,HOLD,10.958,0.0,50.51,49.49,8.804
2026-07-08T12:00:00,12,2,7,False,44.25,68.99,2.76,0.289,0.173,702.17,5.859,2.359,23.431,3.731,5.956,1.994,2.812,1.937,7.0,0.0,,20.0,HOLD,15.213,0.0,64.93,35.07,6.739
2026-07-08T13:00:00,13,2,7,False,38.91,65.48,1.62,0.289,0.173,678.25,5.772,1.196,24.118,4.117,6.024,1.997,3.039,1.941,7.0,0.0,,20.0,HOLD,17.15,0.0,71.11,28.89,5.714
2026-07-08T14:00:00,14,2,7,False,41.65,72.88,1.13,0.289,0.173,608.1,5.149,0.529,15.327,3.977,6.153,1.975,2.888,0.335,0.0,0.0,,20.0,HOLD,9.649,0.0,62.95,37.05,4.656
2026-07-08T15:00:00,15,2,7,False,41.09,63.51,1.3,0.289,0.173,496.51,4.069,0.748,15.469,3.964,5.904,2.02,3.112,0.47,0.0,0.0,,20.0,HOLD,10.652,0.0,68.86,31.14,3.95
2026-07-08T16:00:00,16,2,7,False,39.76,62.95,1.08,0.289,0.173,351.09,2.911,0.498,14.835,4.004,5.764,2.01,2.823,0.234,0.0,0.0,,20.0,HOLD,11.426,0.0,77.02,22.98,2.795
2026-07-08T17:00:00,17,2,7,False,38.23,61.6,0.69,0.289,0.173,181.74,1.515,0.328,15.386,4.275,5.879,1.978,3.034,0.219,0.0,0.0,,20.0,HOLD,13.543,0.0,88.02,11.98,1.511
2026-07-08T18:00:00,18,2,7,False,37.88,52.25,2.96,0.289,0.173,0.0,0.0,2.468,16.513,3.947,5.874,2.081,2.702,1.909,0.0,0.0,,20.0,HOLD,14.045,0.0,85.05,14.95,2.024
2026-07-08T19:00:00,19,2,7,False,32.6,59.86,1.48,0.289,0.173,0.0,0.0,1.1,16.559,3.872,5.959,1.96,2.591,2.177,0.0,0.0,,20.0,HOLD,15.459,0.0,93.36,6.64,0.902
2026-07-08T20:00:00,20,2,7,False,31.8,58.86,0.05,0.289,0.173,0.0,0.0,0.0,10.249,0.856,6.246,0.091,2.474,0.582,0.0,0.0,,20.0,HOLD,10.249,0.0,100.0,0.0,0.0
2026-07-08T21:00:00,21,2,7,False,28.9,59.62,1.94,0.289,0.173,0.0,0.0,1.298,4.045,0.983,0.513,0.153,1.901,0.495,0.0,0.0,,20.0,HOLD,2.747,0.0,67.91,32.09,1.064
2026-07-08T22:00:00,22,2,7,False,26.82,59.16,3.39,0.289,0.173,0.0,0.0,3.016,4.107,1.2,0.453,0.166,1.738,0.55,0.0,0.0,,20.0,HOLD,1.091,0.0,26.56,73.44,2.473
2026-07-08T23:00:00,23,2,7,False,28.99,66.7,2.16,0.289,0.173,0.0,0.0,1.486,3.038,0.971,0.469,0.225,0.978,0.395,0.0,0.0,,20.0,HOLD,1.552,0.0,51.09,48.91,1.219
2026-07-09T00:00:00,0,3,7,False,29.2,63.79,3.9,0.336,0.202,0.0,0.0,3.893,3.85,0.737,0.933,0.179,1.775,0.227,0.0,0.0,,20.1,CHARGING,0.0,0.043,0.0,100.0,3.192
2026-07-09T01:00:00,1,3,7,False,28.58,65.06,3.44,0.336,0.202,0.0,0.0,3.246,4.482,1.335,1.136,0.301,1.411,0.3,0.0,0.0,,20.0,DISCHARGING,1.236,0.0,27.58,72.42,2.662
2026-07-09T02:00:00,2,3,7,False,25.95,62.83,5.18,0.336,0.202,0.0,0.0,5.053,3.901,1.266,0.508,0.266,1.498,0.363,0.0,0.0,,22.74,CHARGING,0.0,1.152,0.0,100.0,4.143
2026-07-09T03:00:00,3,3,7,False,30.32,62.73,4.3,0.336,0.202,0.0,0.0,4.45,4.156,1.298,0.464,0.079,1.76,0.555,0.0,0.0,,23.43,CHARGING,0.0,0.294,0.0,100.0,3.649
2026-07-09T04:00:00,4,3,7,False,32.25,65.22,4.42,0.336,0.202,0.0,0.0,4.614,4.456,1.073,1.162,0.195,1.765,0.26,0.0,0.0,,23.81,CHARGING,0.0,0.158,0.0,100.0,3.783
2026-07-09T05:00:00,5,3,7,False,33.63,66.87,6.59,0.336,0.202,0.0,0.0,4.883,3.846,1.416,0.369,0.191,1.315,0.556,0.0,0.0,,26.27,CHARGING,0.0,1.037,0.0,100.0,4.004
2026-07-09T06:00:00,6,3,7,False,36.66,60.95,4.97,0.336,0.202,0.0,0.0,4.963,2.205,0.979,0.071,0.135,0.682,0.338,0.0,0.0,,32.82,CHARGING,0.0,2.758,0.0,100.0,4.07
2026-07-09T07:00:00,7,3,7,False,38.12,68.5,4.63,0.336,0.202,172.13,1.447,4.99,5.5,1.584,0.495,0.238,1.03,2.152,0.0,0.0,,35.05,CHARGING,0.0,0.937,0.0,100.0,5.278
2026-07-09T08:00:00,8,3,7,False,38.21,66.1,5.57,0.336,0.202,332.53,2.869,5.067,10.457,3.91,0.928,1.924,1.735,1.961,0.0,0.0,,28.41,DISCHARGING,2.521,0.0,24.11,75.89,6.508
2026-07-09T09:00:00,9,3,7,False,41.11,66.97,4.04,0.336,0.202,470.27,3.875,4.092,14.15,4.009,5.838,1.994,1.97,0.338,0.0,0.0,,20.0,DISCHARGING,6.183,0.0,43.7,56.3,6.533
2026-07-09T10:00:00,10,3,7,False,41.66,78.45,3.2,0.336,0.202,575.96,4.941,2.884,20.837,4.234,5.406,1.744,2.19,0.262,7.0,0.0,,20.0,HOLD,13.012,0.0,62.45,37.55,6.416
2026-07-09T11:00:00,11,3,7,False,42.3,71.32,3.68,0.336,0.202,642.4,5.259,3.573,22.161,4.003,6.104,1.948,2.716,0.39,7.0,0.0,,20.0,HOLD,13.329,0.0,60.15,39.85,7.242
2026-07-09T12:00:00,12,3,7,False,45.59,70.43,2.37,0.336,0.202,665.07,5.486,1.789,23.157,4.126,5.91,1.734,2.259,2.127,7.0,0.0,,20.0,HOLD,15.882,0.0,68.58,31.42,5.966
2026-07-09T13:00:00,13,3,7,False,44.5,66.63,3.99,0.336,0.202,642.4,5.193,3.946,24.122,4.002,5.698,2.165,3.209,2.048,7.0,0.0,,20.0,HOLD,14.983,0.0,62.11,37.89,7.494
2026-07-09T14:00:00,14,3,7,False,41.84,74.45,0.96,0.336,0.202,575.96,4.842,0.444,15.196,4.096,5.824,2.015,2.752,0.509,0.0,0.0,,20.0,HOLD,9.91,0.0,65.21,34.79,4.335
2026-07-09T15:00:00,15,3,7,False,40.43,65.71,2.51,0.336,0.202,470.27,3.96,1.87,15.253,4.152,5.737,1.951,3.0,0.412,0.0,0.0,,20.0,HOLD,9.423,0.0,61.78,38.22,4.781
2026-07-09T16:00:00,16,3,7,False,36.37,70.7,1.08,0.336,0.202,332.53,2.835,0.541,15.354,4.032,5.962,1.897,2.963,0.499,0.0,0.0,,20.0,HOLD,11.978,0.0,78.01,21.99,2.768
2026-07-09T17:00:00,17,3,7,False,35.42,59.81,0.77,0.336,0.202,172.13,1.513,0.328,14.71,3.83,6.028,1.88,2.718,0.254,0.0,0.0,,20.0,HOLD,12.869,0.0,87.48,12.52,1.51
2026-07-09T18:00:00,18,3,7,False,33.33,63.05,2.09,0.336,0.202,0.0,0.0,1.423,16.807,4.152,5.692,2.004,2.727,2.233,0.0,0.0,,20.0,HOLD,15.384,0.0,91.53,8.47,1.167
2026-07-09T19:00:00,19,3,7,False,33.8,70.14,0.59,0.336,0.202,0.0,0.0,0.066,16.047,3.832,5.929,1.958,2.459,1.87,0.0,0.0,,20.0,HOLD,15.981,0.0,99.59,0.41,0.054
2026-07-09T20:00:00,20,3,7,False,33.03,65.72,0.13,0.336,0.202,0.0,0.0,0.02,9.333,1.004,5.595,0.177,2.136,0.421,0.0,0.0,,20.0,HOLD,9.313,0.0,99.79,0.21,0.016
2026-07-09T21:00:00,21,3,7,False,27.17,67.3,2.24,0.336,0.202,0.0,0.0,1.816,3.952,1.112,0.382,0.145,1.921,0.391,0.0,0.0,,20.0,HOLD,2.136,0.0,54.05,45.95,1.489
2026-07-09T22:00:00,22,3,7,False,26.75,63.91,0.38,0.336,0.202,0.0,0.0,0.131,5.205,1.44,1.187,0.276,1.826,0.477,0.0,0.0,,20.0,HOLD,5.074,0.0,97.48,2.52,0.107
2026-07-09T23:00:00,23,3,7,False,29.77,71.48,3.96,0.336,0.202,0.0,0.0,3.924,3.49,1.192,0.499,0.262,1.157,0.381,0.0,0.0,,21.03,CHARGING,0.0,0.434,0.0,100.0,3.218
2026-07-10T00:00:00,0,4,7,False,23.4,70.93,4.38,0.602,0.361,0.0,0.0,4.727,4.738,1.26,1.033,0.076,1.86,0.509,0.0,0.0,,21.0,DISCHARGING,0.011,0.0,0.23,99.77,3.876
2026-07-10T01:00:00,1,4,7,False,27.51,66.19,4.66,0.602,0.361,0.0,0.0,5.144,3.885,0.827,0.768,0.253,1.795,0.242,0.0,0.0,,23.99,CHARGING,0.0,1.259,0.0,100.0,4.218
2026-07-10T02:00:00,2,4,7,False,30.41,69.8,3.55,0.602,0.361,0.0,0.0,3.239,3.5,1.281,0.266,0.274,1.401,0.279,0.0,0.0,,23.31,DISCHARGING,0.261,0.0,7.46,92.54,2.656
2026-07-10T03:00:00,3,4,7,False,28.48,70.65,4.68,0.602,0.361,0.0,0.0,5.07,3.978,1.416,0.507,0.096,1.511,0.447,0.0,0.0,,25.9,CHARGING,0.0,1.092,0.0,100.0,4.157
2026-07-10T04:00:00,4,4,7,False,28.74,68.44,4.02,0.602,0.361,0.0,0.0,3.953,3.334,1.341,0.118,0.042,1.45,0.382,0.0,0.0,,27.37,CHARGING,0.0,0.619,0.0,100.0,3.241
2026-07-10T05:00:00,5,4,7,False,30.68,70.03,4.45,0.602,0.361,0.0,0.0,4.703,4.148,1.068,1.043,0.249,1.379,0.409,0.0,0.0,,28.69,CHARGING,0.0,0.555,0.0,100.0,3.856
2026-07-10T06:00:00,6,4,7,False,35.11,69.03,5.97,0.602,0.361,0.0,0.0,5.004,4.017,1.498,0.987,0.22,0.861,0.451,0.0,0.0,,31.03,CHARGING,0.0,0.987,0.0,100.0,4.103
2026-07-10T07:00:00,7,4,7,False,36.73,72.43,6.28,0.602,0.361,117.72,1.002,4.954,5.142,0.957,0.767,0.118,1.429,1.871,0.0,0.0,,32.96,CHARGING,0.0,0.814,0.0,100.0,4.884
2026-07-10T08:00:00,8,4,7,False,39.12,61.27,5.65,0.602,0.361,227.42,2.009,4.957,10.631,4.028,0.771,2.073,1.659,2.1,0.0,0.0,,23.32,DISCHARGING,3.665,0.0,34.47,65.53,5.712
2026-07-10T09:00:00,9,4,7,False,41.36,74.64,5.82,0.602,0.361,321.62,2.811,5.09,14.942,3.639,6.783,1.943,2.174,0.403,0.0,0.0,,20.0,DISCHARGING,7.041,0.0,47.12,52.88,6.479
2026-07-10T10:00:00,10,4,7,False,43.45,75.16,3.45,0.602,0.361,393.91,3.267,3.361,21.83,4.088,6.281,1.784,2.237,0.441,7.0,0.0,,20.0,HOLD,15.202,0.0,69.64,30.36,5.435
2026-07-10T11:00:00,11,4,7,False,42.99,70.2,4.29,0.602,0.361,439.34,3.673,4.556,21.493,3.544,6.177,1.967,2.372,0.434,7.0,0.0,,20.0,HOLD,13.264,0.0,61.71,38.29,6.748
2026-07-10T12:00:00,12,4,7,False,44.77,71.36,3.83,0.602,0.361,454.84,3.836,3.836,23.551,3.983,5.792,1.936,2.844,1.996,7.0,0.0,,20.0,HOLD,15.879,0.0,67.42,32.58,6.291
2026-07-10T13:00:00,13,4,7,False,41.09,76.19,1.13,0.602,0.361,439.34,3.659,0.637,23.736,4.248,5.607,1.995,2.848,2.038,7.0,0.0,,20.0,HOLD,19.44,0.0,81.9,18.1,3.523
2026-07-10T14:00:00,14,4,7,False,43.72,74.88,0.94,0.602,0.361,393.91,3.347,0.434,15.644,3.973,6.126,2.034,3.055,0.456,0.0,0.0,,20.0,HOLD,11.863,0.0,75.83,24.17,3.1
2026-07-10T15:00:00,15,4,7,False,39.11,77.87,2.38,0.602,0.361,321.62,2.741,1.684,15.126,3.977,6.058,1.886,2.946,0.259,0.0,0.0,,20.0,HOLD,10.701,0.0,70.75,29.25,3.628
2026-07-10T16:00:00,16,4,7,False,39.84,63.8,1.4,0.602,0.361,227.42,1.939,0.823,15.104,4.103,5.883,1.92,2.852,0.346,0.0,0.0,,20.0,HOLD,12.342,0.0,81.71,18.29,2.265
2026-07-10T17:00:00,17,4,7,False,37.03,71.08,1.19,0.602,0.361,117.72,1.0,0.611,16.024,4.502,5.769,1.944,3.367,0.442,0.0,0.0,,20.0,HOLD,14.413,0.0,89.95,10.05,1.321
2026-07-10T18:00:00,18,4,7,False,32.86,67.48,1.67,0.602,0.361,0.0,0.0,1.062,17.36,3.912,6.483,2.057,2.865,2.043,0.0,0.0,,20.0,HOLD,16.298,0.0,93.88,6.12,0.871
2026-07-10T19:00:00,19,4,7,False,32.19,78.08,1.56,0.602,0.361,0.0,0.0,1.152,16.663,4.17,6.064,2.025,2.529,1.875,0.0,0.0,,20.0,HOLD,15.511,0.0,93.09,6.91,0.945
2026-07-10T20:00:00,20,4,7,False,30.79,69.95,1.44,0.602,0.361,0.0,0.0,0.871,10.394,1.355,6.199,0.217,2.045,0.579,0.0,0.0,,20.0,HOLD,9.523,0.0,91.62,8.38,0.714
2026-07-10T21:00:00,21,4,7,False,29.06,70.32,1.52,0.602,0.361,0.0,0.0,1.092,4.85,1.477,0.733,0.189,2.043,0.407,0.0,0.0,,20.0,HOLD,3.758,0.0,77.48,22.52,0.895
2026-07-10T22:00:00,22,4,7,False,27.71,69.83,2.27,0.602,0.361,0.0,0.0,1.731,3.831,1.321,0.414,0.271,1.482,0.343,0.0,0.0,,20.0,HOLD,2.1,0.0,54.82,45.18,1.419
2026-07-10T23:00:00,23,4,7,False,26.41,77.11,1.62,0.602,0.361,0.0,0.0,0.966,3.657,1.451,0.429,0.181,1.113,0.483,0.0,0.0,,20.0,HOLD,2.691,0.0,73.58,26.42,0.792
2026-07-11T00:00:00,0,5,7,True,28.2,69.51,3.59,0.341,0.205,0.0,0.0,3.35,2.6,-0.163,0.687,0.276,1.396,0.404,0.0,0.0,,21.78,CHARGING,0.0,0.75,0.0,100.0,2.747
2026-07-11T01:00:00,1,5,7,True,26.75,67.71,2.62,0.341,0.205,0.0,0.0,2.019,1.498,-0.296,-0.169,0.163,1.487,0.312,0.0,0.0,,23.02,CHARGING,0.0,0.521,0.0,100.0,1.656
2026-07-11T02:00:00,2,5,7,True,28.98,69.71,3.95,0.341,0.205,0.0,0.0,3.843,2.049,0.023,-0.079,0.254,1.359,0.492,0.0,0.0,,27.28,CHARGING,0.0,1.794,0.0,100.0,3.151
2026-07-11T03:00:00,3,5,7,True,28.76,61.21,5.26,0.341,0.205,0.0,0.0,5.038,3.385,0.234,0.8,0.204,1.776,0.371,0.0,0.0,,31.21,CHARGING,0.0,1.653,0.0,100.0,4.131
2026-07-11T04:00:00,4,5,7,True,32.58,68.93,3.98,0.341,0.205,0.0,0.0,3.855,2.228,0.093,-0.094,0.243,1.636,0.35,0.0,0.0,,35.07,CHARGING,0.0,1.627,0.0,100.0,3.161
2026-07-11T05:00:00,5,5,7,True,31.4,62.0,4.55,0.341,0.205,0.0,0.0,4.867,2.874,-0.061,0.802,0.128,1.709,0.296,0.0,0.0,,39.8,CHARGING,0.0,1.993,0.0,100.0,3.991
2026-07-11T06:00:00,6,5,7,True,35.04,72.48,5.95,0.341,0.205,0.0,0.0,5.056,2.11,0.084,0.138,0.262,1.179,0.447,0.0,0.0,,46.8,CHARGING,0.0,2.946,0.0,100.0,4.146
2026-07-11T07:00:00,7,5,7,True,37.85,59.52,5.47,0.341,0.205,171.05,0.884,4.898,4.274,-0.118,0.949,0.175,1.154,2.115,0.0,0.75,SOLAR_DEGRADATION,50.38,CHARGING,0.0,1.508,0.0,100.0,4.741
2026-07-11T08:00:00,8,5,7,True,37.51,73.07,4.37,0.341,0.205,330.44,1.697,4.418,6.076,0.109,0.181,2.154,1.527,2.105,0.0,0.75,SOLAR_DEGRADATION,50.47,CHARGING,0.0,0.039,0.0,100.0,5.014
2026-07-11T09:00:00,9,5,7,True,43.25,65.86,3.73,0.341,0.205,467.32,2.357,3.521,7.327,0.054,2.933,1.975,1.957,0.407,0.0,0.75,SOLAR_DEGRADATION,46.66,DISCHARGING,1.449,0.0,19.78,80.22,4.82
2026-07-11T10:00:00,10,5,7,True,42.1,64.05,3.52,0.341,0.205,572.34,2.872,3.299,14.34,-0.088,3.097,1.819,2.14,0.372,7.0,0.75,SOLAR_DEGRADATION,25.16,DISCHARGING,8.169,0.0,56.97,43.03,5.06
2026-07-11T11:00:00,11,5,7,True,41.37,66.92,4.82,0.341,0.205,638.37,3.233,4.952,14.356,-0.003,2.635,1.983,2.368,0.372,7.0,0.75,SOLAR_DEGRADATION,20.0,DISCHARGING,6.171,0.0,42.99,57.01,6.712
2026-07-11T12:00:00,12,5,7,True,39.09,74.14,2.1,0.341,0.205,660.89,3.424,1.651,17.112,0.278,3.202,1.955,2.563,2.115,7.0,0.75,SOLAR_DEGRADATION,20.0,HOLD,12.037,0.0,70.34,29.66,4.162
2026-07-11T13:00:00,13,5,7,True,42.75,65.0,4.48,0.341,0.205,638.37,3.329,4.722,17.371,0.267,3.509,1.898,2.801,1.897,7.0,0.75,SOLAR_DEGRADATION,20.0,HOLD,9.32,0.0,53.65,46.35,6.602
2026-07-11T14:00:00,14,5,7,True,40.01,65.84,2.53,0.341,0.205,572.34,2.908,2.072,8.49,-0.371,3.386,1.965,3.048,0.462,0.0,0.75,SOLAR_DEGRADATION,20.0,HOLD,3.51,0.0,41.34,58.66,4.084
2026-07-11T15:00:00,15,5,7,True,42.64,56.21,1.5,0.341,0.205,467.32,2.348,0.94,8.067,-0.207,3.044,1.964,2.799,0.467,0.0,0.75,SOLAR_DEGRADATION,20.0,HOLD,4.779,0.0,59.24,40.76,2.696
2026-07-11T16:00:00,16,5,7,True,38.08,64.51,0.94,0.341,0.205,330.44,1.733,0.454,8.565,0.016,2.868,2.046,3.17,0.465,0.0,0.75,SOLAR_DEGRADATION,20.0,HOLD,6.378,0.0,74.47,25.53,1.793
2026-07-11T17:00:00,17,5,7,True,38.03,59.92,1.55,0.341,0.205,171.05,0.86,0.947,7.394,-0.145,2.681,1.813,2.671,0.374,0.0,0.75,SOLAR_DEGRADATION,20.0,HOLD,5.587,0.0,75.56,24.44,1.482
2026-07-11T18:00:00,18,5,7,True,34.82,67.22,0.37,0.341,0.205,0.0,0.0,0.22,9.696,-0.032,3.209,2.02,2.508,1.991,0.0,0.75,SOLAR_DEGRADATION,20.0,HOLD,9.476,0.0,97.73,2.27,0.18
2026-07-11T19:00:00,19,5,7,True,31.0,63.1,0.98,0.341,0.205,0.0,0.0,0.352,9.661,0.003,3.172,2.091,2.394,2.002,0.0,0.0,,20.0,HOLD,9.309,0.0,96.36,3.64,0.289
2026-07-11T20:00:00,20,5,7,True,31.2,59.42,2.51,0.341,0.205,0.0,0.0,2.264,4.778,-0.055,2.433,0.142,1.835,0.424,0.0,0.0,,20.0,HOLD,2.514,0.0,52.62,47.38,1.856
2026-07-11T21:00:00,21,5,7,True,30.49,64.47,0.86,0.341,0.205,0.0,0.0,0.221,2.272,-0.264,0.232,0.125,1.906,0.274,0.0,0.0,,20.0,HOLD,2.051,0.0,90.27,9.73,0.181
2026-07-11T22:00:00,22,5,7,True,28.32,69.57,1.88,0.341,0.205,0.0,0.0,1.31,2.424,-0.289,0.448,0.167,1.593,0.505,0.0,0.0,,20.0,HOLD,1.114,0.0,45.96,54.04,1.074
2026-07-11T23:00:00,23,5,7,True,26.12,74.05,3.56,0.341,0.205,0.0,0.0,3.265,2.068,-0.437,0.624,0.211,1.153,0.517,0.0,0.0,,22.84,CHARGING,0.0,1.197,0.0,100.0,2.677
2026-07-12T00:00:00,0,6,7,True,25.64,64.54,2.66,0.096,0.057,0.0,0.0,2.159,2.977,0.218,0.363,0.325,1.67,0.401,0.0,0.0,,20.69,DISCHARGING,0.818,0.0,27.48,72.52,1.77
2026-07-12T01:00:00,1,6,7,True,23.7,65.73,2.63,0.096,0.057,0.0,0.0,2.104,2.749,0.068,0.741,0.142,1.403,0.395,0.0,0.0,,20.0,DISCHARGING,0.645,0.0,23.46,76.54,1.725
2026-07-12T02:00:00,2,6,7,True,28.53,67.16,3.88,0.096,0.057,0.0,0.0,3.828,2.554,0.089,0.18,0.284,1.522,0.479,0.0,0.0,,23.03,CHARGING,0.0,1.274,0.0,100.0,3.139
2026-07-12T03:00:00,3,6,7,True,29.56,58.75,4.72,0.096,0.057,0.0,0.0,5.122,1.825,0.127,-0.007,0.218,1.144,0.343,0.0,0.0,,30.86,CHARGING,0.0,3.297,0.0,100.0,4.2
2026-07-12T04:00:00,4,6,7,True,32.37,62.5,4.63,0.096,0.057,0.0,0.0,4.945,2.655,0.068,0.44,0.296,1.468,0.383,0.0,0.0,,36.29,CHARGING,0.0,2.29,0.0,100.0,4.055
2026-07-12T05:00:00,5,6,7,True,30.86,55.61,4.77,0.096,0.057,0.0,0.0,4.891,2.386,0.302,0.219,0.222,1.423,0.221,0.0,0.0,,42.24,CHARGING,0.0,2.505,0.0,100.0,4.011
2026-07-12T06:00:00,6,6,7,True,36.33,59.14,3.26,0.096,0.057,0.0,0.0,2.969,0.834,-0.145,-0.251,0.12,0.788,0.323,0.0,0.0,,47.31,CHARGING,0.0,2.135,0.0,100.0,2.435
2026-07-12T07:00:00,7,6,7,True,38.45,63.42,3.96,0.096,0.057,221.35,1.891,4.038,3.873,-0.027,0.537,0.183,1.33,1.85,0.0,0.0,,52.2,CHARGING,0.0,2.056,0.0,100.0,4.862
2026-07-12T08:00:00,8,6,7,True,34.97,64.07,5.03,0.096,0.057,427.61,3.73,4.948,6.381,0.298,0.162,2.042,1.707,2.172,0.0,0.0,,57.65,CHARGING,0.0,2.297,0.0,100.0,7.116
2026-07-12T09:00:00,9,6,7,True,40.11,54.42,3.89,0.096,0.057,604.73,5.272,3.881,8.193,0.091,3.935,2.033,1.755,0.38,0.0,0.0,,59.93,CHARGING,0.0,0.96,0.0,100.0,7.505
2026-07-12T10:00:00,10,6,7,True,40.39,59.9,3.68,0.096,0.057,740.64,6.182,3.395,15.196,0.319,3.09,1.977,2.363,0.447,7.0,0.0,,45.15,DISCHARGING,5.619,0.0,36.98,63.02,7.853
2026-07-12T11:00:00,11,6,7,True,43.07,62.58,4.07,0.096,0.057,826.08,6.99,4.174,14.996,0.033,2.934,2.153,2.437,0.439,7.0,0.0,,35.06,DISCHARGING,3.832,0.0,25.55,74.45,9.154
2026-07-12T12:00:00,12,6,7,True,43.55,57.87,2.51,0.096,0.057,855.22,7.075,1.942,16.504,-0.292,2.805,2.027,2.909,2.055,7.0,0.0,,20.0,DISCHARGING,7.487,0.0,45.36,54.64,7.394
2026-07-12T13:00:00,13,6,7,True,38.76,59.12,3.0,0.096,0.057,826.08,7.089,2.591,17.002,-0.039,2.969,1.998,3.075,1.998,7.0,0.0,,20.0,HOLD,7.322,0.0,43.07,56.93,7.938
2026-07-12T14:00:00,14,6,7,True,43.48,65.25,2.75,0.096,0.057,740.64,5.952,2.394,8.414,-0.092,3.215,1.903,2.79,0.598,0.0,0.0,,20.0,HOLD,0.068,0.0,0.81,99.19,6.844
2026-07-12T15:00:00,15,6,7,True,39.15,62.51,2.5,0.096,0.057,604.73,5.091,1.975,8.061,-0.26,2.996,1.892,2.941,0.493,0.0,0.0,,20.0,HOLD,0.995,0.0,12.34,87.66,5.794
2026-07-12T16:00:00,16,6,7,True,39.31,66.17,0.08,0.096,0.057,427.61,3.628,0.0,8.626,0.149,2.95,1.883,3.245,0.398,0.0,0.0,,20.0,HOLD,4.998,0.0,57.94,42.06,2.975
2026-07-12T17:00:00,17,6,7,True,36.88,67.81,0.74,0.096,0.057,221.35,1.878,0.166,8.718,-0.136,3.398,2.083,2.835,0.537,0.0,0.0,,20.0,HOLD,6.674,0.0,76.55,23.45,1.676
2026-07-12T18:00:00,18,6,7,True,36.05,61.08,0.79,0.096,0.057,0.0,0.0,0.266,9.585,0.001,3.093,1.831,2.69,1.97,0.0,0.0,,20.0,HOLD,9.319,0.0,97.22,2.78,0.218
2026-07-12T19:00:00,19,6,7,True,34.4,60.01,0.0,0.096,0.057,0.0,0.0,0.096,10.067,-0.009,3.539,2.066,2.447,2.024,0.0,0.0,,20.0,HOLD,9.971,0.0,99.05,0.95,0.079
2026-07-12T20:00:00,20,6,7,True,30.4,55.25,1.96,0.096,0.057,0.0,0.0,1.413,5.362,0.245,2.339,0.337,2.229,0.212,0.0,0.0,,20.0,HOLD,3.949,0.0,73.65,26.35,1.159
2026-07-12T21:00:00,21,6,7,True,24.77,61.81,0.36,0.096,0.057,0.0,0.0,0.172,2.395,-0.11,-0.032,0.159,1.955,0.423,0.0,0.0,,20.0,HOLD,2.223,0.0,92.82,7.18,0.141
2026-07-12T22:00:00,22,6,7,True,26.82,58.81,2.72,0.096,0.057,0.0,0.0,2.19,2.977,0.215,0.26,0.131,1.757,0.614,0.0,0.0,,20.0,HOLD,0.787,0.0,26.44,73.56,1.796
2026-07-12T23:00:00,23,6,7,True,27.52,67.09,3.47,0.096,0.057,0.0,0.0,3.234,1.649,-0.257,0.239,0.137,1.204,0.325,0.0,0.0,,23.76,CHARGING,0.0,1.585,0.0,100.0,2.652
2026-07-13T00:00:00,0,0,7,False,26.5,59.4,3.43,0.0,0.0,0.0,0.0,3.096,3.679,0.896,0.673,0.25,1.538,0.321,0.0,0.0,,22.23,DISCHARGING,0.583,0.0,15.85,84.15,2.539
2026-07-13T01:00:00,1,0,7,False,27.57,54.31,3.14,0.0,0.0,0.0,0.0,2.866,4.017,1.39,0.417,0.318,1.426,0.465,0.0,0.0,,20.0,DISCHARGING,1.151,0.0,28.65,71.35,2.35
2026-07-13T02:00:00,2,0,7,False,27.23,47.89,3.82,0.0,0.0,0.0,0.0,3.743,4.054,1.118,1.127,0.084,1.415,0.31,0.0,0.0,,20.0,HOLD,0.311,0.0,7.67,92.33,3.069
2026-07-13T03:00:00,3,0,7,False,28.43,67.39,5.24,0.0,0.0,0.0,0.0,4.928,4.017,0.969,0.992,0.312,1.484,0.26,0.0,0.0,,22.16,CHARGING,0.0,0.911,0.0,100.0,4.041
2026-07-13T04:00:00,4,0,7,False,28.97,62.75,4.87,0.0,0.0,0.0,0.0,4.968,4.296,1.524,0.535,0.349,1.597,0.292,0.0,0.0,,23.76,CHARGING,0.0,0.672,0.0,100.0,4.074
2026-07-13T05:00:00,5,0,7,False,32.42,55.24,4.83,0.0,0.0,0.0,0.0,5.151,4.037,1.005,0.924,0.156,1.496,0.456,0.0,0.0,,26.41,CHARGING,0.0,1.114,0.0,100.0,4.224
2026-07-13T06:00:00,6,0,7,False,34.03,49.77,5.45,0.0,0.0,0.0,0.0,4.753,3.261,1.155,0.856,0.262,0.705,0.283,0.0,0.0,,29.95,CHARGING,0.0,1.492,0.0,100.0,3.897
2026-07-13T07:00:00,7,0,7,False,35.97,49.84,5.08,0.0,0.0,240.94,2.073,5.031,5.113,1.143,0.758,0.222,1.183,1.806,0.0,0.0,,34.68,CHARGING,0.0,1.991,0.0,100.0,5.825
2026-07-13T08:00:00,8,0,7,False,39.13,57.11,3.97,0.0,0.0,465.45,3.99,4.096,10.263,3.992,0.766,1.856,1.655,1.994,0.0,0.0,,28.95,DISCHARGING,2.177,0.0,21.21,78.79,6.631
2026-07-13T09:00:00,9,0,7,False,42.43,58.79,3.98,0.0,0.0,658.25,5.628,3.964,14.811,3.778,6.765,1.892,1.94,0.435,0.0,0.0,,20.0,DISCHARGING,5.219,0.0,35.24,64.76,7.865
2026-07-13T10:00:00,10,0,7,False,42.26,59.08,3.85,0.0,0.0,806.19,6.723,3.663,21.988,4.43,5.934,2.06,2.2,0.365,7.0,0.0,,20.0,HOLD,11.602,0.0,52.77,47.23,8.517
2026-07-13T11:00:00,11,0,7,False,41.97,59.2,2.28,0.0,0.0,899.19,7.482,1.836,21.536,3.761,5.827,1.91,2.725,0.313,7.0,0.0,,20.0,HOLD,12.218,0.0,56.73,43.27,7.641
2026-07-13T12:00:00,12,0,7,False,43.77,59.27,3.78,0.0,0.0,930.91,7.536,3.533,23.606,4.172,5.622,2.039,2.736,2.038,7.0,0.0,,20.0,HOLD,12.537,0.0,53.11,46.89,9.077
2026-07-13T13:00:00,13,0,7,False,43.36,55.12,1.74,0.0,0.0,899.19,7.605,1.08,23.624,3.45,6.195,1.896,2.943,2.139,7.0,0.0,,20.0,HOLD,14.939,0.0,63.24,36.76,7.122
2026-07-13T14:00:00,14,0,7,False,41.88,60.77,2.8,0.0,0.0,806.19,6.981,2.232,15.679,3.998,6.202,1.981,3.141,0.357,0.0,0.0,,20.0,HOLD,6.466,0.0,41.24,58.76,7.555
2026-07-13T15:00:00,15,0,7,False,43.69,61.41,3.28,0.0,0.0,658.25,5.542,3.094,14.913,3.763,5.606,2.126,3.041,0.377,0.0,0.0,,20.0,HOLD,6.277,0.0,42.09,57.91,7.082
2026-07-13T16:00:00,16,0,7,False,38.94,59.05,0.0,0.0,0.0,465.45,3.896,0.092,15.614,4.199,6.173,2.04,2.743,0.459,0.0,0.0,,20.0,HOLD,11.626,0.0,74.46,25.54,3.27
2026-07-13T17:00:00,17,0,7,False,37.94,70.59,2.06,0.0,0.0,240.94,1.987,1.444,15.246,3.852,6.052,2.001,2.838,0.503,0.0,0.0,,20.0,HOLD,11.815,0.0,77.5,22.5,2.813
2026-07-13T18:00:00,18,0,7,False,33.28,54.88,0.17,0.0,0.0,0.0,0.0,0.0,16.706,3.99,5.95,1.921,2.85,1.994,0.0,0.0,,20.0,HOLD,16.706,0.0,100.0,0.0,0.0
2026-07-13T19:00:00,19,0,7,False,34.45,59.88,0.91,0.0,0.0,0.0,0.0,0.435,16.534,4.142,5.877,2.052,2.387,2.076,0.0,0.0,,20.0,HOLD,16.099,0.0,97.37,2.63,0.357
2026-07-13T20:00:00,20,0,7,False,30.06,60.3,1.95,0.0,0.0,0.0,0.0,1.245,9.286,0.905,5.815,0.062,2.042,0.462,0.0,0.0,,20.0,HOLD,8.041,0.0,86.59,13.41,1.021
2026-07-13T21:00:00,21,0,7,False,29.27,58.07,1.2,0.0,0.0,0.0,0.0,0.824,4.057,1.053,0.203,0.28,1.918,0.604,0.0,0.0,,20.0,HOLD,3.233,0.0,79.69,20.31,0.676
2026-07-13T22:00:00,22,0,7,False,27.21,65.41,2.68,0.0,0.0,0.0,0.0,2.115,3.775,1.348,0.772,0.059,1.449,0.146,0.0,0.0,,20.0,HOLD,1.66,0.0,43.97,56.03,1.734
2026-07-13T23:00:00,23,0,7,False,28.09,59.19,2.27,0.0,0.0,0.0,0.0,1.604,3.694,1.104,0.398,0.212,1.352,0.627,0.0,0.0,,20.0,HOLD,2.09,0.0,56.58,43.42,1.315
2026-07-14T00:00:00,0,1,7,False,26.9,59.05,3.89,0.16,0.096,0.0,0.0,3.804,3.387,0.88,0.604,0.122,1.207,0.574,0.0,0.0,,20.99,CHARGING,0.0,0.417,0.0,100.0,3.119
2026-07-14T01:00:00,1,1,7,False,26.39,67.69,2.21,0.16,0.096,0.0,0.0,1.749,3.791,1.053,0.438,0.234,1.589,0.477,0.0,0.0,,20.0,DISCHARGING,2.042,0.0,53.86,46.14,1.434
2026-07-14T02:00:00,2,1,7,False,27.87,66.93,4.42,0.16,0.096,0.0,0.0,4.637,3.861,0.911,0.78,0.204,1.438,0.528,0.0,0.0,,21.84,CHARGING,0.0,0.776,0.0,100.0,3.802
2026-07-14T03:00:00,3,1,7,False,27.13,63.09,5.73,0.16,0.096,0.0,0.0,4.96,3.64,0.867,0.558,0.233,1.601,0.38,0.0,0.0,,24.98,CHARGING,0.0,1.32,0.0,100.0,4.067
2026-07-14T04:00:00,4,1,7,False,27.64,73.46,3.5,0.16,0.096,0.0,0.0,3.415,3.757,1.013,0.545,0.263,1.377,0.559,0.0,0.0,,24.08,DISCHARGING,0.342,0.0,9.1,90.9,2.8
2026-07-14T05:00:00,5,1,7,False,32.97,61.86,5.3,0.16,0.096,0.0,0.0,5.158,4.495,1.174,1.119,0.139,1.615,0.449,0.0,0.0,,25.65,CHARGING,0.0,0.663,0.0,100.0,4.23
2026-07-14T06:00:00,6,1,7,False,33.33,63.23,5.17,0.16,0.096,0.0,0.0,5.036,3.25,1.229,0.578,0.193,0.886,0.363,0.0,0.0,,29.89,CHARGING,0.0,1.786,0.0,100.0,4.13
2026-07-14T07:00:00,7,1,7,False,37.21,76.48,4.42,0.16,0.096,208.19,1.732,4.583,5.732,1.099,1.212,0.068,1.329,2.025,0.0,0.0,,31.28,CHARGING,0.0,0.583,0.0,100.0,5.178
2026-07-14T08:00:00,8,1,7,False,39.43,69.28,5.72,0.16,0.096,402.2,3.38,5.019,9.599,3.627,0.63,1.921,1.59,1.831,0.0,0.0,,28.12,DISCHARGING,1.2,0.0,12.5,87.5,6.887
2026-07-14T09:00:00,9,1,7,False,41.19,63.94,3.06,0.16,0.096,568.8,4.67,2.587,15.029,4.231,6.176,2.115,2.184,0.323,0.0,0.0,,20.0,DISCHARGING,7.772,0.0,51.71,48.29,5.951
2026-07-14T10:00:00,10,1,7,False,44.1,66.93,2.83,0.16,0.096,696.63,5.733,2.284,22.193,4.123,6.283,2.092,2.282,0.413,7.0,0.0,,20.0,HOLD,14.176,0.0,63.88,36.12,6.574
2026-07-14T11:00:00,11,1,7,False,43.45,65.9,3.76,0.16,0.096,776.99,6.503,3.731,21.611,3.675,5.961,1.862,2.55,0.564,7.0,0.0,,20.0,HOLD,11.377,0.0,52.64,47.36,8.392
2026-07-14T12:00:00,12,1,7,False,42.22,66.98,3.1,0.16,0.096,804.4,6.462,2.679,23.09,4.073,5.131,1.902,2.884,2.1,7.0,0.0,,20.0,HOLD,13.949,0.0,60.41,39.59,7.496
2026-07-14T13:00:00,13,1,7,False,43.22,64.27,3.19,0.16,0.096,776.99,6.555,2.815,24.199,4.023,5.81,2.126,3.102,2.138,7.0,0.0,,20.0,HOLD,14.829,0.0,61.28,38.72,7.683
2026-07-14T14:00:00,14,1,7,False,41.24,69.58,1.24,0.16,0.096,696.63,5.926,0.721,15.494,3.873,6.128,1.891,3.063,0.538,0.0,0.0,,20.0,HOLD,8.847,0.0,57.1,42.9,5.451
2026-07-14T15:00:00,15,1,7,False,43.03,56.29,2.15,0.16,0.096,568.8,4.769,1.793,15.69,3.826,5.982,2.141,3.093,0.648,0.0,0.0,,20.0,HOLD,9.128,0.0,58.18,41.82,5.381
2026-07-14T16:00:00,16,1,7,False,37.83,69.32,0.48,0.16,0.096,402.2,3.352,0.145,15.756,3.987,6.311,2.061,3.037,0.36,0.0,0.0,,20.0,HOLD,12.259,0.0,77.81,22.19,2.868
2026-07-14T17:00:00,17,1,7,False,38.82,66.65,4.29,0.16,0.096,208.19,1.774,4.311,15.204,3.873,5.936,1.947,2.871,0.578,0.0,0.0,,20.0,HOLD,9.119,0.0,59.98,40.02,4.99
2026-07-14T18:00:00,18,1,7,False,36.8,57.16,0.87,0.16,0.096,0.0,0.0,0.403,16.243,3.655,6.214,2.103,2.355,1.918,0.0,0.0,,20.0,HOLD,15.84,0.0,97.52,2.48,0.33
2026-07-14T19:00:00,19,1,7,False,32.69,60.62,1.66,0.16,0.096,0.0,0.0,1.138,16.339,3.906,6.163,1.889,2.306,2.076,0.0,0.0,,20.0,HOLD,15.201,0.0,93.04,6.96,0.933
2026-07-14T20:00:00,20,1,7,False,31.31,60.53,2.01,0.16,0.096,0.0,0.0,1.557,10.313,0.895,6.375,0.332,2.379,0.331,0.0,0.0,,20.0,HOLD,8.756,0.0,84.9,15.1,1.277
2026-07-14T21:00:00,21,1,7,False,28.05,56.72,1.42,0.16,0.096,0.0,0.0,0.909,4.452,1.33,0.285,0.268,2.018,0.551,0.0,0.0,,20.0,HOLD,3.543,0.0,79.58,20.42,0.745
2026-07-14T22:00:00,22,1,7,False,28.85,65.58,2.85,0.16,0.096,0.0,0.0,2.273,4.088,1.176,0.588,0.176,1.685,0.463,0.0,0.0,,20.0,HOLD,1.815,0.0,44.4,55.6,1.864
2026-07-14T23:00:00,23,1,7,False,27.79,59.52,2.34,0.16,0.096,0.0,0.0,1.826,3.214,0.996,0.542,0.026,1.27,0.38,0.0,0.0,,20.0,HOLD,1.388,0.0,43.19,56.81,1.497
2026-07-15T00:00:00,0,2,7,False,26.07,66.15,4.27,0.597,0.358,0.0,0.0,4.627,3.747,1.415,0.591,0.087,1.296,0.359,0.0,0.0,,22.09,CHARGING,0.0,0.88,0.0,100.0,3.794
2026-07-15T01:00:00,1,2,7,False,26.17,70.3,2.94,0.597,0.358,0.0,0.0,2.572,3.586,0.952,0.395,0.184,1.471,0.584,0.0,0.0,,20.0,DISCHARGING,1.014,0.0,28.28,71.72,2.109
2026-07-15T02:00:00,2,2,7,False,28.35,74.02,2.71,0.597,0.358,0.0,0.0,2.217,4.197,0.957,1.127,0.093,1.599,0.42,0.0,0.0,,20.0,HOLD,1.98,0.0,47.18,52.82,1.818
2026-07-15T03:00:00,3,2,7,False,30.17,74.74,5.78,0.597,0.358,0.0,0.0,5.111,3.544,1.074,0.649,0.071,1.345,0.405,0.0,0.0,,23.72,CHARGING,0.0,1.567,0.0,100.0,4.191
2026-07-15T04:00:00,4,2,7,False,31.48,74.42,3.37,0.597,0.358,0.0,0.0,3.221,3.49,1.13,0.263,0.208,1.363,0.527,0.0,0.0,,23.01,DISCHARGING,0.269,0.0,7.71,92.29,2.641
2026-07-15T05:00:00,5,2,7,False,32.86,74.89,4.81,0.597,0.358,0.0,0.0,4.871,3.72,1.282,0.27,0.09,1.626,0.453,0.0,0.0,,25.75,CHARGING,0.0,1.151,0.0,100.0,3.994
2026-07-15T06:00:00,6,2,7,False,33.05,67.41,4.5,0.597,0.358,0.0,0.0,4.871,3.163,1.116,0.773,0.064,0.799,0.41,0.0,0.0,,29.8,CHARGING,0.0,1.708,0.0,100.0,3.994
2026-07-15T07:00:00,7,2,7,False,37.68,73.17,4.85,0.597,0.358,118.75,1.016,4.984,5.182,1.141,0.472,0.223,1.326,2.02,0.0,0.0,,31.75,CHARGING,0.0,0.818,0.0,100.0,4.92
2026-07-15T08:00:00,8,2,7,False,37.16,73.93,3.93,0.597,0.358,229.41,2.022,3.915,10.305,3.918,0.667,1.886,1.815,2.019,0.0,0.0,,20.25,DISCHARGING,4.368,0.0,42.39,57.61,4.868
2026-07-15T09:00:00,9,2,7,False,39.58,69.3,4.28,0.597,0.358,324.43,2.822,4.408,14.536,4.031,6.172,1.926,1.979,0.427,0.0,0.0,,20.0,DISCHARGING,7.306,0.0,50.26,49.74,5.929
2026-07-15T10:00:00,10,2,7,False,39.53,71.7,4.2,0.597,0.358,397.35,3.377,4.311,22.0,4.052,6.401,1.882,2.199,0.467,7.0,0.0,,20.0,HOLD,14.312,0.0,65.05,34.95,6.304
2026-07-15T11:00:00,11,2,7,False,43.38,85.7,3.89,0.597,0.358,443.18,3.741,3.942,21.665,3.939,5.702,1.969,2.615,0.441,7.0,0.0,,20.0,HOLD,13.982,0.0,64.54,35.46,6.3
2026-07-15T12:00:00,12,2,7,False,43.53,70.06,2.83,0.597,0.358,458.81,3.809,2.451,23.61,4.168,5.698,2.076,2.621,2.047,7.0,0.0,,20.0,HOLD,17.35,0.0,73.49,26.51,5.133
2026-07-15T13:00:00,13,2,7,False,42.37,69.84,3.73,0.597,0.358,443.18,3.725,3.67,23.529,3.825,5.978,1.973,2.796,1.956,7.0,0.0,,20.0,HOLD,16.134,0.0,68.57,31.43,6.064
2026-07-15T14:00:00,14,2,7,False,43.52,74.76,1.52,0.597,0.358,397.35,3.332,0.798,15.035,4.104,5.576,2.063,2.892,0.401,0.0,0.0,,20.0,HOLD,10.905,0.0,72.53,27.47,3.387
2026-07-15T15:00:00,15,2,7,False,38.64,76.57,1.68,0.597,0.358,324.43,2.716,1.032,15.747,4.091,6.144,1.757,3.302,0.453,0.0,0.0,,20.0,HOLD,11.999,0.0,76.2,23.8,3.073
2026-07-15T16:00:00,16,2,7,False,39.97,62.66,1.15,0.597,0.358,229.41,1.967,0.563,15.405,4.109,5.934,2.024,2.852,0.486,0.0,0.0,,20.0,HOLD,12.875,0.0,83.58,16.42,2.075
2026-07-15T17:00:00,17,2,7,False,35.22,83.12,2.86,0.597,0.358,118.75,1.059,2.552,15.514,3.983,6.35,1.99,2.64,0.55,0.0,0.0,,20.0,HOLD,11.903,0.0,76.72,23.28,2.961
2026-07-15T18:00:00,18,2,7,False,36.62,65.81,0.97,0.597,0.358,0.0,0.0,0.299,16.186,4.189,5.519,2.029,2.592,1.857,0.0,0.0,,20.0,HOLD,15.887,0.0,98.15,1.85,0.245
2026-07-15T19:00:00,19,2,7,False,33.22,76.12,0.8,0.597,0.358,0.0,0.0,0.283,15.877,3.522,5.345,2.18,2.821,2.009,0.0,0.0,,20.0,HOLD,15.594,0.0,98.22,1.78,0.232
2026-07-15T20:00:00,20,2,7,False,29.69,76.3,1.03,0.597,0.358,0.0,0.0,0.546,9.77,1.197,5.829,0.147,2.294,0.302,0.0,0.0,,20.0,HOLD,9.224,0.0,94.41,5.59,0.448
2026-07-15T21:00:00,21,2,7,False,29.95,72.57,1.21,0.597,0.358,0.0,0.0,0.647,4.146,1.384,0.062,0.153,1.954,0.592,0.0,0.0,,20.0,HOLD,3.499,0.0,84.39,15.61,0.531
2026-07-15T22:00:00,22,2,7,False,25.06,79.22,1.92,0.597,0.358,0.0,0.0,1.312,4.497,1.266,0.655,0.357,1.686,0.533,0.0,0.0,,20.0,HOLD,3.185,0.0,70.82,29.18,1.076
2026-07-15T23:00:00,23,2,7,False,26.66,70.8,1.89,0.597,0.358,0.0,0.0,1.347,3.341,1.123,0.398,0.25,1.093,0.477,0.0,0.0,,20.0,HOLD,1.994,0.0,59.68,40.32,1.105
2026-07-16T00:00:00,0,3,7,False,26.21,67.55,3.93,0.476,0.285,0.0,0.0,3.909,4.058,1.349,0.633,0.034,1.651,0.391,0.0,0.0,,20.0,HOLD,0.149,0.0,3.67,96.33,3.205
2026-07-16T01:00:00,1,3,7,False,28.39,65.65,4.07,0.476,0.285,0.0,0.0,4.171,4.298,1.139,0.881,0.182,1.654,0.442,0.0,0.0,,20.0,HOLD,0.127,0.0,2.95,97.05,3.42
2026-07-16T02:00:00,2,3,7,False,28.43,70.68,3.7,0.476,0.285,0.0,0.0,3.554,4.411,1.306,0.614,0.212,1.759,0.52,0.0,0.0,,20.0,HOLD,0.857,0.0,19.43,80.57,2.914
2026-07-16T03:00:00,3,3,7,False,29.39,66.0,4.59,0.476,0.285,0.0,0.0,4.941,4.322,1.37,0.825,0.089,1.647,0.391,0.0,0.0,,21.47,CHARGING,0.0,0.619,0.0,100.0,4.052
2026-07-16T04:00:00,4,3,7,False,29.45,76.83,5.8,0.476,0.285,0.0,0.0,5.071,4.547,1.353,1.019,0.273,1.301,0.601,0.0,0.0,,22.71,CHARGING,0.0,0.524,0.0,100.0,4.158
2026-07-16T05:00:00,5,3,7,False,34.46,64.37,4.52,0.476,0.285,0.0,0.0,4.784,4.004,1.266,0.823,0.143,1.333,0.439,0.0,0.0,,24.57,CHARGING,0.0,0.78,0.0,100.0,3.923
2026-07-16T06:00:00,6,3,7,False,34.13,62.8,5.12,0.476,0.285,0.0,0.0,5.071,3.126,1.321,0.363,0.083,0.902,0.456,0.0,0.0,,29.19,CHARGING,0.0,1.945,0.0,100.0,4.158
2026-07-16T07:00:00,7,3,7,False,37.61,71.0,4.52,0.476,0.285,143.51,1.263,4.829,5.013,0.873,0.661,0.404,1.072,2.003,0.0,0.0,,31.75,CHARGING,0.0,1.079,0.0,100.0,4.995
2026-07-16T08:00:00,8,3,7,False,38.59,70.49,4.81,0.476,0.285,277.24,2.413,5.008,10.121,4.255,0.565,1.965,1.518,1.818,0.0,0.0,,24.64,DISCHARGING,2.7,0.0,26.68,73.32,6.085
2026-07-16T09:00:00,9,3,7,False,41.0,71.81,6.06,0.476,0.285,392.08,3.348,4.959,15.101,3.951,6.295,2.201,2.173,0.481,0.0,0.0,,20.0,DISCHARGING,6.794,0.0,44.99,55.01,6.812
2026-07-16T10:00:00,10,3,7,False,41.91,65.75,4.17,0.476,0.285,480.2,3.913,4.142,21.388,4.01,5.912,1.853,2.244,0.368,7.0,0.0,,20.0,HOLD,13.333,0.0,62.34,37.66,6.605
2026-07-16T11:00:00,11,3,7,False,40.9,67.91,3.22,0.476,0.285,535.59,4.458,2.984,20.988,3.619,5.404,2.0,2.523,0.44,7.0,0.0,,20.0,HOLD,13.546,0.0,64.54,35.46,6.102
2026-07-16T12:00:00,12,3,7,False,42.12,69.48,2.27,0.476,0.285,554.49,4.608,1.86,23.912,3.935,5.984,2.248,2.689,2.056,7.0,0.0,,20.0,HOLD,17.444,0.0,72.95,27.05,5.304
2026-07-16T13:00:00,13,3,7,False,43.63,70.96,3.07,0.476,0.285,535.59,4.479,2.696,24.271,3.885,6.098,2.203,3.055,2.03,7.0,0.0,,20.0,HOLD,17.096,0.0,70.44,29.56,5.884
2026-07-16T14:00:00,14,3,7,False,43.14,68.21,1.3,0.476,0.285,480.2,4.084,0.894,15.484,3.846,5.855,2.218,2.983,0.582,0.0,0.0,,20.0,HOLD,10.506,0.0,67.85,32.15,4.082
2026-07-16T15:00:00,15,3,7,False,40.9,67.99,1.78,0.476,0.285,392.08,3.367,1.326,15.11,3.793,5.894,2.092,2.981,0.351,0.0,0.0,,20.0,HOLD,10.417,0.0,68.94,31.06,3.848
2026-07-16T16:00:00,16,3,7,False,40.44,67.27,2.15,0.476,0.285,277.24,2.351,1.456,15.013,3.821,6.037,2.003,2.823,0.328,0.0,0.0,,20.0,HOLD,11.206,0.0,74.64,25.36,3.122
2026-07-16T17:00:00,17,3,7,False,35.4,59.68,1.43,0.476,0.285,143.51,1.213,0.671,15.233,4.084,5.459,2.003,3.119,0.567,0.0,0.0,,20.0,HOLD,13.349,0.0,87.63,12.37,1.545
2026-07-16T18:00:00,18,3,7,False,32.22,64.57,1.24,0.476,0.285,0.0,0.0,0.678,16.954,4.246,6.18,1.928,2.824,1.776,0.0,0.0,,20.0,HOLD,16.276,0.0,96.0,4.0,0.556
2026-07-16T19:00:00,19,3,7,False,31.73,69.91,0.41,0.476,0.285,0.0,0.0,0.117,16.528,3.965,6.007,2.054,2.531,1.972,0.0,0.0,,20.0,HOLD,16.411,0.0,99.29,0.71,0.096
2026-07-16T20:00:00,20,3,7,False,31.53,66.73,1.93,0.476,0.285,0.0,0.0,1.456,10.09,0.979,6.541,0.066,2.198,0.305,0.0,0.0,,20.0,HOLD,8.634,0.0,85.57,14.43,1.194
2026-07-16T21:00:00,21,3,7,False,32.55,67.01,1.18,0.476,0.285,0.0,0.0,0.653,3.902,1.134,0.56,-0.153,1.959,0.402,0.0,0.0,,20.0,HOLD,3.249,0.0,83.26,16.74,0.535
2026-07-16T22:00:00,22,3,7,False,29.56,68.58,3.05,0.476,0.285,0.0,0.0,2.55,3.994,1.353,0.428,0.082,1.59,0.54,0.0,0.0,,20.0,HOLD,1.444,0.0,36.15,63.85,2.091
2026-07-16T23:00:00,23,3,7,False,27.47,65.77,3.68,0.476,0.285,0.0,0.0,3.464,3.805,1.245,0.665,0.266,1.302,0.326,0.0,0.0,,20.0,HOLD,0.341,0.0,8.96,91.04,2.84
2026-07-17T00:00:00,0,4,7,False,28.25,62.17,4.39,0.255,0.153,0.0,0.0,4.642,3.755,1.134,0.561,0.256,1.432,0.373,0.0,0.0,,22.11,CHARGING,0.0,0.887,0.0,100.0,3.806
2026-07-17T01:00:00,1,4,7,False,27.05,65.24,4.69,0.255,0.153,0.0,0.0,4.88,3.597,1.228,0.261,0.044,1.595,0.468,0.0,0.0,,25.15,CHARGING,0.0,1.283,0.0,100.0,4.002
2026-07-17T02:00:00,2,4,7,False,27.45,66.03,4.23,0.255,0.153,0.0,0.0,4.418,3.301,0.679,0.528,0.252,1.438,0.404,0.0,0.0,,27.81,CHARGING,0.0,1.117,0.0,100.0,3.623
2026-07-17T03:00:00,3,4,7,False,30.4,72.63,4.48,0.255,0.153,0.0,0.0,4.728,2.792,1.16,-0.255,0.167,1.297,0.422,0.0,0.0,,32.4,CHARGING,0.0,1.936,0.0,100.0,3.877
2026-07-17T04:00:00,4,4,7,False,31.16,72.08,5.29,0.255,0.153,0.0,0.0,5.228,3.501,1.246,0.207,0.144,1.444,0.459,0.0,0.0,,36.51,CHARGING,0.0,1.727,0.0,100.0,4.287
2026-07-17T05:00:00,5,4,7,False,31.44,64.29,4.69,0.255,0.153,0.0,0.0,5.081,4.389,1.328,0.95,0.167,1.68,0.264,0.0,0.0,,38.15,CHARGING,0.0,0.692,0.0,100.0,4.166
2026-07-17T06:00:00,6,4,7,False,32.85,65.14,4.03,0.255,0.153,0.0,0.0,3.983,3.072,1.105,0.535,0.257,0.828,0.347,0.0,0.0,,40.31,CHARGING,0.0,0.911,0.0,100.0,3.266
2026-07-17T07:00:00,7,4,7,False,34.98,70.98,4.47,0.255,0.153,188.78,1.634,4.658,5.694,1.447,0.424,0.342,1.475,2.006,0.0,0.0,,41.73,CHARGING,0.0,0.598,0.0,100.0,5.159
2026-07-17T08:00:00,8,4,7,False,36.68,67.03,6.56,0.255,0.153,364.7,3.109,5.096,10.615,4.14,0.993,1.934,1.666,1.881,0.0,0.0,,35.39,DISCHARGING,2.41,0.0,22.7,77.3,6.728
2026-07-17T09:00:00,9,4,7,False,41.58,66.5,4.4,0.255,0.153,515.77,4.321,4.583,14.534,3.826,6.237,2.149,1.866,0.455,0.0,0.0,,20.58,DISCHARGING,5.63,0.0,38.74,61.26,7.301
2026-07-17T10:00:00,10,4,7,False,42.5,57.46,4.01,0.255,0.153,631.68,5.149,3.932,21.458,3.572,6.422,2.037,2.245,0.181,7.0,0.0,,20.0,DISCHARGING,12.377,0.0,57.68,42.32,7.446
2026-07-17T11:00:00,11,4,7,False,39.92,74.95,3.52,0.255,0.153,704.55,5.879,3.382,21.83,3.904,6.017,2.121,2.457,0.331,7.0,0.0,,20.0,HOLD,12.569,0.0,57.58,42.42,7.594
2026-07-17T12:00:00,12,4,7,False,45.06,70.55,3.04,0.255,0.153,729.4,5.955,2.786,23.841,4.055,6.13,2.013,2.643,2.0,7.0,0.0,,20.0,HOLD,15.1,0.0,63.34,36.66,7.168
2026-07-17T13:00:00,13,4,7,False,41.99,64.08,3.25,0.255,0.153,704.55,5.733,2.762,23.657,3.655,6.185,1.885,2.918,2.014,7.0,0.0,,20.0,HOLD,15.162,0.0,64.09,35.91,6.966
2026-07-17T14:00:00,14,4,7,False,41.76,65.88,2.35,0.255,0.153,631.68,5.017,1.77,15.874,4.085,6.492,2.169,2.764,0.365,0.0,0.0,,20.0,HOLD,9.087,0.0,57.24,42.76,5.565
2026-07-17T15:00:00,15,4,7,False,38.24,70.16,2.8,0.255,0.153,515.77,4.427,2.361,16.189,4.276,6.363,2.116,3.069,0.365,0.0,0.0,,20.0,HOLD,9.401,0.0,58.07,41.93,5.566
2026-07-17T16:00:00,16,4,7,False,40.08,64.14,1.92,0.255,0.153,364.7,3.063,1.444,15.551,4.333,5.775,1.974,3.021,0.449,0.0,0.0,,20.0,HOLD,11.044,0.0,71.02,28.98,3.696
2026-07-17T17:00:00,17,4,7,False,36.22,67.2,2.57,0.255,0.153,188.78,1.64,2.242,14.857,3.91,5.973,1.875,2.848,0.251,0.0,0.0,,20.0,HOLD,10.975,0.0,73.87,26.13,3.183
2026-07-17T18:00:00,18,4,7,False,36.05,63.71,1.34,0.255,0.153,0.0,0.0,0.848,16.424,3.773,6.061,2.07,2.451,2.068,0.0,0.0,,20.0,HOLD,15.576,0.0,94.84,5.16,0.695
2026-07-17T19:00:00,19,4,7,False,30.35,59.28,0.97,0.255,0.153,0.0,0.0,0.365,16.004,3.67,6.04,1.959,2.283,2.053,0.0,0.0,,20.0,HOLD,15.639,0.0,97.72,2.28,0.299
2026-07-17T20:00:00,20,4,7,False,27.94,62.22,0.44,0.255,0.153,0.0,0.0,0.275,10.187,1.421,5.954,-0.043,2.308,0.547,0.0,0.0,,20.0,HOLD,9.912,0.0,97.3,2.7,0.226
2026-07-17T21:00:00,21,4,7,False,31.12,59.15,1.96,0.255,0.153,0.0,0.0,1.561,3.634,0.917,0.256,0.294,1.885,0.282,0.0,0.0,,20.0,HOLD,2.073,0.0,57.04,42.96,1.28
2026-07-17T22:00:00,22,4,7,False,30.29,63.18,2.37,0.255,0.153,0.0,0.0,2.028,4.392,1.195,1.019,0.289,1.54,0.349,0.0,0.0,,20.0,HOLD,2.364,0.0,53.83,46.17,1.663
2026-07-17T23:00:00,23,4,7,False,29.37,55.71,3.65,0.255,0.153,0.0,0.0,3.478,3.252,0.993,0.679,0.065,1.195,0.32,0.0,0.0,,20.54,CHARGING,0.0,0.226,0.0,100.0,2.852
2026-07-18T00:00:00,0,5,7,True,26.18,54.92,2.94,0.0,0.0,0.0,0.0,2.573,2.862,0.359,0.252,0.145,1.764,0.342,0.0,0.0,,20.0,DISCHARGING,0.289,0.0,10.1,89.9,2.11
2026-07-18T01:00:00,1,5,7,True,26.93,53.81,4.09,0.0,0.0,0.0,0.0,4.2,2.948,0.254,0.567,0.33,1.483,0.314,0.0,0.0,,22.97,CHARGING,0.0,1.252,0.0,100.0,3.444
2026-07-18T02:00:00,2,5,7,True,31.16,52.87,2.78,0.0,0.0,0.0,0.0,2.478,2.276,0.038,0.6,0.0,1.425,0.213,0.0,0.0,,23.45,CHARGING,0.0,0.202,0.0,100.0,2.032
2026-07-18T03:00:00,3,5,7,True,30.44,53.61,3.18,0.0,0.0,0.0,0.0,2.937,2.451,-0.032,0.471,0.254,1.468,0.291,0.0,0.0,,24.61,CHARGING,0.0,0.486,0.0,100.0,2.408
2026-07-18T04:00:00,4,5,7,True,31.78,64.47,5.22,0.0,0.0,0.0,0.0,4.883,2.376,0.138,0.3,0.152,1.456,0.331,0.0,0.0,,30.56,CHARGING,0.0,2.507,0.0,100.0,4.004
2026-07-18T05:00:00,5,5,7,True,34.19,55.03,3.8,0.0,0.0,0.0,0.0,3.861,2.339,0.211,-0.192,0.335,1.702,0.283,0.0,0.0,,34.18,CHARGING,0.0,1.522,0.0,100.0,3.166
2026-07-18T06:00:00,6,5,7,True,31.15,65.61,4.94,0.0,0.0,0.0,0.0,4.913,1.498,0.35,-0.368,0.163,0.837,0.515,0.0,0.0,,42.29,CHARGING,0.0,3.415,0.0,100.0,4.029
2026-07-18T07:00:00,7,5,7,True,38.95,53.25,5.7,0.0,0.0,240.94,2.083,5.051,2.759,-0.334,-0.32,0.304,1.238,1.871,0.0,0.0,,52.68,CHARGING,0.0,4.375,0.0,100.0,5.85
2026-07-18T08:00:00,8,5,7,True,38.62,59.59,5.02,0.0,0.0,465.45,3.838,5.189,5.93,0.201,0.199,1.97,1.672,1.887,0.0,0.0,,60.03,CHARGING,0.0,3.097,0.0,100.0,7.402
2026-07-18T09:00:00,9,5,7,True,41.07,59.65,3.35,0.0,0.0,658.25,5.414,2.953,7.356,0.329,3.018,2.021,1.648,0.34,0.0,0.0,,62.43,CHARGING,0.0,1.011,0.0,100.0,6.861
2026-07-18T10:00:00,10,5,7,True,42.55,49.23,4.16,0.0,0.0,806.19,6.774,4.272,14.227,0.257,2.803,1.776,2.1,0.29,7.0,0.0,,54.06,DISCHARGING,3.181,0.0,22.36,77.64,9.058
2026-07-18T11:00:00,11,5,7,True,43.76,57.76,1.34,0.0,0.0,899.19,7.699,0.78,14.661,0.179,2.507,1.84,2.724,0.41,7.0,0.0,,37.79,DISCHARGING,6.182,0.0,42.17,57.83,6.953
2026-07-18T12:00:00,12,5,7,True,43.08,60.5,2.11,0.0,0.0,930.91,7.594,1.646,16.797,0.546,3.145,1.937,2.339,1.832,7.0,0.0,,20.0,DISCHARGING,7.557,0.0,44.99,55.01,7.577
2026-07-18T13:00:00,13,5,7,True,44.99,58.15,1.66,0.0,0.0,899.19,7.543,1.217,16.568,-0.04,2.879,2.007,2.779,1.943,7.0,0.0,,20.0,HOLD,7.808,0.0,47.13,52.87,7.183
2026-07-18T14:00:00,14,5,7,True,42.47,70.66,2.15,0.0,0.0,806.19,6.808,1.689,8.367,-0.214,3.158,1.928,3.027,0.469,0.0,0.0,,20.31,CHARGING,0.0,0.13,0.0,100.0,6.968
2026-07-18T15:00:00,15,5,7,True,40.66,67.14,3.51,0.0,0.0,658.25,5.684,3.367,8.253,0.353,2.569,2.137,2.851,0.344,0.0,0.0,,22.2,CHARGING,0.0,0.798,0.0,100.0,7.422
2026-07-18T16:00:00,16,5,7,True,39.77,54.23,2.25,0.0,0.0,465.45,3.901,1.702,8.92,-0.037,3.256,2.344,3.031,0.326,0.0,0.0,,20.0,DISCHARGING,3.317,0.0,37.19,62.81,4.594
2026-07-18T17:00:00,17,5,7,True,35.05,55.3,0.81,0.0,0.0,240.94,2.101,0.408,8.749,-0.093,3.595,1.926,2.855,0.464,0.0,0.0,,20.0,HOLD,6.24,0.0,71.32,28.68,2.057
2026-07-18T18:00:00,18,5,7,True,36.27,62.14,2.02,0.0,0.0,0.0,0.0,1.371,9.984,0.184,3.271,2.151,2.468,1.909,0.0,0.0,,20.0,HOLD,8.613,0.0,86.27,13.73,1.124
2026-07-18T19:00:00,19,5,7,True,34.09,62.46,0.0,0.0,0.0,0.0,0.0,0.0,8.906,-0.086,2.678,1.948,2.435,1.932,0.0,0.0,,20.0,HOLD,8.906,0.0,100.0,0.0,0.0
2026-07-18T20:00:00,20,5,7,True,29.82,58.58,1.05,0.0,0.0,0.0,0.0,0.499,5.274,0.069,2.827,0.141,1.994,0.243,0.0,0.0,,20.0,HOLD,4.775,0.0,90.54,9.46,0.409
2026-07-18T21:00:00,21,5,7,True,27.46,65.38,1.73,0.0,0.0,0.0,0.0,1.086,2.533,-0.273,0.221,0.308,1.883,0.395,0.0,0.0,,20.0,HOLD,1.447,0.0,57.13,42.87,0.891
2026-07-18T22:00:00,22,5,7,True,30.18,56.2,2.37,0.0,0.0,0.0,0.0,1.737,2.635,0.084,0.455,0.063,1.645,0.388,0.0,0.0,,20.0,HOLD,0.898,0.0,34.08,65.92,1.424
2026-07-18T23:00:00,23,5,7,True,28.02,62.39,3.15,0.0,0.0,0.0,0.0,2.885,1.182,-0.175,-0.096,-0.12,1.254,0.318,0.0,0.0,,24.04,CHARGING,0.0,1.703,0.0,100.0,2.366
2026-07-19T00:00:00,0,6,7,True,27.52,62.68,1.42,0.296,0.178,0.0,0.0,0.746,2.496,0.082,0.133,0.197,1.589,0.495,0.0,0.0,,20.0,DISCHARGING,1.75,0.0,70.11,29.89,0.612
2026-07-19T01:00:00,1,6,7,True,27.34,63.63,2.87,0.296,0.178,0.0,0.0,2.324,1.902,-0.036,0.184,0.19,1.349,0.215,0.0,0.0,,21.0,CHARGING,0.0,0.422,0.0,100.0,1.906
2026-07-19T02:00:00,2,6,7,True,28.78,56.96,4.77,0.296,0.178,0.0,0.0,5.108,2.337,0.119,0.175,0.106,1.512,0.425,0.0,0.0,,27.58,CHARGING,0.0,2.771,0.0,100.0,4.189
2026-07-19T03:00:00,3,6,7,True,29.42,60.51,4.27,0.296,0.178,0.0,0.0,4.459,2.676,0.04,0.333,0.368,1.406,0.528,0.0,0.0,,31.82,CHARGING,0.0,1.783,0.0,100.0,3.656
2026-07-19T04:00:00,4,6,7,True,29.83,72.09,5.62,0.296,0.178,0.0,0.0,5.166,2.455,0.094,0.037,0.163,1.67,0.492,0.0,0.0,,38.26,CHARGING,0.0,2.711,0.0,100.0,4.236
2026-07-19T05:00:00,5,6,7,True,31.27,66.94,4.82,0.296,0.178,0.0,0.0,5.236,2.593,0.047,0.281,0.319,1.445,0.501,0.0,0.0,,44.53,CHARGING,0.0,2.643,0.0,100.0,4.294
2026-07-19T06:00:00,6,6,7,True,32.43,71.17,4.64,0.296,0.178,0.0,0.0,4.915,1.777,-0.178,0.47,0.138,0.86,0.488,0.0,0.0,,51.99,CHARGING,0.0,3.138,0.0,100.0,4.03
2026-07-19T07:00:00,7,6,7,True,36.18,59.42,3.36,0.296,0.178,180.31,1.551,2.892,3.671,-0.059,-0.118,0.364,1.589,1.894,0.0,0.0,,53.82,CHARGING,0.0,0.772,0.0,100.0,3.643
2026-07-19T08:00:00,8,6,7,True,39.31,64.37,3.96,0.296,0.178,348.33,3.062,3.899,5.159,-0.057,0.017,2.115,1.129,1.956,0.0,0.0,,58.1,CHARGING,0.0,1.802,0.0,100.0,5.708
2026-07-19T09:00:00,9,6,7,True,40.52,70.24,3.89,0.296,0.178,492.61,4.258,3.688,7.443,0.419,2.573,2.129,1.972,0.35,0.0,0.0,,59.29,CHARGING,0.0,0.503,0.0,100.0,6.516
2026-07-19T10:00:00,10,6,7,True,41.24,66.96,3.97,0.296,0.178,603.33,4.984,3.936,13.835,-0.154,2.635,1.918,2.077,0.358,7.0,0.0,,46.36,DISCHARGING,4.915,0.0,35.53,64.47,7.314
2026-07-19T11:00:00,11,6,7,True,43.3,75.79,3.61,0.296,0.178,672.92,5.365,3.482,15.219,0.001,3.245,2.072,2.484,0.417,7.0,0.0,,29.59,DISCHARGING,6.372,0.0,41.87,58.13,7.255
2026-07-19T12:00:00,12,6,7,True,41.81,56.53,3.49,0.296,0.178,696.66,5.939,3.259,17.054,-0.097,2.93,1.984,2.913,2.323,7.0,0.0,,20.0,DISCHARGING,7.856,0.0,46.07,53.93,7.542
2026-07-19T13:00:00,13,6,7,True,44.49,69.07,2.03,0.296,0.178,672.92,5.659,1.354,16.369,-0.252,2.981,2.081,2.632,1.928,7.0,0.0,,20.0,HOLD,9.356,0.0,57.16,42.84,5.751
2026-07-19T14:00:00,14,6,7,True,42.72,73.0,2.03,0.296,0.178,603.33,4.903,1.685,7.272,-0.308,2.391,1.994,2.798,0.396,0.0,0.0,,20.0,HOLD,0.684,0.0,9.41,90.59,5.402
2026-07-19T15:00:00,15,6,7,True,40.47,61.71,1.43,0.296,0.178,492.61,4.195,0.823,8.2,0.221,2.946,1.904,2.747,0.383,0.0,0.0,,20.0,HOLD,3.182,0.0,38.8,61.2,4.115
2026-07-19T16:00:00,16,6,7,True,37.02,68.56,0.19,0.296,0.178,348.33,2.878,0.182,8.398,0.032,2.987,1.897,3.083,0.4,0.0,0.0,,20.0,HOLD,5.338,0.0,63.56,36.44,2.509
2026-07-19T17:00:00,17,6,7,True,35.97,57.51,1.23,0.296,0.178,180.31,1.501,0.568,8.367,0.07,2.999,2.105,2.735,0.457,0.0,0.0,,20.0,HOLD,6.298,0.0,75.27,24.73,1.697
2026-07-19T18:00:00,18,6,7,True,34.76,67.85,0.25,0.296,0.178,0.0,0.0,0.0,9.48,0.008,2.961,1.985,2.657,1.87,0.0,0.0,,20.0,HOLD,9.48,0.0,100.0,0.0,0.0
2026-07-19T19:00:00,19,6,7,True,32.97,60.82,0.43,0.296,0.178,0.0,0.0,0.212,9.185,0.037,2.841,1.943,2.604,1.76,0.0,0.0,,20.0,HOLD,8.973,0.0,97.69,2.31,0.174
2026-07-19T20:00:00,20,6,7,True,32.12,58.84,0.0,0.296,0.178,0.0,0.0,0.217,6.169,0.335,3.212,0.236,1.971,0.416,0.0,0.0,,20.0,HOLD,5.952,0.0,96.48,3.52,0.178
2026-07-19T21:00:00,21,6,7,True,28.45,66.69,0.93,0.296,0.178,0.0,0.0,0.537,2.366,-0.387,0.323,0.112,1.889,0.43,0.0,0.0,,20.0,HOLD,1.829,0.0,77.3,22.7,0.44
2026-07-19T22:00:00,22,6,7,True,26.32,64.86,2.13,0.296,0.178,0.0,0.0,1.509,2.155,-0.031,0.07,0.201,1.577,0.339,0.0,0.0,,20.0,HOLD,0.646,0.0,29.98,70.02,1.237
2026-07-19T23:00:00,23,6,7,True,29.59,64.01,2.81,0.296,0.178,0.0,0.0,2.258,1.864,-0.087,0.204,0.075,1.323,0.349,0.0,0.0,,20.94,CHARGING,0.0,0.394,0.0,100.0,1.852
2026-07-20T00:00:00,0,0,7,False,26.4,82.76,2.55,0.398,0.239,0.0,0.0,1.823,3.967,0.88,0.828,0.334,1.398,0.528,0.0,0.0,,20.0,DISCHARGING,2.144,0.0,54.05,45.95,1.495
2026-07-20T01:00:00,1,0,7,False,28.31,66.67,3.37,0.398,0.239,0.0,0.0,3.176,4.081,1.279,0.397,0.183,1.797,0.425,0.0,0.0,,20.0,HOLD,0.905,0.0,22.18,77.82,2.604
2026-07-20T02:00:00,2,0,7,False,29.3,69.33,4.43,0.398,0.239,0.0,0.0,4.755,4.105,1.344,0.679,0.131,1.558,0.393,0.0,0.0,,21.54,CHARGING,0.0,0.65,0.0,100.0,3.899
2026-07-20T03:00:00,3,0,7,False,28.81,60.27,6.56,0.398,0.239,0.0,0.0,4.914,4.49,1.226,1.371,0.104,1.391,0.398,0.0,0.0,,22.55,CHARGING,0.0,0.424,0.0,100.0,4.029
2026-07-20T04:00:00,4,0,7,False,29.66,65.3,5.44,0.398,0.239,0.0,0.0,4.867,3.388,0.839,0.531,0.043,1.728,0.247,0.0,0.0,,26.06,CHARGING,0.0,1.479,0.0,100.0,3.991
2026-07-20T05:00:00,5,0,7,False,31.3,65.04,5.26,0.398,0.239,0.0,0.0,5.204,3.773,1.0,0.541,0.179,1.607,0.446,0.0,0.0,,29.46,CHARGING,0.0,1.431,0.0,100.0,4.267
2026-07-20T06:00:00,6,0,7,False,33.69,66.83,4.74,0.398,0.239,0.0,0.0,4.883,3.171,1.604,0.372,0.199,0.726,0.27,0.0,0.0,,33.53,CHARGING,0.0,1.712,0.0,100.0,4.004
2026-07-20T07:00:00,7,0,7,False,35.69,65.9,4.16,0.398,0.239,159.35,1.346,4.305,4.971,1.043,0.332,0.161,1.414,2.021,0.0,0.0,,35.14,CHARGING,0.0,0.68,0.0,100.0,4.634
2026-07-20T08:00:00,8,0,7,False,38.78,62.25,3.59,0.398,0.239,307.84,2.551,3.525,9.797,4.106,0.342,1.944,1.494,1.911,0.0,0.0,,25.35,DISCHARGING,3.721,0.0,37.98,62.02,4.982
2026-07-20T09:00:00,9,0,7,False,41.28,78.37,4.18,0.398,0.239,435.35,3.755,4.41,14.528,4.134,5.873,2.06,1.898,0.563,0.0,0.0,,20.0,DISCHARGING,6.363,0.0,43.8,56.2,6.695
2026-07-20T10:00:00,10,0,7,False,42.46,68.6,4.21,0.398,0.239,533.19,4.619,4.176,21.543,4.368,5.944,1.859,2.137,0.235,7.0,0.0,,20.0,HOLD,12.748,0.0,59.17,40.83,7.212
2026-07-20T11:00:00,11,0,7,False,43.64,68.81,2.69,0.398,0.239,594.7,5.066,2.135,21.889,3.946,5.609,1.961,2.895,0.478,7.0,0.0,,20.0,HOLD,14.688,0.0,67.1,32.9,5.905
2026-07-20T12:00:00,12,0,7,False,42.53,67.75,2.51,0.398,0.239,615.68,5.166,1.947,23.381,4.106,5.714,1.904,2.774,1.883,7.0,0.0,,20.0,HOLD,16.268,0.0,69.58,30.42,5.833
2026-07-20T13:00:00,13,0,7,False,43.75,58.83,2.47,0.398,0.239,594.7,4.962,1.774,24.177,4.139,5.925,2.185,3.034,1.894,7.0,0.0,,20.0,HOLD,17.441,0.0,72.14,27.86,5.524
2026-07-20T14:00:00,14,0,7,False,38.83,61.86,1.4,0.398,0.239,533.19,4.699,0.824,15.557,4.187,5.914,1.982,2.963,0.511,0.0,0.0,,20.0,HOLD,10.034,0.0,64.5,35.5,4.529
2026-07-20T15:00:00,15,0,7,False,41.05,76.08,0.74,0.398,0.239,435.35,3.645,0.273,15.009,3.434,6.19,2.01,3.015,0.36,0.0,0.0,,20.0,HOLD,11.091,0.0,73.9,26.1,3.213
2026-07-20T16:00:00,16,0,7,False,38.07,70.28,0.97,0.398,0.239,307.84,2.659,0.456,15.378,4.19,5.976,1.95,2.998,0.264,0.0,0.0,,20.0,HOLD,12.263,0.0,79.74,20.26,2.554
2026-07-20T17:00:00,17,0,7,False,37.35,62.83,0.0,0.398,0.239,159.35,1.308,0.0,16.018,4.322,5.965,2.064,3.226,0.44,0.0,0.0,,20.0,HOLD,14.71,0.0,91.83,8.17,1.073
2026-07-20T18:00:00,18,0,7,False,33.78,67.97,0.5,0.398,0.239,0.0,0.0,0.12,16.89,4.197,6.308,1.835,2.596,1.954,0.0,0.0,,20.0,HOLD,16.77,0.0,99.29,0.71,0.098
2026-07-20T19:00:00,19,0,7,False,33.76,81.48,1.98,0.398,0.239,0.0,0.0,1.354,16.083,4.118,5.795,1.986,2.446,1.738,0.0,0.0,,20.0,HOLD,14.729,0.0,91.58,8.42,1.11
2026-07-20T20:00:00,20,0,7,False,31.11,74.32,1.12,0.398,0.239,0.0,0.0,0.469,9.32,1.148,5.373,0.079,2.345,0.375,0.0,0.0,,20.0,HOLD,8.851,0.0,94.97,5.03,0.385
2026-07-20T21:00:00,21,0,7,False,30.66,66.76,0.01,0.398,0.239,0.0,0.0,0.096,4.91,1.335,0.793,0.354,1.895,0.534,0.0,0.0,,20.0,HOLD,4.814,0.0,98.04,1.96,0.079
2026-07-20T22:00:00,22,0,7,False,26.43,71.73,1.14,0.398,0.239,0.0,0.0,0.662,4.413,1.22,0.922,0.194,1.627,0.451,0.0,0.0,,20.0,HOLD,3.751,0.0,85.0,15.0,0.543
2026-07-20T23:00:00,23,0,7,False,26.21,70.34,1.92,0.398,0.239,0.0,0.0,1.287,3.841,1.183,1.078,0.156,1.194,0.229,0.0,0.0,,20.0,HOLD,2.554,0.0,66.49,33.51,1.055
2026-07-21T00:00:00,0,1,7,False,26.86,64.18,3.53,0.0,0.0,0.0,0.0,3.405,4.697,1.346,0.934,0.298,1.735,0.383,0.0,0.0,,20.0,HOLD,1.292,0.0,27.51,72.49,2.792
2026-07-21T01:00:00,1,1,7,False,25.21,63.9,4.05,0.0,0.0,0.0,0.0,4.201,4.321,1.589,0.786,0.223,1.292,0.431,0.0,0.0,,20.0,HOLD,0.12,0.0,2.78,97.22,3.445
2026-07-21T02:00:00,2,1,7,False,27.17,60.27,4.17,0.0,0.0,0.0,0.0,4.247,3.656,1.387,-0.217,0.219,1.68,0.587,0.0,0.0,,21.4,CHARGING,0.0,0.591,0.0,100.0,3.483
2026-07-21T03:00:00,3,1,7,False,30.37,60.84,5.76,0.0,0.0,0.0,0.0,5.053,3.499,1.199,0.365,0.148,1.333,0.453,0.0,0.0,,25.09,CHARGING,0.0,1.554,0.0,100.0,4.143
2026-07-21T04:00:00,4,1,7,False,30.95,57.17,4.44,0.0,0.0,0.0,0.0,4.762,3.232,0.974,0.214,0.295,1.294,0.455,0.0,0.0,,28.73,CHARGING,0.0,1.53,0.0,100.0,3.905
2026-07-21T05:00:00,5,1,7,False,35.28,63.69,6.23,0.0,0.0,0.0,0.0,5.225,3.452,0.733,0.461,0.285,1.449,0.524,0.0,0.0,,32.94,CHARGING,0.0,1.773,0.0,100.0,4.284
2026-07-21T06:00:00,6,1,7,False,34.87,58.63,5.11,0.0,0.0,0.0,0.0,4.945,3.425,1.254,0.368,0.295,0.998,0.51,0.0,0.0,,36.55,CHARGING,0.0,1.52,0.0,100.0,4.055
2026-07-21T07:00:00,7,1,7,False,35.31,59.98,3.57,0.0,0.0,240.94,2.2,3.502,5.286,1.089,0.727,0.273,1.059,2.137,0.0,0.0,,37.54,CHARGING,0.0,0.416,0.0,100.0,4.676
2026-07-21T08:00:00,8,1,7,False,38.68,60.12,4.66,0.0,0.0,465.45,4.051,4.924,9.843,3.659,0.697,1.796,1.573,2.119,0.0,0.0,,35.25,DISCHARGING,0.868,0.0,8.82,91.18,7.36
2026-07-21T09:00:00,9,1,7,False,41.45,63.1,5.25,0.0,0.0,658.25,5.801,4.941,14.557,4.08,5.869,2.096,1.941,0.572,0.0,0.0,,25.21,DISCHARGING,3.815,0.0,26.21,73.79,8.808
2026-07-21T10:00:00,10,1,7,False,41.06,62.97,5.13,0.0,0.0,806.19,6.785,5.054,21.649,4.052,6.107,1.979,2.145,0.366,7.0,0.0,,20.0,DISCHARGING,9.81,0.0,45.31,54.69,9.708
2026-07-21T11:00:00,11,1,7,False,40.13,53.82,4.19,0.0,0.0,899.19,7.57,4.355,21.609,4.168,5.468,1.991,2.578,0.405,7.0,0.0,,20.0,HOLD,9.684,0.0,44.81,55.19,9.778
2026-07-21T12:00:00,12,1,7,False,44.94,49.75,2.34,0.0,0.0,930.91,7.835,1.739,23.487,3.648,5.952,2.123,2.529,2.234,7.0,0.0,,20.0,HOLD,13.913,0.0,59.24,40.76,7.851
2026-07-21T13:00:00,13,1,7,False,41.4,53.9,2.55,0.0,0.0,899.19,7.568,2.025,24.396,3.702,6.848,1.95,2.799,2.097,7.0,0.0,,20.0,HOLD,14.803,0.0,60.68,39.32,7.866
2026-07-21T14:00:00,14,1,7,False,44.58,53.99,2.9,0.0,0.0,806.19,6.716,2.283,15.022,4.18,5.509,1.92,2.968,0.445,0.0,0.0,,20.0,HOLD,6.023,0.0,40.09,59.91,7.379
2026-07-21T15:00:00,15,1,7,False,40.19,63.62,2.8,0.0,0.0,658.25,5.636,2.221,16.027,4.34,5.759,2.174,3.303,0.451,0.0,0.0,,20.0,HOLD,8.17,0.0,50.98,49.02,6.443
2026-07-21T16:00:00,16,1,7,False,40.48,59.02,0.0,0.0,0.0,465.45,4.016,0.092,14.656,3.756,5.912,1.746,3.03,0.212,0.0,0.0,,20.0,HOLD,10.548,0.0,71.97,28.03,3.369
2026-07-21T17:00:00,17,1,7,False,38.69,57.63,2.01,0.0,0.0,240.94,2.071,1.408,14.611,4.048,5.656,2.062,2.627,0.217,0.0,0.0,,20.0,HOLD,11.132,0.0,76.19,23.81,2.853
2026-07-21T18:00:00,18,1,7,False,34.75,61.36,0.83,0.0,0.0,0.0,0.0,0.567,17.048,4.032,6.07,2.02,2.869,2.058,0.0,0.0,,20.0,HOLD,16.481,0.0,96.67,3.33,0.465
2026-07-21T19:00:00,19,1,7,False,33.52,50.88,1.66,0.0,0.0,0.0,0.0,1.059,16.608,3.96,6.174,2.002,2.596,1.875,0.0,0.0,,20.0,HOLD,15.549,0.0,93.62,6.38,0.868
2026-07-21T20:00:00,20,1,7,False,30.91,61.93,0.2,0.0,0.0,0.0,0.0,0.078,9.6,0.906,5.885,0.289,2.284,0.235,0.0,0.0,,20.0,HOLD,9.522,0.0,99.19,0.81,0.064
2026-07-21T21:00:00,21,1,7,False,28.26,51.53,0.38,0.0,0.0,0.0,0.0,0.175,4.469,1.288,0.781,0.199,1.909,0.293,0.0,0.0,,20.0,HOLD,4.294,0.0,96.08,3.92,0.144
2026-07-21T22:00:00,22,1,7,False,27.34,55.77,0.94,0.0,0.0,0.0,0.0,0.446,3.963,1.813,0.196,0.187,1.405,0.361,0.0,0.0,,20.0,HOLD,3.517,0.0,88.75,11.25,0.366
2026-07-21T23:00:00,23,1,7,False,26.68,57.75,3.16,0.0,0.0,0.0,0.0,2.763,3.218,0.92,0.404,0.162,1.276,0.456,0.0,0.0,,20.0,HOLD,0.455,0.0,14.14,85.86,2.266
2026-07-22T00:00:00,0,2,7,False,26.58,58.58,2.8,0.359,0.215,0.0,0.0,2.271,4.27,1.349,0.995,0.181,1.347,0.398,0.0,0.0,,20.0,HOLD,1.999,0.0,46.81,53.19,1.862
2026-07-22T01:00:00,1,2,7,False,27.72,64.36,3.27,0.359,0.215,0.0,0.0,3.0,3.286,1.131,0.104,0.246,1.385,0.421,0.0,0.0,,20.0,HOLD,0.286,0.0,8.7,91.3,2.46
2026-07-22T02:00:00,2,2,7,False,28.23,67.59,2.49,0.359,0.215,0.0,0.0,2.027,3.399,1.223,0.007,0.328,1.562,0.28,0.0,0.0,,20.0,HOLD,1.372,0.0,40.36,59.64,1.662
2026-07-22T03:00:00,3,2,7,False,28.09,70.58,4.6,0.359,0.215,0.0,0.0,5.014,3.038,0.841,0.287,-0.006,1.365,0.551,0.0,0.0,,24.69,CHARGING,0.0,1.976,0.0,100.0,4.111
2026-07-22T04:00:00,4,2,7,False,34.01,63.99,4.92,0.359,0.215,0.0,0.0,5.047,3.327,0.887,0.428,0.343,1.343,0.325,0.0,0.0,,28.78,CHARGING,0.0,1.72,0.0,100.0,4.139
2026-07-22T05:00:00,5,2,7,False,32.88,64.06,5.16,0.359,0.215,0.0,0.0,5.061,4.424,1.592,0.562,0.196,1.729,0.345,0.0,0.0,,30.29,CHARGING,0.0,0.637,0.0,100.0,4.15
2026-07-22T06:00:00,6,2,7,False,32.94,72.56,5.2,0.359,0.215,0.0,0.0,4.99,2.907,0.91,0.582,0.323,0.715,0.376,0.0,0.0,,35.24,CHARGING,0.0,2.083,0.0,100.0,4.092
2026-07-22T07:00:00,7,2,7,False,36.42,68.42,4.37,0.359,0.215,167.41,1.451,4.617,4.71,1.005,0.106,0.226,1.189,2.184,0.0,0.0,,38.46,CHARGING,0.0,1.358,0.0,100.0,4.976
2026-07-22T08:00:00,8,2,7,False,41.75,62.48,6.32,0.359,0.215,323.42,2.747,5.087,10.404,4.152,0.494,2.128,1.618,2.013,0.0,0.0,,31.7,DISCHARGING,2.57,0.0,24.7,75.3,6.424
2026-07-22T09:00:00,9,2,7,False,38.28,65.88,4.93,0.359,0.215,457.38,3.934,5.024,14.276,4.036,5.986,2.079,1.92,0.254,0.0,0.0,,20.0,DISCHARGING,5.318,0.0,37.25,62.75,7.346
2026-07-22T10:00:00,10,2,7,False,42.71,60.56,3.35,0.359,0.215,560.18,4.589,3.098,21.083,3.981,5.36,1.962,2.425,0.355,7.0,0.0,,20.0,HOLD,13.396,0.0,63.54,36.46,6.303
2026-07-22T11:00:00,11,2,7,False,42.41,71.16,4.35,0.359,0.215,624.8,5.339,4.262,22.399,4.347,6.191,2.246,2.391,0.224,7.0,0.0,,20.0,HOLD,12.798,0.0,57.14,42.86,7.873
2026-07-22T12:00:00,12,2,7,False,42.94,70.45,2.78,0.359,0.215,646.84,5.52,2.308,23.854,3.952,6.157,1.974,2.668,2.104,7.0,0.0,,20.0,HOLD,16.026,0.0,67.18,32.82,6.419
2026-07-22T13:00:00,13,2,7,False,44.55,66.34,3.35,0.359,0.215,624.8,4.962,3.05,23.509,3.848,5.961,1.933,2.87,1.896,7.0,0.0,,20.0,HOLD,15.497,0.0,65.92,34.08,6.57
2026-07-22T14:00:00,14,2,7,False,39.94,62.33,2.98,0.359,0.215,560.18,4.74,2.665,16.066,4.183,6.238,2.03,3.077,0.537,0.0,0.0,,20.0,HOLD,8.661,0.0,53.91,46.09,6.072
2026-07-22T15:00:00,15,2,7,False,41.22,64.54,0.12,0.359,0.215,457.38,3.903,0.0,15.864,4.324,5.981,2.009,3.169,0.382,0.0,0.0,,20.0,HOLD,11.961,0.0,75.4,24.6,3.2
2026-07-22T16:00:00,16,2,7,False,39.19,59.82,1.99,0.359,0.215,323.42,2.73,1.484,15.487,4.013,6.44,1.842,2.715,0.477,0.0,0.0,,20.0,HOLD,11.273,0.0,72.79,27.21,3.455
2026-07-22T17:00:00,17,2,7,False,38.3,69.18,0.91,0.359,0.215,167.41,1.448,0.355,15.085,3.859,6.057,2.09,2.698,0.38,0.0,0.0,,20.0,HOLD,13.282,0.0,88.05,11.95,1.478
2026-07-22T18:00:00,18,2,7,False,34.56,67.14,1.33,0.359,0.215,0.0,0.0,0.896,16.309,3.892,5.912,1.841,2.612,2.052,0.0,0.0,,20.0,HOLD,15.413,0.0,94.51,5.49,0.735
2026-07-22T19:00:00,19,2,7,False,33.34,69.93,1.55,0.359,0.215,0.0,0.0,0.888,15.662,3.676,5.685,1.93,2.363,2.009,0.0,0.0,,20.0,HOLD,14.774,0.0,94.33,5.67,0.728
2026-07-22T20:00:00,20,2,7,False,32.81,69.7,2.5,0.359,0.215,0.0,0.0,1.94,9.794,0.873,6.316,0.016,2.137,0.452,0.0,0.0,,20.0,HOLD,7.854,0.0,80.19,19.81,1.591
2026-07-22T21:00:00,21,2,7,False,29.12,61.28,1.43,0.359,0.215,0.0,0.0,0.958,3.898,1.204,0.351,0.075,1.829,0.439,0.0,0.0,,20.0,HOLD,2.94,0.0,75.42,24.58,0.786
2026-07-22T22:00:00,22,2,7,False,28.52,56.13,1.36,0.359,0.215,0.0,0.0,0.703,4.089,1.338,0.373,0.101,1.641,0.636,0.0,0.0,,20.0,HOLD,3.386,0.0,82.81,17.19,0.576
2026-07-22T23:00:00,23,2,7,False,28.32,68.97,2.59,0.359,0.215,0.0,0.0,1.973,3.907,0.698,1.119,0.353,1.324,0.414,0.0,0.0,,20.0,HOLD,1.934,0.0,49.5,50.5,1.618
2026-07-23T00:00:00,0,3,7,False,24.6,75.34,2.82,0.319,0.191,0.0,0.0,2.317,3.6,0.848,1.014,0.193,1.236,0.308,0.0,0.0,,20.0,HOLD,1.283,0.0,35.64,64.36,1.9
2026-07-23T01:00:00,1,3,7,False,25.28,67.42,3.41,0.319,0.191,0.0,0.0,3.229,4.599,1.216,0.919,0.164,1.957,0.344,0.0,0.0,,20.0,HOLD,1.37,0.0,29.79,70.21,2.648
2026-07-23T02:00:00,2,3,7,False,26.65,65.32,3.18,0.319,0.191,0.0,0.0,2.863,3.436,0.819,0.649,0.065,1.443,0.46,0.0,0.0,,20.0,HOLD,0.573,0.0,16.68,83.32,2.348
2026-07-23T03:00:00,3,3,7,False,32.73,65.63,3.55,0.319,0.191,0.0,0.0,3.26,4.334,1.057,0.847,0.151,1.837,0.442,0.0,0.0,,20.0,HOLD,1.074,0.0,24.78,75.22,2.673
2026-07-23T04:00:00,4,3,7,False,29.41,62.37,4.44,0.319,0.191,0.0,0.0,4.512,3.846,0.932,0.423,0.268,1.685,0.538,0.0,0.0,,21.58,CHARGING,0.0,0.666,0.0,100.0,3.7
2026-07-23T05:00:00,5,3,7,False,33.65,70.35,4.87,0.319,0.191,0.0,0.0,4.816,3.722,1.287,0.298,0.193,1.518,0.425,0.0,0.0,,24.18,CHARGING,0.0,1.094,0.0,100.0,3.949
2026-07-23T06:00:00,6,3,7,False,36.33,67.35,5.67,0.319,0.191,0.0,0.0,5.011,3.456,1.081,0.541,0.462,0.927,0.445,0.0,0.0,,27.87,CHARGING,0.0,1.555,0.0,100.0,4.109
2026-07-23T07:00:00,7,3,7,False,35.94,70.18,5.75,0.319,0.191,175.62,1.535,5.021,5.954,1.407,0.982,0.228,1.247,2.089,0.0,0.0,,29.3,CHARGING,0.0,0.602,0.0,100.0,5.376
2026-07-23T08:00:00,8,3,7,False,37.57,66.11,4.16,0.319,0.191,339.27,2.799,4.322,9.834,3.807,0.459,1.979,1.624,1.966,0.0,0.0,,22.16,DISCHARGING,2.713,0.0,27.59,72.41,5.839
2026-07-23T09:00:00,9,3,7,False,40.48,64.14,4.37,0.319,0.191,479.8,3.988,4.67,13.738,3.579,5.938,1.953,2.013,0.255,0.0,0.0,,20.0,DISCHARGING,5.08,0.0,36.98,63.02,7.1
2026-07-23T10:00:00,10,3,7,False,41.11,71.73,3.92,0.319,0.191,587.64,4.981,3.759,21.685,3.903,6.266,1.88,2.238,0.399,7.0,0.0,,20.0,HOLD,12.945,0.0,59.7,40.3,7.167
2026-07-23T11:00:00,11,3,7,False,42.08,64.31,5.67,0.319,0.191,655.43,5.545,4.923,22.119,4.106,6.261,1.941,2.5,0.31,7.0,0.0,,20.0,HOLD,11.651,0.0,52.67,47.33,8.584
2026-07-23T12:00:00,12,3,7,False,41.21,63.61,3.83,0.319,0.191,678.55,5.435,3.923,23.611,3.84,5.926,2.164,2.697,1.984,7.0,0.0,,20.0,HOLD,14.253,0.0,60.37,39.63,7.674
2026-07-23T13:00:00,13,3,7,False,40.81,65.55,1.17,0.319,0.191,655.43,5.566,0.667,23.685,3.904,6.006,1.816,2.942,2.016,7.0,0.0,,20.0,HOLD,17.452,0.0,73.68,26.32,5.111
2026-07-23T14:00:00,14,3,7,False,44.82,61.67,2.01,0.319,0.191,587.64,4.865,1.388,15.118,4.087,6.008,1.874,2.723,0.426,0.0,0.0,,20.0,HOLD,8.865,0.0,58.64,41.36,5.127
2026-07-23T15:00:00,15,3,7,False,42.66,70.45,1.65,0.319,0.191,479.8,4.094,1.086,15.571,3.837,6.059,2.121,3.079,0.475,0.0,0.0,,20.0,HOLD,10.391,0.0,66.73,33.27,4.248
2026-07-23T16:00:00,16,3,7,False,38.23,65.79,1.11,0.319,0.191,339.27,2.889,0.698,14.761,3.531,6.009,1.992,2.762,0.467,0.0,0.0,,20.0,HOLD,11.174,0.0,75.7,24.3,2.941
2026-07-23T17:00:00,17,3,7,False,35.91,75.62,0.78,0.319,0.191,175.62,1.542,0.404,15.545,4.076,5.951,2.2,2.994,0.325,0.0,0.0,,20.0,HOLD,13.599,0.0,87.48,12.52,1.596
2026-07-23T18:00:00,18,3,7,False,32.83,66.1,1.45,0.319,0.191,0.0,0.0,0.919,16.84,3.946,6.159,2.044,2.627,2.063,0.0,0.0,,20.0,HOLD,15.921,0.0,94.54,5.46,0.754
2026-07-23T19:00:00,19,3,7,False,32.11,63.72,0.72,0.319,0.191,0.0,0.0,0.279,16.911,4.274,6.535,1.926,2.071,2.104,0.0,0.0,,20.0,HOLD,16.632,0.0,98.35,1.65,0.229
2026-07-23T20:00:00,20,3,7,False,30.42,63.44,0.58,0.319,0.191,0.0,0.0,0.348,10.431,1.232,6.385,0.249,2.203,0.361,0.0,0.0,,20.0,HOLD,10.083,0.0,96.66,3.34,0.285
2026-07-23T21:00:00,21,3,7,False,30.11,71.36,2.24,0.319,0.191,0.0,0.0,1.696,4.093,1.317,0.485,0.087,1.829,0.376,0.0,0.0,,20.0,HOLD,2.397,0.0,58.56,41.44,1.391
2026-07-23T22:00:00,22,3,7,False,28.99,59.6,3.01,0.319,0.191,0.0,0.0,2.572,3.812,1.359,0.442,0.157,1.406,0.448,0.0,0.0,,20.0,HOLD,1.24,0.0,32.53,67.47,2.109
2026-07-23T23:00:00,23,3,7,False,26.96,65.08,1.96,0.319,0.191,0.0,0.0,1.271,4.02,1.032,0.976,0.208,1.365,0.44,0.0,0.0,,20.0,HOLD,2.749,0.0,68.38,31.62,1.042
2026-07-24T00:00:00,0,4,7,False,26.88,69.42,2.72,0.263,0.158,0.0,0.0,2.353,3.888,0.963,0.991,0.164,1.387,0.383,0.0,0.0,,20.0,HOLD,1.535,0.0,39.48,60.52,1.929
2026-07-24T01:00:00,1,4,7,False,28.45,63.98,3.95,0.263,0.158,0.0,0.0,3.939,3.464,1.085,0.388,0.241,1.488,0.262,0.0,0.0,,21.13,CHARGING,0.0,0.475,0.0,100.0,3.23
2026-07-24T02:00:00,2,4,7,False,29.27,73.22,3.62,0.263,0.158,0.0,0.0,3.42,3.699,1.06,0.307,0.151,1.766,0.414,0.0,0.0,,20.39,DISCHARGING,0.279,0.0,7.54,92.46,2.804
2026-07-24T03:00:00,3,4,7,False,28.08,56.65,2.95,0.263,0.158,0.0,0.0,2.472,3.481,1.155,-0.082,0.191,1.654,0.562,0.0,0.0,,20.0,DISCHARGING,1.009,0.0,28.99,71.01,2.027
2026-07-24T04:00:00,4,4,7,False,28.09,60.99,4.09,0.263,0.158,0.0,0.0,4.015,4.474,1.536,0.613,0.188,1.739,0.398,0.0,0.0,,20.0,HOLD,0.459,0.0,10.26,89.74,3.292
2026-07-24T05:00:00,5,4,7,False,33.46,58.41,4.33,0.263,0.158,0.0,0.0,4.726,4.012,1.327,0.682,0.102,1.637,0.264,0.0,0.0,,21.7,CHARGING,0.0,0.714,0.0,100.0,3.875
2026-07-24T06:00:00,6,4,7,False,32.58,75.03,4.55,0.263,0.158,0.0,0.0,4.812,2.784,1.065,0.108,0.208,0.924,0.479,0.0,0.0,,26.51,CHARGING,0.0,2.028,0.0,100.0,3.946
2026-07-24T07:00:00,7,4,7,False,38.36,68.04,4.77,0.263,0.158,187.06,1.571,5.054,5.429,1.099,0.738,0.238,1.275,2.079,0.0,0.0,,29.35,CHARGING,0.0,1.196,0.0,100.0,5.432
2026-07-24T08:00:00,8,4,7,False,36.57,63.91,3.88,0.263,0.158,361.38,3.012,3.781,10.735,3.925,0.993,2.014,1.773,2.03,0.0,0.0,,20.0,DISCHARGING,3.942,0.0,36.72,63.28,5.57
2026-07-24T09:00:00,9,4,7,False,39.78,68.91,4.52,0.263,0.158,511.06,4.431,4.793,13.301,3.67,5.485,1.967,1.599,0.58,0.0,0.0,,20.0,HOLD,4.077,0.0,30.65,69.35,7.564
2026-07-24T10:00:00,10,4,7,False,42.75,59.71,3.49,0.263,0.158,625.92,5.341,3.151,21.44,3.796,5.77,2.011,2.343,0.519,7.0,0.0,,20.0,HOLD,12.948,0.0,60.39,39.61,6.963
2026-07-24T11:00:00,11,4,7,False,44.22,70.36,3.52,0.263,0.158,698.12,5.722,3.118,21.279,3.866,5.758,1.937,2.365,0.354,7.0,0.0,,20.0,HOLD,12.439,0.0,58.46,41.54,7.249
2026-07-24T12:00:00,12,4,7,False,43.86,56.63,4.37,0.263,0.158,722.75,5.859,4.492,23.941,4.153,5.939,1.928,2.826,2.096,7.0,0.0,,20.0,HOLD,13.59,0.0,56.76,43.24,8.488
2026-07-24T13:00:00,13,4,7,False,42.63,66.61,1.83,0.263,0.158,698.12,5.813,1.213,24.362,3.898,6.277,2.025,3.029,2.134,7.0,0.0,,20.0,HOLD,17.336,0.0,71.16,28.84,5.761
2026-07-24T14:00:00,14,4,7,False,42.54,70.46,1.59,0.263,0.158,625.92,5.287,1.267,15.628,4.062,6.209,2.029,2.953,0.374,0.0,0.0,,20.0,HOLD,9.074,0.0,58.06,41.94,5.374
2026-07-24T15:00:00,15,4,7,False,41.03,71.03,2.0,0.263,0.158,511.06,4.331,1.371,15.119,3.935,5.603,2.166,2.919,0.497,0.0,0.0,,20.0,HOLD,9.417,0.0,62.29,37.71,4.676
2026-07-24T16:00:00,16,4,7,False,39.34,64.67,1.51,0.263,0.158,361.38,3.017,0.832,16.027,4.346,6.034,2.113,3.176,0.359,0.0,0.0,,20.0,HOLD,12.178,0.0,75.98,24.02,3.156
2026-07-24T17:00:00,17,4,7,False,37.63,59.48,1.1,0.263,0.158,187.06,1.593,0.639,15.192,3.9,5.903,1.983,3.19,0.217,0.0,0.0,,20.0,HOLD,12.96,0.0,85.31,14.69,1.83
2026-07-24T18:00:00,18,4,7,False,35.68,62.06,0.8,0.263,0.158,0.0,0.0,0.423,17.301,4.145,6.056,2.109,2.909,2.082,0.0,0.0,,20.0,HOLD,16.878,0.0,97.56,2.44,0.347
2026-07-24T19:00:00,19,4,7,False,32.04,67.76,1.46,0.263,0.158,0.0,0.0,0.728,16.082,3.595,6.021,2.03,2.331,2.105,0.0,0.0,,20.0,HOLD,15.354,0.0,95.47,4.53,0.597
2026-07-24T20:00:00,20,4,7,False,31.16,67.11,2.35,0.263,0.158,0.0,0.0,1.844,9.79,1.334,5.836,0.056,2.265,0.3,0.0,0.0,,20.0,HOLD,7.946,0.0,81.16,18.84,1.512
2026-07-24T21:00:00,21,4,7,False,30.95,73.88,1.26,0.263,0.158,0.0,0.0,0.721,4.224,1.486,0.333,0.184,1.89,0.332,0.0,0.0,,20.0,HOLD,3.503,0.0,82.93,17.07,0.591
2026-07-24T22:00:00,22,4,7,False,28.37,64.71,0.96,0.263,0.158,0.0,0.0,0.451,3.915,1.0,0.909,0.273,1.462,0.271,0.0,0.0,,20.0,HOLD,3.464,0.0,88.48,11.52,0.37
2026-07-24T23:00:00,23,4,7,False,25.77,66.64,2.92,0.263,0.158,0.0,0.0,2.46,3.573,1.015,0.876,0.145,1.293,0.245,0.0,0.0,,20.0,HOLD,1.113,0.0,31.15,68.85,2.017
2026-07-25T00:00:00,0,5,7,True,26.07,65.44,3.81,0.451,0.271,0.0,0.0,3.482,2.303,-0.112,0.249,0.374,1.325,0.467,0.0,0.0,,22.8,CHARGING,0.0,1.179,0.0,100.0,2.855
2026-07-25T01:00:00,1,5,7,True,28.79,67.15,2.94,0.451,0.271,0.0,0.0,2.373,2.732,-0.091,0.683,0.252,1.476,0.411,0.0,0.0,,21.86,DISCHARGING,0.359,0.0,13.14,86.86,1.946
2026-07-25T02:00:00,2,5,7,True,28.87,66.24,4.62,0.451,0.271,0.0,0.0,5.093,2.138,0.135,0.047,0.098,1.451,0.406,0.0,0.0,,28.87,CHARGING,0.0,2.955,0.0,100.0,4.176
2026-07-25T03:00:00,3,5,7,True,26.62,75.46,4.81,0.451,0.271,0.0,0.0,4.932,2.442,-0.159,0.39,0.185,1.566,0.46,0.0,0.0,,34.79,CHARGING,0.0,2.49,0.0,100.0,4.044
2026-07-25T04:00:00,4,5,7,True,32.57,70.13,3.83,0.451,0.271,0.0,0.0,3.733,3.058,0.173,0.592,0.34,1.564,0.389,0.0,0.0,,36.39,CHARGING,0.0,0.675,0.0,100.0,3.061
2026-07-25T05:00:00,5,5,7,True,32.48,75.72,3.54,0.451,0.271,0.0,0.0,3.387,2.331,0.136,-0.074,0.108,1.732,0.429,0.0,0.0,,38.9,CHARGING,0.0,1.056,0.0,100.0,2.777
2026-07-25T06:00:00,6,5,7,True,34.06,74.45,4.9,0.451,0.271,0.0,0.0,4.853,2.328,0.327,0.59,0.185,0.721,0.505,0.0,0.0,,44.9,CHARGING,0.0,2.525,0.0,100.0,3.979
2026-07-25T07:00:00,7,5,7,True,37.71,67.86,3.77,0.451,0.271,148.55,1.348,3.655,3.759,-0.148,-0.003,0.377,1.392,2.141,0.0,0.0,,47.85,CHARGING,0.0,1.244,0.0,100.0,4.102
2026-07-25T08:00:00,8,5,7,True,39.3,64.78,5.74,0.451,0.271,286.98,2.443,5.029,6.07,0.276,0.396,1.937,1.628,1.832,0.0,0.0,,51.18,CHARGING,0.0,1.402,0.0,100.0,6.127
2026-07-25T09:00:00,9,5,7,True,37.1,67.15,5.08,0.451,0.271,405.86,3.458,5.083,8.088,0.279,3.16,2.193,2.025,0.43,0.0,0.0,,52.26,CHARGING,0.0,0.453,0.0,100.0,7.004
2026-07-25T10:00:00,10,5,7,True,42.22,73.8,2.97,0.451,0.271,497.07,3.962,2.503,14.759,0.005,2.763,1.955,2.526,0.51,7.0,0.0,,30.43,DISCHARGING,8.294,0.0,56.2,43.8,5.301
2026-07-25T11:00:00,11,5,7,True,41.63,62.64,3.14,0.451,0.271,554.41,4.724,2.76,14.727,-0.393,3.03,2.044,2.653,0.393,7.0,0.0,,20.0,DISCHARGING,7.243,0.0,49.18,50.82,6.137
2026-07-25T12:00:00,12,5,7,True,42.37,69.05,4.59,0.451,0.271,573.97,4.876,4.861,16.132,0.138,2.563,1.954,2.537,1.94,7.0,0.0,,20.0,HOLD,6.395,0.0,39.64,60.36,7.984
2026-07-25T13:00:00,13,5,7,True,44.53,72.61,1.99,0.451,0.271,554.41,4.739,1.404,17.54,0.199,3.159,2.012,2.986,2.184,7.0,0.0,,20.0,HOLD,11.397,0.0,64.98,35.02,5.037
2026-07-25T14:00:00,14,5,7,True,40.9,63.93,1.23,0.451,0.271,497.07,4.272,0.797,7.628,-0.107,2.359,1.933,3.05,0.393,0.0,0.0,,20.0,HOLD,2.559,0.0,33.55,66.45,4.157
2026-07-25T15:00:00,15,5,7,True,40.86,74.09,1.17,0.451,0.271,405.86,3.445,0.689,8.533,0.032,3.157,2.046,2.861,0.437,0.0,0.0,,20.0,HOLD,4.399,0.0,51.55,48.45,3.39
2026-07-25T16:00:00,16,5,7,True,40.12,71.1,2.19,0.451,0.271,286.98,2.38,1.542,8.044,-0.087,3.057,1.988,2.8,0.287,0.0,0.0,,20.0,HOLD,4.122,0.0,51.24,48.76,3.216
2026-07-25T17:00:00,17,5,7,True,33.85,68.36,0.0,0.451,0.271,148.55,1.349,0.18,7.66,-0.196,3.045,1.854,2.677,0.28,0.0,0.0,,20.0,HOLD,6.131,0.0,80.04,19.96,1.254
2026-07-25T18:00:00,18,5,7,True,34.59,70.29,0.85,0.451,0.271,0.0,0.0,0.361,9.103,0.007,2.672,1.866,2.494,2.065,0.0,0.0,,20.0,HOLD,8.742,0.0,96.03,3.97,0.296
2026-07-25T19:00:00,19,5,7,True,32.35,68.71,0.0,0.451,0.271,0.0,0.0,0.166,9.571,-0.116,3.204,2.109,2.365,2.008,0.0,0.0,,20.0,HOLD,9.405,0.0,98.27,1.73,0.136
2026-07-25T20:00:00,20,5,7,True,31.76,70.83,1.36,0.451,0.271,0.0,0.0,0.849,6.085,-0.097,3.105,0.292,2.35,0.435,0.0,0.0,,20.0,HOLD,5.236,0.0,86.05,13.95,0.696
2026-07-25T21:00:00,21,5,7,True,30.23,76.5,2.14,0.451,0.271,0.0,0.0,1.578,2.809,0.186,0.153,0.066,2.024,0.379,0.0,0.0,,20.0,HOLD,1.231,0.0,43.82,56.18,1.294
2026-07-25T22:00:00,22,5,7,True,26.19,76.18,2.4,0.451,0.271,0.0,0.0,1.962,2.035,-0.507,0.18,0.384,1.569,0.409,0.0,0.0,,20.0,HOLD,0.073,0.0,3.59,96.41,1.609
2026-07-25T23:00:00,23,5,7,True,28.35,69.38,1.11,0.451,0.271,0.0,0.0,0.77,1.668,-0.247,0.186,0.107,1.109,0.513,0.0,0.0,,20.0,HOLD,0.898,0.0,53.84,46.16,0.631
2026-07-26T00:00:00,0,6,7,True,26.97,63.71,2.56,0.315,0.189,0.0,0.0,1.995,1.935,-0.253,0.222,0.164,1.386,0.416,0.0,0.0,,20.14,CHARGING,0.0,0.06,0.0,100.0,1.636
2026-07-26T01:00:00,1,6,7,True,27.56,65.58,3.07,0.315,0.189,0.0,0.0,2.905,1.928,-0.211,0.026,0.094,1.659,0.36,0.0,0.0,,22.46,CHARGING,0.0,0.977,0.0,100.0,2.382
2026-07-26T02:00:00,2,6,7,True,28.36,66.25,5.6,0.315,0.189,0.0,0.0,5.052,6.0,-0.118,4.0,0.115,1.701,0.341,0.0,0.65,OVERNIGHT_CONSUMPTION,20.0,DISCHARGING,0.948,0.0,15.8,84.2,4.143
2026-07-26T03:00:00,3,6,7,True,28.55,61.68,3.54,0.315,0.189,0.0,0.0,3.092,6.0,-0.047,4.0,0.279,1.563,0.329,0.0,0.65,OVERNIGHT_CONSUMPTION,20.0,HOLD,2.908,0.0,48.47,51.53,2.535
2026-07-26T04:00:00,4,6,7,True,30.24,73.73,4.54,0.315,0.189,0.0,0.0,4.772,6.0,-0.226,4.0,0.231,1.53,0.528,0.0,0.65,OVERNIGHT_CONSUMPTION,20.0,HOLD,1.228,0.0,20.47,79.53,3.913
2026-07-26T05:00:00,5,6,7,True,34.42,65.93,6.85,0.315,0.189,0.0,0.0,4.87,2.504,0.139,0.336,0.265,1.329,0.435,0.0,0.0,,25.62,CHARGING,0.0,2.366,0.0,100.0,3.993
2026-07-26T06:00:00,6,6,7,True,35.24,62.88,5.11,0.315,0.189,0.0,0.0,5.205,1.42,-0.222,0.516,-0.088,1.0,0.213,0.0,0.0,,34.61,CHARGING,0.0,3.785,0.0,100.0,4.268
2026-07-26T07:00:00,7,6,7,True,36.21,65.22,3.88,0.315,0.189,176.41,1.542,3.638,3.644,-0.072,0.146,0.358,1.329,1.882,0.0,0.0,,38.26,CHARGING,0.0,1.536,0.0,100.0,4.248
2026-07-26T08:00:00,8,6,7,True,38.22,69.87,5.98,0.315,0.189,340.81,2.852,4.973,5.576,-0.047,0.139,1.829,1.517,2.139,0.0,0.0,,43.6,CHARGING,0.0,2.249,0.0,100.0,6.416
2026-07-26T09:00:00,9,6,7,True,40.01,67.0,4.33,0.315,0.189,481.97,4.258,4.508,7.288,0.219,2.821,1.974,1.952,0.323,0.0,0.0,,47.11,CHARGING,0.0,1.478,0.0,100.0,7.188
2026-07-26T10:00:00,10,6,7,True,41.55,62.3,4.71,0.315,0.189,590.29,4.961,5.071,14.595,-0.165,3.329,2.007,2.225,0.199,7.0,0.0,,35.1,DISCHARGING,4.563,0.0,31.26,68.74,8.226
2026-07-26T11:00:00,11,6,7,True,42.1,75.03,3.81,0.315,0.189,658.39,5.583,3.838,14.714,-0.242,2.962,2.122,2.376,0.497,7.0,0.0,,21.17,DISCHARGING,5.293,0.0,35.97,64.03,7.725
2026-07-26T12:00:00,12,6,7,True,44.03,64.66,3.22,0.315,0.189,681.61,5.556,3.066,16.928,0.126,3.102,1.959,2.724,2.016,7.0,0.0,,20.0,DISCHARGING,8.306,0.0,49.07,50.93,7.07
2026-07-26T13:00:00,13,6,7,True,43.26,62.39,3.07,0.315,0.189,658.39,5.332,2.698,16.648,-0.349,2.903,1.949,2.947,2.198,7.0,0.0,,20.0,HOLD,8.618,0.0,51.77,48.23,6.585
2026-07-26T14:00:00,14,6,7,True,38.94,65.14,3.82,0.315,0.189,590.29,5.051,3.591,8.291,0.199,3.012,1.994,2.677,0.407,0.0,0.0,,20.83,CHARGING,0.0,0.351,0.0,100.0,7.086
2026-07-26T15:00:00,15,6,7,True,41.85,72.17,1.4,0.315,0.189,481.97,4.137,0.761,8.759,0.319,3.014,2.005,3.015,0.407,0.0,0.0,,20.0,DISCHARGING,3.861,0.0,44.08,55.92,4.016
2026-07-26T16:00:00,16,6,7,True,34.98,59.48,1.12,0.315,0.189,340.81,3.041,0.751,8.462,0.17,2.928,1.899,2.869,0.594,0.0,0.0,,20.0,HOLD,4.67,0.0,55.19,44.81,3.109
2026-07-26T17:00:00,17,6,7,True,35.96,71.45,0.0,0.315,0.189,176.41,1.564,0.166,8.538,0.208,3.36,2.005,2.562,0.403,0.0,0.0,,20.0,HOLD,6.808,0.0,79.74,20.26,1.419
2026-07-26T18:00:00,18,6,7,True,35.86,65.4,0.89,0.315,0.189,0.0,0.0,0.321,10.592,0.368,3.562,2.0,2.761,1.902,0.0,0.0,,20.0,HOLD,10.271,0.0,96.97,3.03,0.263
2026-07-26T19:00:00,19,6,7,True,33.82,58.65,2.48,0.315,0.189,0.0,0.0,2.002,10.343,0.106,3.493,2.204,2.474,2.067,0.0,0.0,,20.0,HOLD,8.341,0.0,80.64,19.36,1.642
2026-07-26T20:00:00,20,6,7,True,31.05,67.66,0.76,0.315,0.189,0.0,0.0,0.354,5.394,-0.176,2.861,0.154,2.123,0.431,0.0,0.0,,20.0,HOLD,5.04,0.0,93.44,6.56,0.29
2026-07-26T21:00:00,21,6,7,True,29.9,62.01,2.37,0.315,0.189,0.0,0.0,1.979,3.096,-0.033,0.309,0.182,2.12,0.517,0.0,0.0,,20.0,HOLD,1.117,0.0,36.08,63.92,1.623
2026-07-26T22:00:00,22,6,7,True,29.67,61.94,2.02,0.315,0.189,0.0,0.0,1.522,3.16,-0.091,0.727,0.146,1.83,0.548,0.0,0.0,,20.0,HOLD,1.638,0.0,51.84,48.16,1.248
2026-07-26T23:00:00,23,6,7,True,25.82,70.21,2.95,0.315,0.189,0.0,0.0,2.456,2.314,0.287,0.305,0.076,1.247,0.4,0.0,0.0,,20.34,CHARGING,0.0,0.142,0.0,100.0,2.014
2026-07-27T00:00:00,0,0,7,False,25.34,74.26,3.25,0.474,0.284,0.0,0.0,2.875,4.084,1.17,0.599,0.222,1.666,0.427,0.0,0.0,,20.0,DISCHARGING,1.209,0.0,29.6,70.4,2.358
2026-07-27T01:00:00,1,0,7,False,25.1,70.3,3.07,0.474,0.284,0.0,0.0,2.816,4.195,1.555,0.639,0.276,1.282,0.443,0.0,0.0,,20.0,HOLD,1.379,0.0,32.87,67.13,2.309
2026-07-27T02:00:00,2,0,7,False,26.39,84.62,3.95,0.474,0.284,0.0,0.0,3.839,4.153,1.282,0.445,0.104,1.815,0.507,0.0,0.0,,20.0,HOLD,0.314,0.0,7.56,92.44,3.148
2026-07-27T03:00:00,3,0,7,False,29.79,67.92,4.1,0.474,0.284,0.0,0.0,4.183,4.188,0.583,1.326,0.218,1.552,0.509,0.0,0.0,,20.0,HOLD,0.005,0.0,0.12,99.88,3.43
2026-07-27T04:00:00,4,0,7,False,31.63,67.36,5.33,0.474,0.284,0.0,0.0,5.028,4.057,1.486,0.406,0.127,1.683,0.354,0.0,0.0,,22.31,CHARGING,0.0,0.971,0.0,100.0,4.123
2026-07-27T05:00:00,5,0,7,False,32.24,69.15,4.63,0.474,0.284,0.0,0.0,4.933,4.556,1.246,0.667,0.316,1.776,0.551,0.0,0.0,,23.2,CHARGING,0.0,0.377,0.0,100.0,4.045
2026-07-27T06:00:00,6,0,7,False,36.3,66.36,4.88,0.474,0.284,0.0,0.0,5.059,3.883,1.364,0.787,0.188,1.018,0.526,0.0,0.0,,25.99,CHARGING,0.0,1.176,0.0,100.0,4.148
2026-07-27T07:00:00,7,0,7,False,38.32,65.3,4.91,0.474,0.284,143.92,1.205,4.932,5.279,1.251,0.756,0.059,1.189,2.024,0.0,0.0,,28.03,CHARGING,0.0,0.858,0.0,100.0,5.032
2026-07-27T08:00:00,8,0,7,False,37.58,67.94,5.08,0.474,0.284,278.04,2.342,5.005,10.012,4.078,0.345,1.976,1.688,1.924,0.0,0.0,,21.02,DISCHARGING,2.665,0.0,26.62,73.38,6.025
2026-07-27T09:00:00,9,0,7,False,38.1,67.38,3.18,0.474,0.284,393.2,3.265,2.807,14.602,4.333,5.586,1.972,2.27,0.441,0.0,0.0,,20.0,DISCHARGING,8.53,0.0,58.42,41.58,4.979
2026-07-27T10:00:00,10,0,7,False,41.3,71.62,3.87,0.474,0.284,481.57,4.189,3.76,20.838,3.848,5.586,2.01,2.039,0.354,7.0,0.0,,20.0,HOLD,12.889,0.0,61.85,38.15,6.518
2026-07-27T11:00:00,11,0,7,False,41.29,66.93,4.38,0.474,0.284,537.13,4.555,4.418,21.956,4.026,5.639,1.957,2.84,0.493,7.0,0.0,,20.0,HOLD,12.983,0.0,59.13,40.87,7.358
2026-07-27T12:00:00,12,0,7,False,42.74,64.9,5.56,0.474,0.284,556.07,4.758,4.847,23.269,3.951,5.596,2.026,2.727,1.969,7.0,0.0,,20.0,HOLD,13.664,0.0,58.72,41.28,7.876
2026-07-27T13:00:00,13,0,7,False,44.29,71.11,2.03,0.474,0.284,537.13,4.534,1.296,23.994,3.85,6.016,2.063,3.087,1.978,7.0,0.0,,20.0,HOLD,18.164,0.0,75.7,24.3,4.781
2026-07-27T14:00:00,14,0,7,False,41.38,71.12,1.3,0.474,0.284,481.57,4.026,0.715,15.386,3.981,6.165,1.944,2.852,0.443,0.0,0.0,,20.0,HOLD,10.645,0.0,69.19,30.81,3.888
2026-07-27T15:00:00,15,0,7,False,36.05,63.72,1.1,0.474,0.284,393.2,3.464,0.535,15.163,3.888,5.985,1.94,2.94,0.41,0.0,0.0,,20.0,HOLD,11.164,0.0,73.63,26.37,3.279
2026-07-27T16:00:00,16,0,7,False,38.3,64.42,0.92,0.474,0.284,278.04,2.315,0.451,15.289,4.061,5.572,2.076,3.083,0.497,0.0,0.0,,20.0,HOLD,12.523,0.0,81.91,18.09,2.268
2026-07-27T17:00:00,17,0,7,False,37.45,80.4,1.58,0.474,0.284,143.92,1.223,0.886,15.459,3.693,6.527,2.177,2.735,0.327,0.0,0.0,,20.0,HOLD,13.35,0.0,86.36,13.64,1.729
2026-07-27T18:00:00,18,0,7,False,34.44,63.04,1.98,0.474,0.284,0.0,0.0,1.609,16.815,4.062,6.136,1.979,2.789,1.849,0.0,0.0,,20.0,HOLD,15.206,0.0,90.43,9.57,1.319
2026-07-27T19:00:00,19,0,7,False,31.6,58.12,1.15,0.474,0.284,0.0,0.0,0.582,15.924,3.939,5.835,1.9,2.235,2.014,0.0,0.0,,20.0,HOLD,15.342,0.0,96.35,3.65,0.477
2026-07-27T20:00:00,20,0,7,False,30.48,69.79,0.17,0.474,0.284,0.0,0.0,0.0,9.629,0.769,6.205,0.077,2.259,0.319,0.0,0.0,,20.0,HOLD,9.629,0.0,100.0,0.0,0.0
2026-07-27T21:00:00,21,0,7,False,28.69,72.13,2.51,0.474,0.284,0.0,0.0,2.019,3.952,1.279,0.066,0.168,1.916,0.522,0.0,0.0,,20.0,HOLD,1.933,0.0,48.91,51.09,1.656
2026-07-27T22:00:00,22,0,7,False,27.24,70.6,2.21,0.474,0.284,0.0,0.0,1.631,3.247,1.366,0.089,0.039,1.276,0.479,0.0,0.0,,20.0,HOLD,1.616,0.0,49.77,50.23,1.337
2026-07-27T23:00:00,23,0,7,False,28.21,66.09,3.2,0.474,0.284,0.0,0.0,2.85,4.724,1.489,1.108,0.279,1.314,0.534,0.0,0.0,,20.0,HOLD,1.874,0.0,39.67,60.33,2.337
2026-07-28T00:00:00,0,1,7,False,26.54,62.16,2.69,0.14,0.084,0.0,0.0,2.185,4.09,0.977,0.908,0.254,1.714,0.237,0.0,0.0,,20.0,HOLD,1.905,0.0,46.58,53.42,1.792
2026-07-28T01:00:00,1,1,7,False,30.05,56.82,2.26,0.14,0.084,0.0,0.0,1.829,3.7,1.245,0.527,0.121,1.294,0.513,0.0,0.0,,20.0,HOLD,1.871,0.0,50.57,49.43,1.5
2026-07-28T02:00:00,2,1,7,False,29.2,64.79,5.08,0.14,0.084,0.0,0.0,4.876,3.755,1.293,0.489,0.144,1.335,0.495,0.0,0.0,,22.66,CHARGING,0.0,1.121,0.0,100.0,3.998
2026-07-28T03:00:00,3,1,7,False,29.96,59.64,4.82,0.14,0.084,0.0,0.0,4.866,3.148,1.174,-0.158,0.043,1.452,0.638,0.0,0.0,,26.74,CHARGING,0.0,1.718,0.0,100.0,3.99
2026-07-28T04:00:00,4,1,7,False,28.23,63.89,3.74,0.14,0.084,0.0,0.0,3.633,3.835,1.34,0.499,0.149,1.512,0.334,0.0,0.0,,26.21,DISCHARGING,0.202,0.0,5.27,94.73,2.979
2026-07-28T05:00:00,5,1,7,False,33.94,67.26,3.65,0.14,0.084,0.0,0.0,3.461,3.394,0.871,0.306,0.32,1.469,0.428,0.0,0.0,,26.37,CHARGING,0.0,0.067,0.0,100.0,2.838
2026-07-28T06:00:00,6,1,7,False,33.61,55.95,4.98,0.14,0.084,0.0,0.0,5.037,3.118,1.264,0.329,0.166,0.981,0.379,0.0,0.0,,30.93,CHARGING,0.0,1.919,0.0,100.0,4.13
2026-07-28T07:00:00,7,1,7,False,36.57,58.05,6.45,0.14,0.084,212.18,1.861,4.885,5.177,1.331,0.812,0.149,1.082,1.803,0.0,0.0,,34.65,CHARGING,0.0,1.569,0.0,100.0,5.532
2026-07-28T08:00:00,8,1,7,False,38.01,57.42,5.15,0.14,0.084,409.9,3.504,4.852,9.625,3.953,0.256,1.992,1.543,1.881,0.0,0.0,,31.31,DISCHARGING,1.269,0.0,13.18,86.82,6.852
2026-07-28T09:00:00,9,1,7,False,39.6,56.24,3.67,0.14,0.084,579.68,5.019,3.475,13.85,3.56,5.813,2.091,1.836,0.55,0.0,0.0,,20.0,DISCHARGING,5.356,0.0,38.67,61.33,6.965
2026-07-28T10:00:00,10,1,7,False,40.57,67.99,4.4,0.14,0.084,709.96,6.046,4.482,21.835,3.812,6.351,1.92,2.396,0.357,7.0,0.0,,20.0,HOLD,11.307,0.0,51.78,48.22,8.633
2026-07-28T11:00:00,11,1,7,False,42.87,59.77,2.41,0.14,0.084,791.86,6.502,1.892,21.896,4.019,6.139,1.951,2.369,0.418,7.0,0.0,,20.0,HOLD,13.502,0.0,61.66,38.34,6.883
2026-07-28T12:00:00,12,1,7,False,41.38,62.24,3.86,0.14,0.084,819.79,6.85,3.842,23.267,3.985,5.503,1.894,2.877,2.008,7.0,0.0,,20.0,HOLD,12.575,0.0,54.05,45.95,8.767
2026-07-28T13:00:00,13,1,7,False,40.13,60.01,2.76,0.14,0.084,791.86,6.578,2.183,23.576,4.2,5.41,1.916,2.891,2.158,7.0,0.0,,20.0,HOLD,14.815,0.0,62.84,37.16,7.184
2026-07-28T14:00:00,14,1,7,False,42.69,70.46,1.32,0.14,0.084,709.96,5.777,0.788,15.264,4.098,5.736,2.07,2.891,0.47,0.0,0.0,,20.0,HOLD,8.699,0.0,56.99,43.01,5.383
2026-07-28T15:00:00,15,1,7,False,37.83,60.75,1.85,0.14,0.084,579.68,5.063,1.258,15.987,4.25,6.152,1.987,3.118,0.479,0.0,0.0,,20.0,HOLD,9.666,0.0,60.46,39.54,5.183
2026-07-28T16:00:00,16,1,7,False,39.64,57.9,0.0,0.14,0.084,409.9,3.569,0.0,15.328,4.176,6.212,1.927,2.669,0.343,0.0,0.0,,20.0,HOLD,11.759,0.0,76.72,23.28,2.927
2026-07-28T17:00:00,17,1,7,False,40.12,58.84,0.38,0.14,0.084,212.18,1.758,0.237,15.173,3.951,5.812,2.141,2.96,0.308,0.0,0.0,,20.0,HOLD,13.178,0.0,86.85,13.15,1.636
2026-07-28T18:00:00,18,1,7,False,33.09,62.89,1.93,0.14,0.084,0.0,0.0,1.159,15.662,3.777,5.628,1.795,2.554,1.908,0.0,0.0,,20.0,HOLD,14.503,0.0,92.6,7.4,0.95
2026-07-28T19:00:00,19,1,7,False,32.16,61.47,2.42,0.14,0.084,0.0,0.0,1.936,16.904,3.953,6.12,2.028,2.527,2.277,0.0,0.0,,20.0,HOLD,14.968,0.0,88.55,11.45,1.588
2026-07-28T20:00:00,20,1,7,False,32.29,64.66,0.4,0.14,0.084,0.0,0.0,0.172,9.677,0.925,5.668,0.234,2.4,0.45,0.0,0.0,,20.0,HOLD,9.505,0.0,98.22,1.78,0.141
2026-07-28T21:00:00,21,1,7,False,30.55,63.67,1.88,0.14,0.084,0.0,0.0,1.375,4.761,1.405,0.581,0.188,2.189,0.398,0.0,0.0,,20.0,HOLD,3.386,0.0,71.12,28.88,1.128
2026-07-28T22:00:00,22,1,7,False,28.11,62.32,2.39,0.14,0.084,0.0,0.0,1.882,4.626,1.192,1.153,0.279,1.529,0.473,0.0,0.0,,20.0,HOLD,2.744,0.0,59.32,40.68,1.543
2026-07-28T23:00:00,23,1,7,False,27.66,60.19,3.53,0.14,0.084,0.0,0.0,3.306,3.66,1.212,0.334,0.258,1.327,0.529,0.0,0.0,,20.0,HOLD,0.354,0.0,9.67,90.33,2.711
2026-07-29T00:00:00,0,2,7,False,26.91,65.22,2.67,0.064,0.038,0.0,0.0,2.291,4.469,1.417,0.977,0.238,1.427,0.411,0.0,0.0,,20.0,HOLD,2.178,0.0,48.74,51.26,1.879
2026-07-29T01:00:00,1,2,7,False,27.77,67.94,3.07,0.064,0.038,0.0,0.0,2.6,4.221,1.577,0.629,0.091,1.375,0.549,0.0,0.0,,20.0,HOLD,1.621,0.0,38.4,61.6,2.132
2026-07-29T02:00:00,2,2,7,False,30.74,67.87,4.81,0.064,0.038,0.0,0.0,5.056,4.163,1.266,0.762,0.274,1.389,0.473,0.0,0.0,,22.12,CHARGING,0.0,0.893,0.0,100.0,4.146
2026-07-29T03:00:00,3,2,7,False,31.46,59.71,4.25,0.064,0.038,0.0,0.0,4.314,3.878,0.937,0.944,0.155,1.503,0.339,0.0,0.0,,23.16,CHARGING,0.0,0.436,0.0,100.0,3.537
2026-07-29T04:00:00,4,2,7,False,32.84,60.07,5.41,0.064,0.038,0.0,0.0,4.965,4.189,1.314,0.657,0.211,1.532,0.476,0.0,0.0,,25.0,CHARGING,0.0,0.776,0.0,100.0,4.071
2026-07-29T05:00:00,5,2,7,False,32.79,56.34,5.29,0.064,0.038,0.0,0.0,4.972,4.07,1.241,0.77,0.159,1.501,0.4,0.0,0.0,,27.14,CHARGING,0.0,0.902,0.0,100.0,4.077
2026-07-29T06:00:00,6,2,7,False,33.56,53.03,5.35,0.064,0.038,0.0,0.0,5.079,3.451,1.328,0.079,0.121,1.108,0.815,0.0,0.0,,31.01,CHARGING,0.0,1.628,0.0,100.0,4.165
2026-07-29T07:00:00,7,2,7,False,38.79,63.9,5.76,0.064,0.038,227.87,1.905,5.1,4.695,0.98,0.237,0.073,1.411,1.994,0.0,0.0,,36.49,CHARGING,0.0,2.31,0.0,100.0,5.744
2026-07-29T08:00:00,8,2,7,False,39.08,55.65,4.72,0.064,0.038,440.2,3.689,4.938,9.831,3.719,0.449,1.892,1.705,2.066,0.0,0.0,,33.33,DISCHARGING,1.204,0.0,12.25,87.75,7.074
2026-07-29T09:00:00,9,2,7,False,38.64,70.56,4.18,0.064,0.038,622.54,5.193,4.311,14.67,4.021,6.328,2.03,1.885,0.407,0.0,0.0,,20.0,DISCHARGING,5.166,0.0,35.21,64.79,7.793
2026-07-29T10:00:00,10,2,7,False,41.98,54.68,3.93,0.064,0.038,762.46,6.555,3.997,20.968,3.791,5.91,1.977,2.076,0.213,7.0,0.0,,20.0,HOLD,10.416,0.0,49.68,50.32,8.653
2026-07-29T11:00:00,11,2,7,False,41.65,54.07,3.23,0.064,0.038,850.41,7.169,3.022,21.977,4.168,5.962,1.816,2.616,0.415,7.0,0.0,,20.0,HOLD,11.786,0.0,53.63,46.37,8.357
2026-07-29T12:00:00,12,2,7,False,43.56,57.15,4.55,0.064,0.038,880.41,6.914,4.746,23.454,4.097,6.008,1.878,2.506,1.965,7.0,0.0,,20.0,HOLD,11.794,0.0,50.29,49.71,9.561
2026-07-29T13:00:00,13,2,7,False,40.79,59.22,2.9,0.064,0.038,850.41,7.08,2.392,23.979,4.053,6.013,2.02,2.9,1.993,7.0,0.0,,20.0,HOLD,14.507,0.0,60.5,39.5,7.767
2026-07-29T14:00:00,14,2,7,False,40.31,59.3,1.42,0.064,0.038,762.46,6.708,0.707,15.414,3.916,6.029,1.97,3.129,0.369,0.0,0.0,,20.0,HOLD,7.999,0.0,51.89,48.11,6.08
2026-07-29T15:00:00,15,2,7,False,40.23,70.33,2.24,0.064,0.038,622.54,5.41,1.66,15.385,3.99,6.014,2.015,2.873,0.494,0.0,0.0,,20.0,HOLD,8.315,0.0,54.05,45.95,5.797
2026-07-29T16:00:00,16,2,7,False,39.24,54.92,1.23,0.064,0.038,440.2,3.741,0.494,15.451,3.884,5.831,2.029,3.25,0.457,0.0,0.0,,20.0,HOLD,11.216,0.0,72.59,27.41,3.473
2026-07-29T17:00:00,17,2,7,False,39.17,66.9,1.58,0.064,0.038,227.87,2.006,0.924,15.322,3.841,6.201,2.0,2.906,0.375,0.0,0.0,,20.0,HOLD,12.392,0.0,80.88,19.12,2.403
2026-07-29T18:00:00,18,2,7,False,34.03,55.78,2.3,0.064,0.038,0.0,0.0,1.793,16.135,3.684,5.751,1.934,2.803,1.963,0.0,0.0,,20.0,HOLD,14.342,0.0,88.89,11.11,1.47
2026-07-29T19:00:00,19,2,7,False,32.73,72.91,0.0,0.064,0.038,0.0,0.0,0.05,16.136,3.892,5.804,2.191,2.221,2.028,0.0,0.0,,20.0,HOLD,16.086,0.0,99.69,0.31,0.041
2026-07-29T20:00:00,20,2,7,False,29.11,58.09,0.94,0.064,0.038,0.0,0.0,0.462,9.38,0.686,5.905,0.191,2.046,0.551,0.0,0.0,,20.0,HOLD,8.918,0.0,95.07,4.93,0.379
2026-07-29T21:00:00,21,2,7,False,28.38,58.32,1.4,0.064,0.038,0.0,0.0,0.955,5.459,1.695,0.824,0.309,2.207,0.425,0.0,0.0,,20.0,HOLD,4.504,0.0,82.51,17.49,0.783
2026-07-29T22:00:00,22,2,7,False,30.36,62.0,2.63,0.064,0.038,0.0,0.0,1.955,3.369,1.258,0.137,0.037,1.647,0.289,0.0,0.0,,20.0,HOLD,1.414,0.0,41.97,58.03,1.603
2026-07-29T23:00:00,23,2,7,False,27.19,62.19,2.59,0.064,0.038,0.0,0.0,2.178,3.742,1.182,0.732,0.08,1.238,0.51,0.0,0.0,,20.0,HOLD,1.564,0.0,41.8,58.2,1.786
2026-07-30T00:00:00,0,3,7,False,28.38,58.49,2.36,0.061,0.036,0.0,0.0,1.75,3.515,0.92,0.559,0.263,1.382,0.391,0.0,0.0,,20.0,HOLD,1.765,0.0,50.21,49.79,1.435
2026-07-30T01:00:00,1,3,7,False,26.87,58.16,4.36,0.061,0.036,0.0,0.0,4.47,3.953,0.972,0.759,0.186,1.508,0.527,0.0,0.0,,21.23,CHARGING,0.0,0.517,0.0,100.0,3.665
2026-07-30T02:00:00,2,3,7,False,30.0,64.46,2.68,0.061,0.036,0.0,0.0,2.151,3.585,1.266,0.082,0.346,1.577,0.313,0.0,0.0,,20.0,DISCHARGING,1.434,0.0,40.0,60.0,1.764
2026-07-30T03:00:00,3,3,7,False,28.39,59.65,3.05,0.061,0.036,0.0,0.0,2.533,4.433,1.355,0.983,0.197,1.454,0.443,0.0,0.0,,20.0,HOLD,1.9,0.0,42.86,57.14,2.077
2026-07-30T04:00:00,4,3,7,False,30.9,57.95,3.87,0.061,0.036,0.0,0.0,3.826,3.913,1.202,0.663,0.048,1.6,0.4,0.0,0.0,,20.0,HOLD,0.087,0.0,2.22,97.78,3.137
2026-07-30T05:00:00,5,3,7,False,36.69,62.83,4.62,0.061,0.036,0.0,0.0,4.987,3.612,1.186,0.304,0.353,1.326,0.443,0.0,0.0,,23.27,CHARGING,0.0,1.375,0.0,100.0,4.089
2026-07-30T06:00:00,6,3,7,False,34.22,54.1,4.85,0.061,0.036,0.0,0.0,4.972,3.517,0.957,0.976,0.15,0.95,0.484,0.0,0.0,,26.72,CHARGING,0.0,1.455,0.0,100.0,4.077
2026-07-30T07:00:00,7,3,7,False,37.71,64.69,3.17,0.061,0.036,228.48,1.948,2.795,4.546,1.178,0.117,0.219,1.06,1.971,0.0,0.0,,27.19,CHARGING,0.0,0.197,0.0,100.0,3.889
2026-07-30T08:00:00,8,3,7,False,39.16,57.12,5.59,0.061,0.036,441.4,3.856,5.095,9.622,3.914,0.267,1.856,1.659,1.926,0.0,0.0,,25.42,DISCHARGING,0.671,0.0,6.97,93.03,7.34
2026-07-30T09:00:00,9,3,7,False,42.38,56.71,3.87,0.061,0.036,624.23,5.252,3.739,14.698,4.002,6.296,2.012,1.968,0.421,0.0,0.0,,20.0,DISCHARGING,5.707,0.0,38.83,61.17,7.373
2026-07-30T10:00:00,10,3,7,False,39.32,62.02,4.31,0.061,0.036,764.52,6.602,4.54,21.896,3.96,6.31,1.971,2.287,0.369,7.0,0.0,,20.0,HOLD,10.754,0.0,49.11,50.89,9.136
2026-07-30T11:00:00,11,3,7,False,43.35,69.45,3.22,0.061,0.036,852.71,7.398,2.972,21.569,4.308,5.538,1.858,2.46,0.404,7.0,0.0,,20.0,HOLD,11.199,0.0,51.92,48.08,8.503
2026-07-30T12:00:00,12,3,7,False,42.63,66.97,1.69,0.061,0.036,882.79,7.703,1.223,24.141,4.217,6.068,1.916,2.73,2.211,7.0,0.0,,20.0,HOLD,15.215,0.0,63.03,36.97,7.319
2026-07-30T13:00:00,13,3,7,False,42.13,66.75,2.12,0.061,0.036,852.71,7.316,1.457,23.763,3.948,5.849,2.007,3.039,1.92,7.0,0.0,,20.0,HOLD,14.99,0.0,63.08,36.92,7.194
2026-07-30T14:00:00,14,3,7,False,43.49,72.85,2.08,0.061,0.036,764.52,6.412,1.492,15.141,4.115,5.899,1.82,2.932,0.374,0.0,0.0,,20.0,HOLD,7.237,0.0,47.8,52.2,6.481
2026-07-30T15:00:00,15,3,7,False,38.2,50.88,1.53,0.061,0.036,624.23,5.284,0.968,15.171,4.019,5.877,1.991,2.882,0.401,0.0,0.0,,20.0,HOLD,8.919,0.0,58.79,41.21,5.127
2026-07-30T16:00:00,16,3,7,False,39.02,62.55,0.55,0.061,0.036,441.4,3.769,0.186,15.622,4.484,5.958,1.972,2.905,0.303,0.0,0.0,,20.0,HOLD,11.667,0.0,74.68,25.32,3.243
2026-07-30T17:00:00,17,3,7,False,38.03,58.38,0.52,0.061,0.036,228.48,1.928,0.089,15.057,3.65,5.861,2.087,2.903,0.556,0.0,0.0,,20.0,HOLD,13.04,0.0,86.6,13.4,1.654
2026-07-30T18:00:00,18,3,7,False,36.05,70.63,1.42,0.061,0.036,0.0,0.0,0.852,17.141,3.998,6.463,2.0,2.621,2.059,0.0,0.0,,20.0,HOLD,16.289,0.0,95.03,4.97,0.699
2026-07-30T19:00:00,19,3,7,False,31.63,63.29,1.49,0.061,0.036,0.0,0.0,0.97,16.659,3.702,6.049,1.954,2.938,2.016,0.0,0.0,,20.0,HOLD,15.689,0.0,94.18,5.82,0.795
2026-07-30T20:00:00,20,3,7,False,30.03,67.74,0.17,0.061,0.036,0.0,0.0,0.0,10.394,1.267,6.195,0.263,2.253,0.416,0.0,0.0,,20.0,HOLD,10.394,0.0,100.0,0.0,0.0
2026-07-30T21:00:00,21,3,7,False,29.62,63.34,1.85,0.061,0.036,0.0,0.0,1.269,3.773,1.037,0.557,0.275,1.682,0.222,0.0,0.0,,20.0,HOLD,2.504,0.0,66.37,33.63,1.041
2026-07-30T22:00:00,22,3,7,False,29.38,54.89,3.22,0.061,0.036,0.0,0.0,2.844,3.732,1.148,0.692,0.071,1.452,0.37,0.0,0.0,,20.0,HOLD,0.888,0.0,23.79,76.21,2.332
2026-07-30T23:00:00,23,3,7,False,26.98,65.16,1.58,0.061,0.036,0.0,0.0,0.952,3.487,1.257,0.561,0.284,1.125,0.26,0.0,0.0,,20.0,HOLD,2.535,0.0,72.7,27.3,0.781
2026-07-31T00:00:00,0,4,7,False,26.46,55.66,3.05,0.093,0.056,0.0,0.0,2.679,3.429,1.048,0.164,0.297,1.405,0.515,0.0,0.0,,20.0,HOLD,0.75,0.0,21.87,78.13,2.197
2026-07-31T01:00:00,1,4,7,False,27.24,60.81,3.75,0.093,0.056,0.0,0.0,3.522,3.685,1.175,0.709,0.021,1.492,0.288,0.0,0.0,,20.0,HOLD,0.163,0.0,4.42,95.58,2.888
2026-07-31T02:00:00,2,4,7,False,28.35,65.58,3.98,0.093,0.056,0.0,0.0,4.023,4.014,1.372,0.495,0.482,1.317,0.347,0.0,0.0,,20.02,CHARGING,0.0,0.009,0.0,100.0,3.299
2026-07-31T03:00:00,3,4,7,False,30.62,64.3,5.02,0.093,0.056,0.0,0.0,4.792,4.002,1.518,0.539,0.325,1.195,0.426,0.0,0.0,,21.9,CHARGING,0.0,0.79,0.0,100.0,3.929
2026-07-31T04:00:00,4,4,7,False,30.08,63.45,5.19,0.093,0.056,0.0,0.0,4.894,4.048,1.189,0.546,0.25,1.648,0.415,0.0,0.0,,23.91,CHARGING,0.0,0.846,0.0,100.0,4.013
2026-07-31T05:00:00,5,4,7,False,30.94,74.92,5.02,0.093,0.056,0.0,0.0,4.703,4.078,1.213,0.88,0.182,1.431,0.373,0.0,0.0,,25.39,CHARGING,0.0,0.625,0.0,100.0,3.856
2026-07-31T06:00:00,6,4,7,False,35.76,67.81,4.08,0.093,0.056,0.0,0.0,4.029,3.134,1.425,0.136,0.144,0.814,0.614,0.0,0.0,,27.52,CHARGING,0.0,0.895,0.0,100.0,3.304
2026-07-31T07:00:00,7,4,7,False,35.97,58.96,3.21,0.093,0.056,221.83,1.926,2.951,6.19,1.655,1.022,0.219,1.131,2.162,0.0,0.0,,24.06,DISCHARGING,1.313,0.0,21.21,78.79,3.999
2026-07-31T08:00:00,8,4,7,False,38.38,59.78,4.21,0.093,0.056,428.55,3.559,4.266,10.002,3.953,0.819,1.961,1.428,1.84,0.0,0.0,,20.0,DISCHARGING,2.177,0.0,21.77,78.23,6.416
2026-07-31T09:00:00,9,4,7,False,40.9,59.09,4.47,0.093,0.056,606.06,5.06,4.768,14.469,4.278,5.766,2.009,2.094,0.322,0.0,0.0,,20.0,HOLD,4.641,0.0,32.08,67.92,8.059
2026-07-31T10:00:00,10,4,7,False,41.83,55.31,3.97,0.093,0.056,742.27,6.252,3.958,21.821,4.111,5.644,2.001,2.457,0.608,7.0,0.0,,20.0,HOLD,11.611,0.0,53.21,46.79,8.372
2026-07-31T11:00:00,11,4,7,False,44.58,64.12,2.58,0.093,0.056,827.9,6.801,2.096,21.343,3.846,5.486,1.966,2.617,0.429,7.0,0.0,,20.0,HOLD,12.446,0.0,58.31,41.69,7.296
2026-07-31T12:00:00,12,4,7,False,43.53,63.89,3.17,0.093,0.056,857.1,7.218,2.799,24.289,4.017,6.523,2.014,2.725,2.01,7.0,0.0,,20.0,HOLD,14.272,0.0,58.76,41.24,8.214
2026-07-31T13:00:00,13,4,7,False,42.33,62.91,2.13,0.093,0.056,827.9,6.864,1.544,23.573,3.842,6.032,2.058,2.842,1.799,7.0,0.0,,20.0,HOLD,15.165,0.0,64.33,35.67,6.895
2026-07-31T14:00:00,14,4,7,False,42.74,56.9,2.1,0.093,0.056,742.27,6.302,1.378,15.319,4.209,5.983,1.773,2.995,0.359,0.0,0.0,,20.0,HOLD,7.639,0.0,49.87,50.13,6.298
2026-07-31T15:00:00,15,4,7,False,39.75,61.23,1.0,0.093,0.056,606.06,5.083,0.311,15.416,4.254,5.927,1.927,2.831,0.477,0.0,0.0,,20.0,HOLD,10.022,0.0,65.01,34.99,4.423
2026-07-31T16:00:00,16,4,7,False,36.98,58.95,1.38,0.093,0.056,428.55,3.634,0.696,15.143,3.876,6.003,2.024,2.85,0.391,0.0,0.0,,20.0,HOLD,10.813,0.0,71.41,28.59,3.551
2026-07-31T17:00:00,17,4,7,False,38.33,61.83,0.0,0.093,0.056,221.83,1.854,0.0,15.331,4.052,5.836,1.878,3.072,0.492,0.0,0.0,,20.0,HOLD,13.477,0.0,87.91,12.09,1.52
2026-07-31T18:00:00,18,4,7,False,32.03,64.83,0.0,0.093,0.056,0.0,0.0,0.15,16.776,4.123,6.09,1.898,2.792,1.872,0.0,0.0,,20.0,HOLD,16.626,0.0,99.11,0.89,0.123
2026-07-31T19:00:00,19,4,7,False,34.82,57.74,1.41,0.093,0.056,0.0,0.0,1.058,16.449,3.956,6.165,1.957,2.521,1.849,0.0,0.0,,20.0,HOLD,15.391,0.0,93.57,6.43,0.868
2026-07-31T20:00:00,20,4,7,False,30.93,70.86,1.3,0.093,0.056,0.0,0.0,0.715,10.0,1.458,5.927,0.183,2.125,0.307,0.0,0.0,,20.0,HOLD,9.285,0.0,92.85,7.15,0.586
2026-07-31T21:00:00,21,4,7,False,26.53,56.92,1.08,0.093,0.056,0.0,0.0,0.484,3.928,1.104,0.464,0.195,1.871,0.294,0.0,0.0,,20.0,HOLD,3.444,0.0,87.68,12.32,0.397
2026-07-31T22:00:00,22,4,7,False,28.13,62.51,2.85,0.093,0.056,0.0,0.0,2.398,3.311,0.79,0.558,0.16,1.478,0.325,0.0,0.0,,20.0,HOLD,0.913,0.0,27.57,72.43,1.966
2026-07-31T23:00:00,23,4,7,False,26.59,67.33,3.28,0.093,0.056,0.0,0.0,2.913,3.891,1.101,0.843,0.215,1.279,0.454,0.0,0.0,,20.0,HOLD,0.978,0.0,25.13,74.87,2.389
2026-08-01T00:00:00,0,5,8,True,23.11,69.48,4.09,0.475,0.285,0.0,0.0,4.114,2.443,0.246,0.172,0.295,1.406,0.323,0.0,0.0,,23.97,CHARGING,0.0,1.671,0.0,100.0,3.373
2026-08-01T01:00:00,1,5,8,True,25.26,73.6,2.82,0.475,0.285,0.0,0.0,2.278,2.502,-0.014,0.135,0.235,1.783,0.363,0.0,0.0,,23.38,DISCHARGING,0.224,0.0,8.95,91.05,1.868
2026-08-01T02:00:00,2,5,8,True,25.87,69.61,4.02,0.475,0.285,0.0,0.0,3.944,2.452,0.067,0.213,0.11,1.652,0.41,0.0,0.0,,26.92,CHARGING,0.0,1.492,0.0,100.0,3.234
2026-08-01T03:00:00,3,5,8,True,26.0,60.31,5.49,0.475,0.285,0.0,0.0,4.912,2.556,0.042,0.124,0.108,1.697,0.586,0.0,0.0,,32.52,CHARGING,0.0,2.356,0.0,100.0,4.028
2026-08-01T04:00:00,4,5,8,True,27.67,69.78,5.0,0.475,0.285,0.0,0.0,4.789,2.152,0.075,0.082,-0.036,1.446,0.585,0.0,0.0,,38.78,CHARGING,0.0,2.637,0.0,100.0,3.927
2026-08-01T05:00:00,5,5,8,True,28.95,75.48,5.56,0.475,0.285,0.0,0.0,5.012,1.978,-0.343,0.085,0.291,1.509,0.437,0.0,0.0,,45.99,CHARGING,0.0,3.034,0.0,100.0,4.11
2026-08-01T06:00:00,6,5,8,True,32.2,67.34,6.75,0.475,0.285,0.0,0.0,5.013,1.745,0.339,-0.067,0.218,0.841,0.414,0.0,0.0,,53.75,CHARGING,0.0,3.268,0.0,100.0,4.111
2026-08-01T07:00:00,7,5,8,True,35.9,75.59,5.23,0.475,0.285,135.69,1.152,4.918,3.714,0.003,0.288,0.181,1.121,2.12,0.0,0.0,,59.34,CHARGING,0.0,2.356,0.0,100.0,4.977
2026-08-01T08:00:00,8,5,8,True,35.46,69.56,5.87,0.475,0.285,262.13,2.29,5.056,6.184,-0.165,0.41,2.193,1.656,2.09,0.0,0.0,,62.1,CHARGING,0.0,1.162,0.0,100.0,6.024
2026-08-01T09:00:00,9,5,8,True,38.7,70.42,4.66,0.475,0.285,370.71,3.188,5.076,7.206,-0.27,3.074,1.982,1.891,0.53,0.0,0.0,,64.62,CHARGING,0.0,1.058,0.0,100.0,6.776
2026-08-01T10:00:00,10,5,8,True,37.83,73.47,2.88,0.475,0.285,454.03,3.766,2.256,14.722,0.182,3.048,2.047,2.183,0.262,7.0,0.0,,41.72,DISCHARGING,8.7,0.0,59.1,40.9,4.938
2026-08-01T11:00:00,11,5,8,True,37.95,63.13,3.3,0.475,0.285,506.4,4.348,2.951,15.071,0.037,3.047,2.039,2.584,0.366,7.0,0.0,,21.27,DISCHARGING,7.772,0.0,51.57,48.43,5.985
2026-08-01T12:00:00,12,5,8,True,40.28,57.35,3.19,0.475,0.285,524.27,4.487,2.862,16.325,0.113,2.614,1.968,2.555,2.074,7.0,0.0,,20.0,DISCHARGING,8.976,0.0,54.98,45.02,6.026
2026-08-01T13:00:00,13,5,8,True,37.62,72.16,1.74,0.475,0.285,506.4,4.273,1.054,17.515,0.181,3.284,2.072,3.001,1.977,7.0,0.0,,20.0,HOLD,12.188,0.0,69.59,30.41,4.368
2026-08-01T14:00:00,14,5,8,True,38.62,70.33,1.48,0.475,0.285,454.03,3.823,0.858,9.082,0.12,3.355,2.04,3.237,0.329,0.0,0.0,,20.0,HOLD,4.401,0.0,48.46,51.54,3.838
2026-08-01T15:00:00,15,5,8,True,34.9,65.63,2.16,0.475,0.285,370.71,3.187,1.408,7.676,-0.18,2.549,1.957,2.941,0.409,0.0,0.0,,20.0,HOLD,3.081,0.0,40.14,59.86,3.768
2026-08-01T16:00:00,16,5,8,True,37.86,61.38,1.81,0.475,0.285,262.13,2.265,1.228,8.24,-0.02,2.993,2.02,2.864,0.382,0.0,0.0,,20.0,HOLD,4.747,0.0,57.61,42.39,2.864
2026-08-01T17:00:00,17,5,8,True,35.85,64.34,0.51,0.475,0.285,135.69,1.167,0.066,7.982,-0.345,2.897,2.145,2.868,0.418,0.0,0.0,,20.0,HOLD,6.749,0.0,84.55,15.45,1.011
2026-08-01T18:00:00,18,5,8,True,28.8,69.96,1.35,0.475,0.285,0.0,0.0,0.803,9.625,0.034,2.682,2.033,2.898,1.977,0.0,0.0,,20.0,HOLD,8.822,0.0,91.66,8.34,0.658
2026-08-01T19:00:00,19,5,8,True,28.63,73.76,0.93,0.475,0.285,0.0,0.0,0.503,9.457,-0.136,3.073,1.944,2.424,2.152,0.0,0.0,,20.0,HOLD,8.954,0.0,94.68,5.32,0.412
2026-08-01T20:00:00,20,5,8,True,25.89,78.15,1.66,0.475,0.285,0.0,0.0,0.933,5.291,-0.256,2.775,0.216,2.284,0.273,0.0,0.0,,20.0,HOLD,4.358,0.0,82.37,17.63,0.765
2026-08-01T21:00:00,21,5,8,True,25.03,68.59,0.94,0.475,0.285,0.0,0.0,0.36,2.282,-0.195,-0.04,0.264,1.944,0.31,0.0,0.0,,20.0,HOLD,1.922,0.0,84.22,15.78,0.295
2026-08-01T22:00:00,22,5,8,True,24.53,70.97,1.37,0.475,0.285,0.0,0.0,0.854,2.344,-0.019,0.101,0.066,1.728,0.468,0.0,0.0,,20.0,HOLD,1.49,0.0,63.57,36.43,0.7
2026-08-01T23:00:00,23,5,8,True,23.57,69.6,3.45,0.475,0.285,0.0,0.0,3.238,1.904,-0.035,0.014,0.185,1.391,0.349,0.0,0.0,,23.17,CHARGING,0.0,1.334,0.0,100.0,2.655
2026-08-02T00:00:00,0,6,8,True,24.66,66.0,2.13,0.105,0.063,0.0,0.0,1.438,2.341,-0.045,0.579,0.074,1.339,0.393,0.0,0.0,,20.79,DISCHARGING,0.903,0.0,38.57,61.43,1.179
2026-08-02T01:00:00,1,6,8,True,27.47,64.57,2.98,0.105,0.063,0.0,0.0,2.513,2.01,0.032,0.166,0.164,1.251,0.398,0.0,0.0,,21.99,CHARGING,0.0,0.503,0.0,100.0,2.061
2026-08-02T02:00:00,2,6,8,True,26.42,67.55,4.05,0.105,0.063,0.0,0.0,4.063,1.956,-0.126,0.154,0.053,1.46,0.415,0.0,0.0,,26.99,CHARGING,0.0,2.107,0.0,100.0,3.332
2026-08-02T03:00:00,3,6,8,True,28.92,57.77,4.84,0.105,0.063,0.0,0.0,4.979,2.595,0.162,0.234,0.254,1.473,0.472,0.0,0.0,,32.65,CHARGING,0.0,2.384,0.0,100.0,4.083
2026-08-02T04:00:00,4,6,8,True,25.6,56.53,6.02,0.105,0.063,0.0,0.0,4.973,2.505,-0.023,0.228,0.226,1.569,0.506,0.0,0.0,,38.51,CHARGING,0.0,2.468,0.0,100.0,4.078
2026-08-02T05:00:00,5,6,8,True,32.04,70.66,5.2,0.105,0.063,0.0,0.0,5.108,2.411,0.086,0.135,0.218,1.575,0.397,0.0,0.0,,44.92,CHARGING,0.0,2.697,0.0,100.0,4.189
2026-08-02T06:00:00,6,6,8,True,32.62,61.98,5.69,0.105,0.063,0.0,0.0,5.168,1.274,-0.06,0.053,0.088,0.85,0.344,0.0,0.0,,54.17,CHARGING,0.0,3.894,0.0,100.0,4.238
2026-08-02T07:00:00,7,6,8,True,32.97,64.74,4.39,0.105,0.063,207.19,1.879,4.675,3.884,0.225,0.187,0.21,1.329,1.934,0.0,0.0,,60.51,CHARGING,0.0,2.67,0.0,100.0,5.374
2026-08-02T08:00:00,8,6,8,True,35.36,67.55,5.42,0.105,0.063,400.25,3.458,4.88,5.445,-0.059,-0.132,2.008,1.657,1.973,0.0,0.0,,67.38,CHARGING,0.0,2.893,0.0,100.0,6.837
2026-08-02T09:00:00,9,6,8,True,38.02,63.38,4.75,0.105,0.063,566.04,4.713,4.975,8.049,0.082,3.474,1.973,2.033,0.488,0.0,0.0,,71.27,CHARGING,0.0,1.639,0.0,100.0,7.944
2026-08-02T10:00:00,10,6,8,True,38.63,68.11,4.92,0.105,0.063,693.26,6.062,5.046,15.399,0.472,2.815,2.212,2.365,0.534,7.0,0.0,,59.98,DISCHARGING,4.291,0.0,27.87,72.13,9.109
2026-08-02T11:00:00,11,6,8,True,39.25,69.23,4.19,0.105,0.063,773.23,6.42,4.277,14.605,-0.428,2.947,1.918,2.476,0.692,7.0,0.0,,49.7,DISCHARGING,3.908,0.0,26.76,73.24,8.772
2026-08-02T12:00:00,12,6,8,True,42.58,64.87,1.85,0.105,0.063,800.5,6.805,1.223,16.565,0.036,3.083,1.865,2.564,2.017,7.0,0.0,,27.23,DISCHARGING,8.537,0.0,51.54,48.46,6.583
2026-08-02T13:00:00,13,6,8,True,39.88,58.12,1.92,0.105,0.063,773.23,6.533,1.414,17.269,-0.015,3.487,1.93,2.902,1.965,7.0,0.0,,20.0,DISCHARGING,9.322,0.0,53.98,46.02,6.517
2026-08-02T14:00:00,14,6,8,True,39.81,71.73,1.37,0.105,0.063,693.26,5.671,0.977,8.741,0.018,3.166,2.133,3.097,0.327,0.0,0.0,,20.0,HOLD,2.093,0.0,23.94,76.06,5.451
2026-08-02T15:00:00,15,6,8,True,38.56,57.66,3.08,0.105,0.063,566.04,5.022,2.741,7.688,-0.087,2.732,1.978,2.707,0.358,0.0,0.0,,20.18,CHARGING,0.0,0.075,0.0,100.0,6.366
2026-08-02T16:00:00,16,6,8,True,35.61,65.83,0.41,0.105,0.063,400.25,3.434,0.067,8.324,-0.065,3.107,2.007,2.863,0.413,0.0,0.0,,20.0,DISCHARGING,4.823,0.0,57.94,42.06,2.871
2026-08-02T17:00:00,17,6,8,True,33.99,60.65,0.16,0.105,0.063,207.19,1.818,0.088,8.165,-0.046,3.203,1.902,2.731,0.375,0.0,0.0,,20.0,HOLD,6.259,0.0,76.66,23.34,1.563
2026-08-02T18:00:00,18,6,8,True,34.25,60.72,1.13,0.105,0.063,0.0,0.0,0.572,9.861,0.447,2.847,1.899,2.694,1.975,0.0,0.0,,20.0,HOLD,9.289,0.0,94.2,5.8,0.469
2026-08-02T19:00:00,19,6,8,True,28.72,63.69,3.15,0.105,0.063,0.0,0.0,2.749,9.337,-0.116,3.308,1.832,2.337,1.975,0.0,0.0,,20.0,HOLD,6.588,0.0,70.56,29.44,2.254
2026-08-02T20:00:00,20,6,8,True,30.03,64.18,0.97,0.105,0.063,0.0,0.0,0.606,5.791,-0.317,3.221,0.18,2.389,0.318,0.0,0.0,,20.0,HOLD,5.185,0.0,89.54,10.46,0.497
2026-08-02T21:00:00,21,6,8,True,26.38,57.08,1.5,0.105,0.063,0.0,0.0,0.864,2.296,0.026,0.073,0.167,1.667,0.363,0.0,0.0,,20.0,HOLD,1.432,0.0,62.37,37.63,0.708
2026-08-02T22:00:00,22,6,8,True,26.61,61.66,2.56,0.105,0.063,0.0,0.0,1.97,3.801,0.325,0.92,0.216,2.007,0.332,0.0,0.0,,20.0,HOLD,1.831,0.0,48.17,51.83,1.615
2026-08-02T23:00:00,23,6,8,True,22.4,61.0,1.91,0.105,0.063,0.0,0.0,1.297,1.938,-0.172,0.03,0.314,1.414,0.351,0.0,0.0,,20.0,HOLD,0.641,0.0,33.08,66.92,1.064
2026-08-03T00:00:00,0,0,8,False,21.19,71.12,2.1,0.126,0.075,0.0,0.0,1.525,4.797,1.574,1.187,0.196,1.497,0.342,0.0,0.0,,20.0,HOLD,3.272,0.0,68.21,31.79,1.25
2026-08-03T01:00:00,1,0,8,False,23.85,55.06,2.33,0.126,0.075,0.0,0.0,1.885,4.324,0.888,1.185,0.127,1.761,0.363,0.0,0.0,,20.0,HOLD,2.439,0.0,56.41,43.59,1.546
2026-08-03T02:00:00,2,0,8,False,22.72,69.52,5.03,0.126,0.075,0.0,0.0,4.967,3.459,1.019,0.564,0.211,1.447,0.218,0.0,0.0,,23.58,CHARGING,0.0,1.508,0.0,100.0,4.073
2026-08-03T03:00:00,3,0,8,False,25.47,61.47,4.98,0.126,0.075,0.0,0.0,4.907,4.2,1.078,1.023,0.086,1.608,0.405,0.0,0.0,,25.26,CHARGING,0.0,0.707,0.0,100.0,4.024
2026-08-03T04:00:00,4,0,8,False,28.37,60.75,4.15,0.126,0.075,0.0,0.0,4.169,4.171,1.266,0.737,0.417,1.542,0.209,0.0,0.0,,25.26,DISCHARGING,0.002,0.0,0.05,99.95,3.419
2026-08-03T05:00:00,5,0,8,False,31.67,72.57,4.77,0.126,0.075,0.0,0.0,4.949,4.079,1.344,0.422,0.2,1.601,0.511,0.0,0.0,,27.32,CHARGING,0.0,0.87,0.0,100.0,4.058
2026-08-03T06:00:00,6,0,8,False,33.34,74.93,5.06,0.126,0.075,0.0,0.0,4.839,3.421,0.917,1.042,0.192,0.924,0.346,0.0,0.0,,30.69,CHARGING,0.0,1.418,0.0,100.0,3.968
2026-08-03T07:00:00,7,0,8,False,33.39,64.87,4.3,0.126,0.075,203.16,1.764,4.505,5.13,1.268,0.472,0.054,1.033,2.303,0.0,0.0,,33.39,CHARGING,0.0,1.139,0.0,100.0,5.141
2026-08-03T08:00:00,8,0,8,False,38.22,59.14,5.8,0.126,0.075,392.48,3.346,4.918,9.941,3.738,0.423,2.133,1.744,1.903,0.0,0.0,,28.98,DISCHARGING,1.677,0.0,16.87,83.13,6.776
2026-08-03T09:00:00,9,0,8,False,37.18,59.66,5.01,0.126,0.075,555.04,4.759,5.04,14.243,4.078,6.076,1.935,1.867,0.287,0.0,0.0,,20.0,DISCHARGING,4.444,0.0,31.2,68.8,8.035
2026-08-03T10:00:00,10,0,8,False,36.59,66.59,3.91,0.126,0.075,679.79,5.673,3.89,21.531,4.157,5.449,1.973,2.497,0.455,7.0,0.0,,20.0,HOLD,11.968,0.0,55.58,44.42,7.842
2026-08-03T11:00:00,11,0,8,False,36.92,58.77,4.04,0.126,0.075,758.21,6.588,3.998,21.63,3.989,5.839,2.0,2.424,0.378,7.0,0.0,,20.0,HOLD,11.044,0.0,51.06,48.94,8.681
2026-08-03T12:00:00,12,0,8,False,38.24,63.39,3.39,0.126,0.075,784.95,6.474,3.224,23.974,3.965,6.049,2.076,2.768,2.117,7.0,0.0,,20.0,HOLD,14.276,0.0,59.55,40.45,7.952
2026-08-03T13:00:00,13,0,8,False,39.29,63.13,3.31,0.126,0.075,758.21,6.499,3.051,24.192,4.248,6.216,1.956,2.777,1.995,7.0,0.0,,20.0,HOLD,14.642,0.0,60.52,39.48,7.831
2026-08-03T14:00:00,14,0,8,False,37.79,51.87,1.16,0.126,0.075,679.79,5.625,0.822,15.691,3.869,6.571,2.04,2.961,0.25,0.0,0.0,,20.0,HOLD,9.244,0.0,58.91,41.09,5.287
2026-08-03T15:00:00,15,0,8,False,37.66,70.3,3.1,0.126,0.075,555.04,4.768,2.614,15.345,3.809,5.744,2.128,3.245,0.42,0.0,0.0,,20.0,HOLD,7.963,0.0,51.89,48.11,6.053
2026-08-03T16:00:00,16,0,8,False,35.55,57.62,2.51,0.126,0.075,392.48,3.387,2.031,15.337,3.827,5.809,1.929,3.181,0.591,0.0,0.0,,20.0,HOLD,9.919,0.0,64.67,35.33,4.443
2026-08-03T17:00:00,17,0,8,False,34.24,59.51,0.85,0.126,0.075,203.16,1.761,0.339,15.29,3.981,6.124,1.959,2.845,0.381,0.0,0.0,,20.0,HOLD,13.19,0.0,86.27,13.73,1.722
2026-08-03T18:00:00,18,0,8,False,31.52,66.32,0.65,0.126,0.075,0.0,0.0,0.418,16.804,4.027,6.183,2.073,2.612,1.909,0.0,0.0,,20.0,HOLD,16.386,0.0,97.51,2.49,0.343
2026-08-03T19:00:00,19,0,8,False,28.38,66.01,0.87,0.126,0.075,0.0,0.0,0.467,15.928,3.526,5.884,2.117,2.483,1.917,0.0,0.0,,20.0,HOLD,15.461,0.0,97.07,2.93,0.383
2026-08-03T20:00:00,20,0,8,False,27.01,57.45,0.0,0.126,0.075,0.0,0.0,0.0,9.335,1.107,5.3,0.037,2.428,0.462,0.0,0.0,,20.0,HOLD,9.335,0.0,100.0,0.0,0.0
2026-08-03T21:00:00,21,0,8,False,24.4,62.37,1.08,0.126,0.075,0.0,0.0,0.362,4.525,1.168,0.772,0.259,2.081,0.245,0.0,0.0,,20.0,HOLD,4.163,0.0,92.0,8.0,0.297
2026-08-03T22:00:00,22,0,8,False,25.16,62.08,1.79,0.126,0.075,0.0,0.0,1.127,3.621,0.596,0.949,0.233,1.396,0.447,0.0,0.0,,20.0,HOLD,2.494,0.0,68.88,31.12,0.924
2026-08-03T23:00:00,23,0,8,False,23.6,58.67,2.15,0.126,0.075,0.0,0.0,1.493,3.814,0.981,0.94,0.182,1.243,0.469,0.0,0.0,,20.0,HOLD,2.321,0.0,60.85,39.15,1.224
2026-08-04T00:00:00,0,1,8,False,23.0,73.11,2.63,0.579,0.347,0.0,0.0,2.149,3.962,1.049,0.857,0.255,1.562,0.239,0.0,0.0,,20.0,HOLD,1.813,0.0,45.76,54.24,1.762
2026-08-04T01:00:00,1,1,8,False,24.12,71.39,2.58,0.579,0.347,0.0,0.0,1.913,3.968,1.438,0.711,0.165,1.364,0.292,0.0,0.0,,20.0,HOLD,2.055,0.0,51.79,48.21,1.569
2026-08-04T02:00:00,2,1,8,False,25.37,79.31,3.73,0.579,0.347,0.0,0.0,3.601,3.427,0.922,0.492,0.218,1.444,0.351,0.0,0.0,,20.41,CHARGING,0.0,0.174,0.0,100.0,2.953
2026-08-04T03:00:00,3,1,8,False,26.83,72.3,5.63,0.579,0.347,0.0,0.0,5.062,3.937,1.417,0.417,0.179,1.47,0.455,0.0,0.0,,23.09,CHARGING,0.0,1.125,0.0,100.0,4.151
2026-08-04T04:00:00,4,1,8,False,29.19,75.96,4.83,0.579,0.347,0.0,0.0,5.089,4.337,1.403,0.803,0.213,1.607,0.311,0.0,0.0,,24.87,CHARGING,0.0,0.752,0.0,100.0,4.173
2026-08-04T05:00:00,5,1,8,False,30.23,64.93,5.17,0.579,0.347,0.0,0.0,4.875,3.772,1.114,0.612,0.127,1.512,0.407,0.0,0.0,,27.49,CHARGING,0.0,1.103,0.0,100.0,3.997
2026-08-04T06:00:00,6,1,8,False,30.77,67.76,5.45,0.579,0.347,0.0,0.0,4.989,2.687,0.966,0.305,0.315,0.839,0.264,0.0,0.0,,32.96,CHARGING,0.0,2.302,0.0,100.0,4.091
2026-08-04T07:00:00,7,1,8,False,35.35,74.85,4.6,0.579,0.347,115.51,1.015,4.959,5.332,1.679,0.083,0.118,1.226,2.226,0.0,0.0,,34.48,CHARGING,0.0,0.642,0.0,100.0,4.899
2026-08-04T08:00:00,8,1,8,False,38.7,67.61,5.76,0.579,0.347,223.16,1.873,4.917,10.546,3.843,1.048,1.976,1.602,2.077,0.0,0.0,,24.6,DISCHARGING,3.756,0.0,35.62,64.38,5.568
2026-08-04T09:00:00,9,1,8,False,35.16,66.09,4.46,0.579,0.347,315.59,2.709,4.645,14.316,3.872,6.068,2.022,1.917,0.437,0.0,0.0,,20.0,DISCHARGING,6.962,0.0,48.63,51.37,6.03
2026-08-04T10:00:00,10,1,8,False,37.63,70.55,4.55,0.579,0.347,386.52,3.271,4.766,22.077,3.952,6.561,1.994,2.078,0.492,7.0,0.0,,20.0,HOLD,14.04,0.0,63.6,36.4,6.59
2026-08-04T11:00:00,11,1,8,False,39.02,68.55,3.74,0.579,0.347,431.1,3.756,3.564,22.071,4.28,5.685,1.971,2.719,0.417,7.0,0.0,,20.0,HOLD,14.751,0.0,66.83,33.17,6.002
2026-08-04T12:00:00,12,1,8,False,43.41,72.86,2.78,0.579,0.347,446.31,3.863,2.172,23.052,3.672,5.761,2.081,2.477,2.06,7.0,0.0,,20.0,HOLD,17.017,0.0,73.82,26.18,4.949
2026-08-04T13:00:00,13,1,8,False,40.52,76.81,4.09,0.579,0.347,431.1,3.666,4.278,23.639,4.108,5.862,1.886,2.788,1.996,7.0,0.0,,20.0,HOLD,15.695,0.0,66.39,33.61,6.514
2026-08-04T14:00:00,14,1,8,False,39.19,70.48,0.29,0.579,0.347,386.52,3.283,0.134,15.454,4.325,6.056,1.909,2.695,0.469,0.0,0.0,,20.0,HOLD,12.037,0.0,77.89,22.11,2.802
2026-08-04T15:00:00,15,1,8,False,36.35,78.57,2.28,0.579,0.347,315.59,2.628,1.776,15.499,4.259,6.306,1.79,2.872,0.272,0.0,0.0,,20.0,HOLD,11.095,0.0,71.59,28.41,3.611
2026-08-04T16:00:00,16,1,8,False,36.79,58.09,1.6,0.579,0.347,223.16,1.902,1.091,15.245,4.03,6.044,1.964,2.809,0.398,0.0,0.0,,20.0,HOLD,12.252,0.0,80.37,19.63,2.454
2026-08-04T17:00:00,17,1,8,False,34.15,75.06,1.56,0.579,0.347,115.51,1.003,1.084,14.882,3.925,5.567,2.048,2.892,0.45,0.0,0.0,,20.0,HOLD,12.795,0.0,85.98,14.02,1.711
2026-08-04T18:00:00,18,1,8,False,30.1,75.13,2.43,0.579,0.347,0.0,0.0,1.804,16.91,4.215,5.669,2.226,2.627,2.172,0.0,0.0,,20.0,HOLD,15.106,0.0,89.33,10.67,1.479
2026-08-04T19:00:00,19,1,8,False,29.65,67.9,2.33,0.579,0.347,0.0,0.0,1.862,17.06,4.132,6.33,1.951,2.521,2.125,0.0,0.0,,20.0,HOLD,15.198,0.0,89.09,10.91,1.527
2026-08-04T20:00:00,20,1,8,False,26.94,70.48,1.73,0.579,0.347,0.0,0.0,1.142,9.97,1.042,5.922,0.214,2.234,0.557,0.0,0.0,,20.0,HOLD,8.828,0.0,88.55,11.45,0.936
2026-08-04T21:00:00,21,1,8,False,27.86,67.76,1.82,0.579,0.347,0.0,0.0,1.423,4.071,0.998,0.634,0.236,1.903,0.3,0.0,0.0,,20.0,HOLD,2.648,0.0,65.05,34.95,1.167
2026-08-04T22:00:00,22,1,8,False,23.89,68.03,1.56,0.579,0.347,0.0,0.0,0.976,4.051,1.095,0.632,0.267,1.567,0.49,0.0,0.0,,20.0,HOLD,3.075,0.0,75.91,24.09,0.8
2026-08-04T23:00:00,23,1,8,False,22.37,71.53,3.42,0.579,0.347,0.0,0.0,3.092,2.835,0.954,0.1,0.124,1.353,0.304,0.0,0.0,,20.61,CHARGING,0.0,0.257,0.0,100.0,2.535
2026-08-05T00:00:00,0,2,8,False,21.68,69.55,2.27,0.574,0.344,0.0,0.0,1.7,4.353,1.407,0.975,0.401,1.256,0.314,0.0,0.0,,20.0,DISCHARGING,2.653,0.0,60.95,39.05,1.394
2026-08-05T01:00:00,1,2,8,False,25.32,75.78,3.15,0.574,0.344,0.0,0.0,2.959,4.341,1.409,0.918,0.159,1.485,0.369,0.0,0.0,,20.0,HOLD,1.382,0.0,31.84,68.16,2.426
2026-08-05T02:00:00,2,2,8,False,22.81,75.2,5.18,0.574,0.344,0.0,0.0,5.13,3.112,1.074,0.049,0.301,1.308,0.38,0.0,0.0,,24.79,CHARGING,0.0,2.018,0.0,100.0,4.207
2026-08-05T03:00:00,3,2,8,False,26.65,75.72,4.72,0.574,0.344,0.0,0.0,5.055,3.774,1.042,0.688,0.049,1.734,0.26,0.0,0.0,,27.84,CHARGING,0.0,1.281,0.0,100.0,4.145
2026-08-05T04:00:00,4,2,8,False,27.48,67.83,3.68,0.574,0.344,0.0,0.0,3.472,4.253,1.429,0.668,0.154,1.48,0.522,0.0,0.0,,25.78,DISCHARGING,0.781,0.0,18.36,81.64,2.847
2026-08-05T05:00:00,5,2,8,False,31.29,68.07,4.02,0.574,0.344,0.0,0.0,4.067,4.074,0.99,0.825,0.111,1.696,0.453,0.0,0.0,,25.76,DISCHARGING,0.007,0.0,0.17,99.83,3.335
2026-08-05T06:00:00,6,2,8,False,30.3,68.74,4.58,0.574,0.344,0.0,0.0,4.875,2.761,0.971,0.182,0.255,0.943,0.411,0.0,0.0,,30.78,CHARGING,0.0,2.114,0.0,100.0,3.997
2026-08-05T07:00:00,7,2,8,False,34.48,72.4,4.44,0.574,0.344,116.5,1.06,4.79,5.003,1.142,0.443,-0.086,1.425,2.079,0.0,0.0,,32.79,CHARGING,0.0,0.847,0.0,100.0,4.797
2026-08-05T08:00:00,8,2,8,False,35.18,65.7,3.59,0.574,0.344,225.07,1.96,3.387,10.617,4.138,0.626,2.097,1.674,2.083,0.0,0.0,,20.0,DISCHARGING,5.27,0.0,49.64,50.36,4.385
2026-08-05T09:00:00,9,2,8,False,34.52,69.65,3.43,0.574,0.344,318.3,2.815,3.36,14.013,3.967,5.817,1.805,2.08,0.345,0.0,0.0,,20.0,HOLD,7.838,0.0,55.93,44.07,5.063
2026-08-05T10:00:00,10,2,8,False,43.37,82.0,3.41,0.574,0.344,389.83,3.299,3.044,22.112,4.046,6.231,1.977,2.376,0.482,7.0,0.0,,20.0,HOLD,15.769,0.0,71.31,28.69,5.201
2026-08-05T11:00:00,11,2,8,False,40.62,65.6,3.5,0.574,0.344,434.8,3.663,3.298,21.347,3.625,6.051,1.99,2.314,0.367,7.0,0.0,,20.0,HOLD,14.386,0.0,67.39,32.61,5.708
2026-08-05T12:00:00,12,2,8,False,39.53,72.58,4.54,0.574,0.344,450.14,3.895,4.831,23.324,3.625,6.202,1.934,2.668,1.895,7.0,0.0,,20.0,HOLD,14.598,0.0,62.59,37.41,7.155
2026-08-05T13:00:00,13,2,8,False,39.84,76.14,3.33,0.574,0.344,434.8,3.798,3.217,22.951,3.591,5.642,1.819,2.968,1.931,7.0,0.0,,20.0,HOLD,15.936,0.0,69.43,30.57,5.752
2026-08-05T14:00:00,14,2,8,False,38.19,73.39,1.83,0.574,0.344,389.83,3.225,1.109,15.392,4.0,6.36,1.997,2.849,0.185,0.0,0.0,,20.0,HOLD,11.058,0.0,71.84,28.16,3.554
2026-08-05T15:00:00,15,2,8,False,39.09,65.74,1.0,0.574,0.344,318.3,2.611,0.354,15.018,3.808,5.928,1.879,3.028,0.375,0.0,0.0,,20.0,HOLD,12.053,0.0,80.26,19.74,2.431
2026-08-05T16:00:00,16,2,8,False,39.33,72.28,0.0,0.574,0.344,225.07,1.916,0.0,15.618,4.019,6.231,2.01,3.176,0.182,0.0,0.0,,20.0,HOLD,13.702,0.0,87.73,12.27,1.571
2026-08-05T17:00:00,17,2,8,False,32.81,76.04,2.25,0.574,0.344,116.5,1.027,1.809,15.399,3.617,6.239,2.106,2.775,0.663,0.0,0.0,,20.0,HOLD,12.563,0.0,81.58,18.42,2.326
2026-08-05T18:00:00,18,2,8,False,32.29,73.38,0.0,0.574,0.344,0.0,0.0,0.116,16.857,4.11,5.821,2.15,2.86,1.917,0.0,0.0,,20.0,HOLD,16.741,0.0,99.31,0.69,0.095
2026-08-05T19:00:00,19,2,8,False,29.7,69.66,1.48,0.574,0.344,0.0,0.0,0.905,15.252,3.787,5.33,2.024,2.21,1.901,0.0,0.0,,20.0,HOLD,14.347,0.0,94.07,5.93,0.742
2026-08-05T20:00:00,20,2,8,False,25.34,73.61,0.0,0.574,0.344,0.0,0.0,0.0,9.702,0.937,5.803,0.238,2.242,0.482,0.0,0.0,,20.0,HOLD,9.702,0.0,100.0,0.0,0.0
2026-08-05T21:00:00,21,2,8,False,27.79,62.22,1.38,0.574,0.344,0.0,0.0,0.804,4.201,1.045,0.284,0.207,2.315,0.351,0.0,0.0,,20.0,HOLD,3.397,0.0,80.86,19.14,0.659
2026-08-05T22:00:00,22,2,8,False,25.07,77.69,0.95,0.574,0.344,0.0,0.0,0.544,4.452,1.472,0.472,0.17,1.875,0.463,0.0,0.0,,20.0,HOLD,3.908,0.0,87.78,12.22,0.446
2026-08-05T23:00:00,23,2,8,False,20.94,68.57,2.85,0.574,0.344,0.0,0.0,2.442,3.53,0.852,0.681,0.221,1.319,0.458,0.0,0.0,,20.0,HOLD,1.088,0.0,30.82,69.18,2.002
2026-08-06T00:00:00,0,3,8,False,26.24,66.1,3.33,0.299,0.18,0.0,0.0,3.264,4.228,1.383,0.662,0.243,1.538,0.402,0.0,0.0,,20.0,HOLD,0.964,0.0,22.8,77.2,2.676
2026-08-06T01:00:00,1,3,8,False,27.52,71.76,2.92,0.299,0.18,0.0,0.0,2.345,3.668,1.162,0.436,0.258,1.514,0.298,0.0,0.0,,20.0,HOLD,1.323,0.0,36.07,63.93,1.923
2026-08-06T02:00:00,2,3,8,False,27.28,73.92,4.87,0.299,0.18,0.0,0.0,4.996,3.708,1.341,0.427,0.213,1.474,0.254,0.0,0.0,,23.06,CHARGING,0.0,1.288,0.0,100.0,4.097
2026-08-06T03:00:00,3,3,8,False,26.53,64.78,4.06,0.299,0.18,0.0,0.0,4.22,3.369,1.03,0.499,0.123,1.375,0.341,0.0,0.0,,25.08,CHARGING,0.0,0.851,0.0,100.0,3.46
2026-08-06T04:00:00,4,3,8,False,27.71,67.59,5.2,0.299,0.18,0.0,0.0,5.129,3.974,1.389,0.33,0.322,1.549,0.384,0.0,0.0,,27.82,CHARGING,0.0,1.155,0.0,100.0,4.206
2026-08-06T05:00:00,5,3,8,False,30.47,68.71,4.91,0.299,0.18,0.0,0.0,4.966,3.78,0.795,0.758,0.163,1.617,0.448,0.0,0.0,,30.64,CHARGING,0.0,1.186,0.0,100.0,4.072
2026-08-06T06:00:00,6,3,8,False,31.48,67.01,5.82,0.299,0.18,0.0,0.0,4.986,3.278,1.537,0.386,0.168,0.714,0.473,0.0,0.0,,34.7,CHARGING,0.0,1.708,0.0,100.0,4.089
2026-08-06T07:00:00,7,3,8,False,33.2,63.4,4.56,0.299,0.18,169.55,1.478,4.737,5.026,0.751,0.737,-0.011,1.393,2.156,0.0,0.0,,37.52,CHARGING,0.0,1.189,0.0,100.0,5.096
2026-08-06T08:00:00,8,3,8,False,35.75,65.87,5.77,0.299,0.18,327.54,2.911,4.954,9.921,3.527,0.576,2.171,1.698,1.948,0.0,0.0,,32.11,DISCHARGING,2.056,0.0,20.72,79.28,6.449
2026-08-06T09:00:00,9,3,8,False,38.15,65.56,5.19,0.299,0.18,463.21,4.157,4.948,14.747,4.201,6.229,1.93,1.886,0.502,0.0,0.0,,20.0,DISCHARGING,5.642,0.0,38.26,61.74,7.466
2026-08-06T10:00:00,10,3,8,False,39.15,57.81,4.27,0.299,0.18,567.32,4.88,4.441,21.591,3.987,6.108,1.959,2.161,0.376,7.0,0.0,,20.0,HOLD,12.27,0.0,56.83,43.17,7.643
2026-08-06T11:00:00,11,3,8,False,39.03,70.55,5.26,0.299,0.18,632.76,5.271,5.204,21.601,3.913,6.009,2.09,2.213,0.376,7.0,0.0,,20.0,HOLD,11.126,0.0,51.51,48.49,8.59
2026-08-06T12:00:00,12,3,8,False,39.14,67.84,3.16,0.299,0.18,655.08,5.554,2.802,24.232,4.213,6.09,2.004,2.741,2.184,7.0,0.0,,20.0,HOLD,15.876,0.0,65.52,34.48,6.852
2026-08-06T13:00:00,13,3,8,False,39.99,56.44,2.07,0.299,0.18,632.76,5.2,1.443,23.543,3.978,5.833,2.035,2.788,1.909,7.0,0.0,,20.0,HOLD,16.9,0.0,71.78,28.22,5.447
2026-08-06T14:00:00,14,3,8,False,39.85,60.45,3.1,0.299,0.18,567.32,4.826,2.533,14.812,3.705,5.823,2.113,2.851,0.318,0.0,0.0,,20.0,HOLD,7.453,0.0,50.32,49.68,6.034
2026-08-06T15:00:00,15,3,8,False,37.71,62.06,1.62,0.299,0.18,463.21,4.114,1.0,15.698,4.023,5.879,2.044,3.185,0.566,0.0,0.0,,20.0,HOLD,10.584,0.0,67.42,32.58,4.193
2026-08-06T16:00:00,16,3,8,False,34.86,68.74,2.15,0.299,0.18,327.54,2.887,1.566,15.962,3.963,6.281,2.095,3.203,0.42,0.0,0.0,,20.0,HOLD,11.509,0.0,72.1,27.9,3.651
2026-08-06T17:00:00,17,3,8,False,33.91,57.93,0.0,0.299,0.18,169.55,1.46,0.0,15.044,4.163,5.607,1.95,2.804,0.52,0.0,0.0,,20.0,HOLD,13.584,0.0,90.3,9.7,1.197
2026-08-06T18:00:00,18,3,8,False,31.09,66.97,1.36,0.299,0.18,0.0,0.0,0.88,16.206,3.993,5.491,1.977,2.716,2.029,0.0,0.0,,20.0,HOLD,15.326,0.0,94.57,5.43,0.722
2026-08-06T19:00:00,19,3,8,False,28.82,66.06,1.98,0.299,0.18,0.0,0.0,1.348,16.973,4.386,6.199,2.105,2.352,1.931,0.0,0.0,,20.0,HOLD,15.625,0.0,92.06,7.94,1.105
2026-08-06T20:00:00,20,3,8,False,26.98,65.12,1.42,0.299,0.18,0.0,0.0,0.806,9.756,1.041,5.946,0.311,2.023,0.435,0.0,0.0,,20.0,HOLD,8.95,0.0,91.74,8.26,0.661
2026-08-06T21:00:00,21,3,8,False,28.41,63.34,1.44,0.299,0.18,0.0,0.0,0.765,3.697,1.195,0.288,0.013,1.927,0.274,0.0,0.0,,20.0,HOLD,2.932,0.0,79.31,20.69,0.627
2026-08-06T22:00:00,22,3,8,False,25.05,75.26,2.89,0.299,0.18,0.0,0.0,2.561,3.93,1.28,0.485,0.008,1.862,0.295,0.0,0.0,,20.0,HOLD,1.369,0.0,34.83,65.17,2.1
2026-08-06T23:00:00,23,3,8,False,26.35,61.11,2.91,0.299,0.18,0.0,0.0,2.698,3.745,1.507,0.446,0.129,1.28,0.383,0.0,0.0,,20.0,HOLD,1.047,0.0,27.96,72.04,2.212
2026-08-07T00:00:00,0,4,8,False,25.8,51.88,3.59,0.017,0.01,0.0,0.0,3.386,4.174,1.207,0.675,0.32,1.647,0.325,0.0,0.0,,20.0,HOLD,0.788,0.0,18.88,81.12,2.777
2026-08-07T01:00:00,1,4,8,False,24.18,51.93,3.16,0.017,0.01,0.0,0.0,2.992,3.492,0.858,0.593,0.194,1.543,0.304,0.0,0.0,,20.0,HOLD,0.5,0.0,14.32,85.68,2.453
2026-08-07T02:00:00,2,4,8,False,22.93,67.0,2.9,0.017,0.01,0.0,0.0,2.416,4.396,1.621,0.38,0.234,1.66,0.502,0.0,0.0,,20.0,HOLD,1.98,0.0,45.04,54.96,1.981
2026-08-07T03:00:00,3,4,8,False,24.35,61.85,3.84,0.017,0.01,0.0,0.0,3.691,4.007,1.101,0.726,0.262,1.602,0.315,0.0,0.0,,20.0,HOLD,0.316,0.0,7.89,92.11,3.027
2026-08-07T04:00:00,4,4,8,False,27.2,66.65,4.9,0.017,0.01,0.0,0.0,4.998,4.434,0.995,1.159,0.215,1.662,0.403,0.0,0.0,,21.34,CHARGING,0.0,0.564,0.0,100.0,4.098
2026-08-07T05:00:00,5,4,8,False,30.06,49.59,3.73,0.017,0.01,0.0,0.0,3.612,3.81,1.241,0.225,0.11,1.659,0.574,0.0,0.0,,20.82,DISCHARGING,0.198,0.0,5.2,94.8,2.962
2026-08-07T06:00:00,6,4,8,False,31.07,61.29,5.54,0.017,0.01,0.0,0.0,5.185,3.754,1.109,0.972,0.238,0.897,0.537,0.0,0.0,,24.22,CHARGING,0.0,1.431,0.0,100.0,4.252
2026-08-07T07:00:00,7,4,8,False,34.51,67.24,4.85,0.017,0.01,224.14,1.989,5.12,4.696,0.422,0.732,0.221,1.259,2.061,0.0,0.0,,29.95,CHARGING,0.0,2.413,0.0,100.0,5.829
2026-08-07T08:00:00,8,4,8,False,36.39,59.0,5.27,0.017,0.01,433.01,3.831,5.078,10.733,4.109,0.748,2.116,1.771,1.989,0.0,0.0,,25.15,DISCHARGING,1.824,0.0,16.99,83.01,7.305
2026-08-07T09:00:00,9,4,8,False,39.14,69.93,4.55,0.017,0.01,612.36,5.314,4.796,14.333,4.466,5.369,2.064,1.846,0.588,0.0,0.0,,20.0,DISCHARGING,4.223,0.0,29.46,70.54,8.29
2026-08-07T10:00:00,10,4,8,False,39.31,59.01,3.36,0.017,0.01,749.99,6.273,3.056,21.345,3.934,5.775,2.027,2.309,0.3,7.0,0.0,,20.0,HOLD,12.016,0.0,56.29,43.71,7.65
2026-08-07T11:00:00,11,4,8,False,37.24,63.0,3.77,0.017,0.01,836.51,7.265,3.71,23.08,4.315,6.299,2.268,2.974,0.224,7.0,0.0,,20.0,HOLD,12.105,0.0,52.45,47.55,9.0
2026-08-07T12:00:00,12,4,8,False,36.7,62.86,2.99,0.017,0.01,866.01,7.418,2.661,23.456,3.946,5.792,1.946,2.689,2.084,7.0,0.0,,20.0,HOLD,13.377,0.0,57.03,42.97,8.265
2026-08-07T13:00:00,13,4,8,False,39.0,63.19,2.25,0.017,0.01,836.51,7.079,1.801,23.353,3.816,5.659,2.03,2.934,1.914,7.0,0.0,,20.0,HOLD,14.473,0.0,61.97,38.03,7.282
2026-08-07T14:00:00,14,4,8,False,40.94,57.2,3.54,0.017,0.01,749.99,6.507,3.092,15.273,4.215,5.743,2.098,2.824,0.393,0.0,0.0,,20.0,HOLD,5.674,0.0,37.15,62.85,7.871
2026-08-07T15:00:00,15,4,8,False,36.44,69.49,1.41,0.017,0.01,612.36,5.248,1.052,15.511,3.923,6.448,1.837,2.957,0.346,0.0,0.0,,20.0,HOLD,9.211,0.0,59.38,40.62,5.166
2026-08-07T16:00:00,16,4,8,False,38.31,49.9,1.42,0.017,0.01,433.01,3.593,0.741,15.756,4.187,6.242,1.97,2.886,0.472,0.0,0.0,,20.0,HOLD,11.422,0.0,72.49,27.51,3.554
2026-08-07T17:00:00,17,4,8,False,32.38,62.2,1.43,0.017,0.01,224.14,1.947,0.899,15.504,4.02,6.149,1.867,2.966,0.503,0.0,0.0,,20.0,HOLD,12.658,0.0,81.64,18.36,2.334
2026-08-07T18:00:00,18,4,8,False,32.48,59.79,1.48,0.017,0.01,0.0,0.0,0.908,16.576,3.77,6.246,1.837,2.761,1.962,0.0,0.0,,20.0,HOLD,15.668,0.0,94.52,5.48,0.745
2026-08-07T19:00:00,19,4,8,False,29.26,56.79,1.21,0.017,0.01,0.0,0.0,0.668,17.043,3.877,6.401,2.02,2.603,2.142,0.0,0.0,,20.0,HOLD,16.375,0.0,96.08,3.92,0.548
2026-08-07T20:00:00,20,4,8,False,30.1,58.83,1.73,0.017,0.01,0.0,0.0,1.16,10.254,1.419,6.106,-0.144,2.38,0.493,0.0,0.0,,20.0,HOLD,9.094,0.0,88.69,11.31,0.951
2026-08-07T21:00:00,21,4,8,False,25.89,63.48,2.38,0.017,0.01,0.0,0.0,1.959,3.97,0.947,0.583,0.184,1.826,0.43,0.0,0.0,,20.0,HOLD,2.011,0.0,50.65,49.35,1.606
2026-08-07T22:00:00,22,4,8,False,27.04,63.96,3.0,0.017,0.01,0.0,0.0,2.462,4.288,1.233,0.59,0.15,1.904,0.411,0.0,0.0,,20.0,HOLD,1.826,0.0,42.58,57.42,2.019
2026-08-07T23:00:00,23,4,8,False,25.09,60.62,3.27,0.017,0.01,0.0,0.0,2.866,3.483,1.079,0.317,0.356,1.385,0.346,0.0,0.0,,20.0,HOLD,0.617,0.0,17.71,82.29,2.35
2026-08-08T00:00:00,0,5,8,True,22.7,73.77,4.11,0.598,0.359,0.0,0.0,4.157,2.39,0.102,0.39,0.138,1.478,0.282,0.0,0.0,,24.2,CHARGING,0.0,1.767,0.0,100.0,3.409
2026-08-08T01:00:00,1,5,8,True,25.01,76.91,4.13,0.598,0.359,0.0,0.0,4.179,3.322,0.31,0.568,0.339,1.718,0.387,0.0,0.0,,26.23,CHARGING,0.0,0.857,0.0,100.0,3.427
2026-08-08T02:00:00,2,5,8,True,25.65,66.21,4.62,0.598,0.359,0.0,0.0,4.835,2.148,-0.022,0.2,0.056,1.522,0.39,0.0,0.0,,32.61,CHARGING,0.0,2.687,0.0,100.0,3.965
2026-08-08T03:00:00,3,5,8,True,28.12,74.24,6.02,0.598,0.359,0.0,0.0,5.065,2.156,0.002,0.228,0.114,1.43,0.382,0.0,0.0,,39.52,CHARGING,0.0,2.909,0.0,100.0,4.153
2026-08-08T04:00:00,4,5,8,True,29.21,81.09,5.14,0.598,0.359,0.0,0.0,5.042,1.609,-0.061,-0.011,0.143,1.395,0.144,0.0,0.0,,47.68,CHARGING,0.0,3.433,0.0,100.0,4.134
2026-08-08T05:00:00,5,5,8,True,28.42,73.8,6.21,0.598,0.359,0.0,0.0,5.04,2.026,-0.391,0.385,0.328,1.482,0.223,0.0,0.0,,54.83,CHARGING,0.0,3.014,0.0,100.0,4.133
2026-08-08T06:00:00,6,5,8,True,31.38,73.25,6.02,0.598,0.359,0.0,0.0,5.237,1.172,-0.251,0.227,0.096,0.745,0.355,0.0,0.0,,64.49,CHARGING,0.0,4.065,0.0,100.0,4.294
2026-08-08T07:00:00,7,5,8,True,35.02,70.03,5.96,0.598,0.359,111.84,0.947,5.048,3.959,0.102,0.372,0.228,1.248,2.01,0.0,0.0,,69.32,CHARGING,0.0,2.036,0.0,100.0,4.916
2026-08-08T08:00:00,8,5,8,True,35.73,83.1,5.59,0.598,0.359,216.05,1.868,4.999,5.873,0.051,0.103,2.076,1.684,1.958,0.0,0.0,,71.68,CHARGING,0.0,0.994,0.0,100.0,5.631
2026-08-08T09:00:00,9,5,8,True,39.01,67.11,4.43,0.598,0.359,305.54,2.614,4.685,7.71,0.192,3.249,1.989,1.879,0.4,0.0,0.0,,70.6,DISCHARGING,0.411,0.0,5.33,94.67,5.985
2026-08-08T10:00:00,10,5,8,True,39.47,73.47,4.39,0.598,0.359,374.21,3.167,4.694,15.185,-0.135,3.744,2.076,2.081,0.419,7.0,0.0,,51.33,DISCHARGING,7.324,0.0,48.23,51.77,6.446
2026-08-08T11:00:00,11,5,8,True,40.89,64.48,3.24,0.598,0.359,417.38,3.445,2.968,14.074,-0.351,2.565,2.054,2.475,0.33,7.0,0.0,,31.17,DISCHARGING,7.661,0.0,54.43,45.57,5.259
2026-08-08T12:00:00,12,5,8,True,39.26,74.38,1.82,0.598,0.359,432.1,3.608,1.177,16.379,0.069,2.923,1.93,2.42,2.037,7.0,0.0,,20.0,DISCHARGING,11.594,0.0,70.79,29.21,3.924
2026-08-08T13:00:00,13,5,8,True,39.85,66.77,2.07,0.598,0.359,417.38,3.534,1.535,17.513,0.02,3.491,2.07,2.857,2.074,7.0,0.0,,20.0,HOLD,12.444,0.0,71.06,28.94,4.157
2026-08-08T14:00:00,14,5,8,True,39.0,78.44,2.04,0.598,0.359,374.21,3.122,1.455,8.179,0.238,3.093,1.963,2.712,0.173,0.0,0.0,,20.0,HOLD,3.602,0.0,44.04,55.96,3.753
2026-08-08T15:00:00,15,5,8,True,40.77,69.04,1.83,0.598,0.359,305.54,2.594,1.146,7.435,-0.066,2.718,1.859,2.684,0.24,0.0,0.0,,20.0,HOLD,3.695,0.0,49.7,50.3,3.067
2026-08-08T16:00:00,16,5,8,True,37.53,74.63,0.48,0.598,0.359,216.05,1.882,0.167,8.675,-0.06,3.04,1.958,3.149,0.588,0.0,0.0,,20.0,HOLD,6.626,0.0,76.38,23.62,1.68
2026-08-08T17:00:00,17,5,8,True,36.25,69.77,0.0,0.598,0.359,111.84,0.961,0.046,7.303,-0.345,2.477,2.131,2.789,0.251,0.0,0.0,,20.0,HOLD,6.296,0.0,86.21,13.79,0.826
2026-08-08T18:00:00,18,5,8,True,30.34,67.85,1.31,0.598,0.359,0.0,0.0,0.654,9.735,-0.349,3.427,2.04,2.669,1.948,0.0,0.0,,20.0,HOLD,9.081,0.0,93.28,6.72,0.536
2026-08-08T19:00:00,19,5,8,True,32.13,77.69,1.54,0.598,0.359,0.0,0.0,0.962,9.367,0.08,2.835,1.99,2.421,2.04,0.0,0.0,,20.0,HOLD,8.405,0.0,89.73,10.27,0.789
2026-08-08T20:00:00,20,5,8,True,26.02,73.51,1.73,0.598,0.359,0.0,0.0,1.178,5.668,-0.073,2.799,0.254,2.338,0.349,0.0,0.0,,20.0,HOLD,4.49,0.0,79.22,20.78,0.966
2026-08-08T21:00:00,21,5,8,True,25.45,69.2,1.44,0.598,0.359,0.0,0.0,0.895,2.49,0.003,0.02,0.274,1.858,0.335,0.0,0.0,,20.0,HOLD,1.595,0.0,64.06,35.94,0.734
2026-08-08T22:00:00,22,5,8,True,26.23,59.44,2.31,0.598,0.359,0.0,0.0,1.768,1.795,-0.068,0.348,0.019,1.194,0.302,0.0,0.0,,20.0,HOLD,0.027,0.0,1.5,98.5,1.45
2026-08-08T23:00:00,23,5,8,True,24.7,67.74,0.0,0.598,0.359,0.0,0.0,0.0,2.608,0.392,0.235,0.189,1.391,0.402,0.0,0.0,,20.0,HOLD,2.608,0.0,100.0,0.0,0.0
2026-08-09T00:00:00,0,6,8,True,23.68,65.48,3.74,0.156,0.094,0.0,0.0,3.604,2.652,-0.069,0.575,0.166,1.685,0.295,0.0,0.0,,22.26,CHARGING,0.0,0.952,0.0,100.0,2.955
2026-08-09T01:00:00,1,6,8,True,26.42,58.28,3.9,0.156,0.094,0.0,0.0,3.779,2.44,0.007,0.154,0.187,1.641,0.452,0.0,0.0,,25.44,CHARGING,0.0,1.339,0.0,100.0,3.099
2026-08-09T02:00:00,2,6,8,True,23.38,64.47,3.15,0.156,0.094,0.0,0.0,2.722,2.769,0.318,0.544,0.137,1.392,0.377,0.0,0.0,,25.32,DISCHARGING,0.047,0.0,1.7,98.3,2.232
2026-08-09T03:00:00,3,6,8,True,25.85,68.04,5.42,0.156,0.094,0.0,0.0,5.068,2.76,0.165,0.317,0.24,1.589,0.449,0.0,0.0,,30.8,CHARGING,0.0,2.308,0.0,100.0,4.156
2026-08-09T04:00:00,4,6,8,True,26.83,61.68,4.19,0.156,0.094,0.0,0.0,4.141,2.451,0.135,0.404,0.066,1.464,0.382,0.0,0.0,,34.81,CHARGING,0.0,1.69,0.0,100.0,3.396
2026-08-09T05:00:00,5,6,8,True,30.2,56.35,4.07,0.156,0.094,0.0,0.0,3.946,2.441,-0.047,0.202,0.188,1.538,0.56,0.0,0.0,,38.39,CHARGING,0.0,1.505,0.0,100.0,3.236
2026-08-09T06:00:00,6,6,8,True,29.6,50.56,5.7,0.156,0.094,0.0,0.0,4.796,2.418,0.487,0.183,0.329,1.063,0.356,0.0,0.0,,44.03,CHARGING,0.0,2.378,0.0,100.0,3.933
2026-08-09T07:00:00,7,6,8,True,33.53,67.06,4.26,0.156,0.094,197.29,1.701,4.318,3.522,0.107,0.031,0.167,1.281,1.936,0.0,0.0,,49.97,CHARGING,0.0,2.497,0.0,100.0,4.936
2026-08-09T08:00:00,8,6,8,True,35.26,62.1,5.96,0.156,0.094,381.14,3.266,4.982,5.601,0.091,-0.01,2.043,1.657,1.821,0.0,0.0,,56.25,CHARGING,0.0,2.647,0.0,100.0,6.763
2026-08-09T09:00:00,9,6,8,True,40.35,59.12,5.58,0.156,0.094,539.02,4.451,5.023,7.588,-0.285,3.409,1.953,2.193,0.318,0.0,0.0,,60.73,CHARGING,0.0,1.886,0.0,100.0,7.769
2026-08-09T10:00:00,10,6,8,True,38.76,61.5,5.01,0.156,0.094,660.16,5.645,5.109,14.141,-0.111,2.621,1.854,2.337,0.439,7.0,0.0,,51.82,DISCHARGING,3.387,0.0,23.95,76.05,8.818
2026-08-09T11:00:00,11,6,8,True,41.32,55.96,3.3,0.156,0.094,736.31,5.903,3.282,14.789,0.105,3.041,2.028,2.294,0.321,7.0,0.0,,37.07,DISCHARGING,5.604,0.0,37.89,62.11,7.532
2026-08-09T12:00:00,12,6,8,True,42.61,59.3,3.53,0.156,0.094,762.29,6.221,3.26,17.067,-0.063,3.615,1.981,2.54,1.994,7.0,0.0,,20.0,DISCHARGING,7.586,0.0,44.45,55.55,7.774
2026-08-09T13:00:00,13,6,8,True,40.12,65.13,1.46,0.156,0.094,736.31,6.376,0.894,16.4,-0.159,2.841,1.834,2.853,2.031,7.0,0.0,,20.0,HOLD,9.13,0.0,55.67,44.33,5.961
2026-08-09T14:00:00,14,6,8,True,37.58,67.08,3.55,0.156,0.094,660.16,5.44,3.17,8.977,-0.197,3.472,2.089,3.212,0.401,0.0,0.0,,20.0,HOLD,0.367,0.0,4.09,95.91,7.06
2026-08-09T15:00:00,15,6,8,True,37.34,64.87,0.59,0.156,0.094,539.02,4.594,0.202,8.849,0.324,2.962,2.133,2.762,0.669,0.0,0.0,,20.0,HOLD,4.053,0.0,45.8,54.2,3.933
2026-08-09T16:00:00,16,6,8,True,35.44,67.45,1.83,0.156,0.094,381.14,3.254,1.323,8.253,0.174,2.786,1.93,2.975,0.388,0.0,0.0,,20.0,HOLD,3.676,0.0,44.54,55.46,3.753
2026-08-09T17:00:00,17,6,8,True,36.16,62.77,1.63,0.156,0.094,197.29,1.717,0.836,8.524,-0.123,3.086,2.112,2.903,0.546,0.0,0.0,,20.0,HOLD,5.971,0.0,70.05,29.95,2.093
2026-08-09T18:00:00,18,6,8,True,33.3,62.42,0.61,0.156,0.094,0.0,0.0,0.193,9.803,0.306,2.667,2.032,2.829,1.969,0.0,0.0,,20.0,HOLD,9.61,0.0,98.03,1.97,0.158
2026-08-09T19:00:00,19,6,8,True,29.12,67.18,1.01,0.156,0.094,0.0,0.0,0.399,10.291,0.23,3.12,2.101,2.623,2.218,0.0,0.0,,20.0,HOLD,9.892,0.0,96.12,3.88,0.327
2026-08-09T20:00:00,20,6,8,True,29.67,65.47,0.69,0.156,0.094,0.0,0.0,0.24,5.416,-0.283,2.914,0.255,2.24,0.29,0.0,0.0,,20.0,HOLD,5.176,0.0,95.57,4.43,0.197
2026-08-09T21:00:00,21,6,8,True,24.06,64.74,3.28,0.156,0.094,0.0,0.0,3.01,3.408,0.438,0.486,-0.079,2.348,0.215,0.0,0.0,,20.0,HOLD,0.398,0.0,11.68,88.32,2.468
2026-08-09T22:00:00,22,6,8,True,24.76,59.42,1.09,0.156,0.094,0.0,0.0,0.364,2.538,-0.018,0.644,0.116,1.41,0.386,0.0,0.0,,20.0,HOLD,2.174,0.0,85.66,14.34,0.298
2026-08-09T23:00:00,23,6,8,True,23.77,57.18,2.01,0.156,0.094,0.0,0.0,1.48,1.56,-0.213,0.022,0.214,1.12,0.418,0.0,0.0,,20.0,HOLD,0.08,0.0,5.13,94.87,1.214
2026-08-10T00:00:00,0,0,8,False,26.2,55.07,2.95,0.057,0.034,0.0,0.0,2.518,4.081,1.17,0.743,0.269,1.505,0.394,0.0,0.0,,20.0,HOLD,1.563,0.0,38.3,61.7,2.065
2026-08-10T01:00:00,1,0,8,False,27.37,65.3,4.48,0.057,0.034,0.0,0.0,4.638,3.978,1.425,0.643,0.142,1.464,0.303,0.0,0.0,,21.57,CHARGING,0.0,0.66,0.0,100.0,3.803
2026-08-10T02:00:00,2,0,8,False,26.66,62.04,4.55,0.057,0.034,0.0,0.0,4.779,2.871,0.774,0.176,0.126,1.366,0.429,0.0,0.0,,26.1,CHARGING,0.0,1.908,0.0,100.0,3.919
2026-08-10T03:00:00,3,0,8,False,27.56,68.18,4.31,0.057,0.034,0.0,0.0,4.463,4.083,1.19,0.928,0.211,1.52,0.235,0.0,0.0,,27.0,CHARGING,0.0,0.38,0.0,100.0,3.66
2026-08-10T04:00:00,4,0,8,False,26.65,50.76,5.61,0.057,0.034,0.0,0.0,5.05,3.89,1.05,0.35,0.39,1.712,0.388,0.0,0.0,,29.76,CHARGING,0.0,1.16,0.0,100.0,4.141
2026-08-10T05:00:00,5,0,8,False,30.13,61.81,4.41,0.057,0.034,0.0,0.0,4.63,3.936,1.562,0.571,0.095,1.295,0.413,0.0,0.0,,31.4,CHARGING,0.0,0.694,0.0,100.0,3.797
2026-08-10T06:00:00,6,0,8,False,30.86,53.04,5.2,0.057,0.034,0.0,0.0,4.894,3.6,1.209,0.499,0.372,0.926,0.595,0.0,0.0,,34.48,CHARGING,0.0,1.294,0.0,100.0,4.013
2026-08-10T07:00:00,7,0,8,False,34.91,60.09,6.07,0.057,0.034,216.45,1.884,5.122,5.662,1.381,0.759,0.167,1.241,2.114,0.0,0.0,,37.67,CHARGING,0.0,1.344,0.0,100.0,5.745
2026-08-10T08:00:00,8,0,8,False,38.02,57.42,4.26,0.057,0.034,418.15,3.503,4.476,10.407,3.814,0.845,2.055,1.536,2.156,0.0,0.0,,31.28,DISCHARGING,2.428,0.0,23.33,76.67,6.543
2026-08-10T09:00:00,9,0,8,False,35.46,62.73,5.74,0.057,0.034,591.36,4.888,5.159,14.326,4.194,5.872,1.904,1.715,0.642,0.0,0.0,,20.02,DISCHARGING,4.279,0.0,29.87,70.13,8.239
2026-08-10T10:00:00,10,0,8,False,37.54,62.48,2.99,0.057,0.034,724.26,5.989,2.486,21.908,4.199,6.139,1.961,2.253,0.356,7.0,0.0,,20.0,DISCHARGING,13.433,0.0,61.32,38.68,6.95
2026-08-10T11:00:00,11,0,8,False,39.63,58.24,2.91,0.057,0.034,807.81,6.761,2.407,22.06,4.209,6.231,1.907,2.33,0.384,7.0,0.0,,20.0,HOLD,12.892,0.0,58.44,41.56,7.518
2026-08-10T12:00:00,12,0,8,False,43.23,60.33,2.18,0.057,0.034,836.31,6.99,1.596,24.205,3.908,6.347,2.045,2.846,2.059,7.0,0.0,,20.0,HOLD,15.619,0.0,64.53,35.47,7.041
2026-08-10T13:00:00,13,0,8,False,41.07,67.79,3.75,0.057,0.034,807.81,7.119,3.752,24.256,3.866,6.254,2.071,3.161,1.903,7.0,0.0,,20.0,HOLD,13.385,0.0,55.18,44.82,8.914
2026-08-10T14:00:00,14,0,8,False,39.77,63.7,1.46,0.057,0.034,724.26,6.107,0.926,15.562,3.718,6.238,2.021,2.991,0.595,0.0,0.0,,20.0,HOLD,8.529,0.0,54.81,45.19,5.767
2026-08-10T15:00:00,15,0,8,False,37.08,61.64,1.86,0.057,0.034,591.36,5.085,1.49,15.223,4.013,5.83,2.187,2.954,0.239,0.0,0.0,,20.0,HOLD,8.648,0.0,56.81,43.19,5.392
2026-08-10T16:00:00,16,0,8,False,34.89,52.14,0.27,0.057,0.034,418.15,3.588,0.063,15.806,4.236,6.189,2.058,2.834,0.488,0.0,0.0,,20.0,HOLD,12.155,0.0,76.9,23.1,2.994
2026-08-10T17:00:00,17,0,8,False,36.16,63.25,1.38,0.057,0.034,216.45,1.814,0.919,15.601,4.356,6.097,1.941,2.849,0.358,0.0,0.0,,20.0,HOLD,12.868,0.0,82.48,17.52,2.241
2026-08-10T18:00:00,18,0,8,False,31.46,62.53,1.52,0.057,0.034,0.0,0.0,0.973,16.491,3.827,5.85,1.944,2.691,2.179,0.0,0.0,,20.0,HOLD,15.518,0.0,94.1,5.9,0.798
2026-08-10T19:00:00,19,0,8,False,32.86,61.73,1.74,0.057,0.034,0.0,0.0,1.167,16.649,3.842,6.489,1.839,2.566,1.913,0.0,0.0,,20.0,HOLD,15.482,0.0,92.99,7.01,0.957
2026-08-10T20:00:00,20,0,8,False,27.99,66.25,1.8,0.057,0.034,0.0,0.0,1.284,10.088,1.068,6.074,0.3,2.3,0.347,0.0,0.0,,20.0,HOLD,8.804,0.0,87.27,12.73,1.053
2026-08-10T21:00:00,21,0,8,False,25.92,55.68,2.4,0.057,0.034,0.0,0.0,1.917,3.776,1.112,0.164,0.335,1.785,0.38,0.0,0.0,,20.0,HOLD,1.859,0.0,49.23,50.77,1.572
2026-08-10T22:00:00,22,0,8,False,24.14,56.71,1.76,0.057,0.034,0.0,0.0,1.18,3.801,1.397,0.417,0.413,1.333,0.241,0.0,0.0,,20.0,HOLD,2.621,0.0,68.96,31.04,0.968
2026-08-10T23:00:00,23,0,8,False,26.9,62.84,2.86,0.057,0.034,0.0,0.0,2.477,3.759,1.26,0.31,0.282,1.364,0.543,0.0,0.0,,20.0,HOLD,1.282,0.0,34.1,65.9,2.031
2026-08-11T00:00:00,0,1,8,False,26.65,56.76,3.26,0.145,0.087,0.0,0.0,2.847,3.987,1.268,0.523,0.157,1.615,0.424,0.0,0.0,,20.0,HOLD,1.14,0.0,28.59,71.41,2.335
2026-08-11T01:00:00,1,1,8,False,25.04,62.02,2.87,0.145,0.087,0.0,0.0,2.405,4.224,1.176,1.153,0.174,1.181,0.54,0.0,0.0,,20.0,HOLD,1.819,0.0,43.06,56.94,1.972
2026-08-11T02:00:00,2,1,8,False,25.75,60.71,3.9,0.145,0.087,0.0,0.0,4.038,3.618,1.21,0.079,0.233,1.681,0.416,0.0,0.0,,21.0,CHARGING,0.0,0.42,0.0,100.0,3.311
2026-08-11T03:00:00,3,1,8,False,24.99,58.31,3.62,0.145,0.087,0.0,0.0,3.439,3.524,0.864,0.715,0.214,1.433,0.298,0.0,0.0,,20.77,DISCHARGING,0.085,0.0,2.41,97.59,2.82
2026-08-11T04:00:00,4,1,8,False,26.4,64.13,5.6,0.145,0.087,0.0,0.0,5.024,4.121,1.266,0.459,0.179,1.675,0.541,0.0,0.0,,22.92,CHARGING,0.0,0.903,0.0,100.0,4.12
2026-08-11T05:00:00,5,1,8,False,28.1,67.09,4.77,0.145,0.087,0.0,0.0,5.178,4.365,1.041,0.983,0.206,1.657,0.479,0.0,0.0,,24.85,CHARGING,0.0,0.813,0.0,100.0,4.246
2026-08-11T06:00:00,6,1,8,False,30.1,67.92,5.44,0.145,0.087,0.0,0.0,4.975,3.041,0.886,0.805,0.221,0.762,0.367,0.0,0.0,,29.44,CHARGING,0.0,1.934,0.0,100.0,4.079
2026-08-11T07:00:00,7,1,8,False,34.3,62.91,4.48,0.145,0.087,199.46,1.668,4.884,4.902,1.203,0.27,-0.046,1.419,2.056,0.0,0.0,,33.36,CHARGING,0.0,1.65,0.0,100.0,5.373
2026-08-11T08:00:00,8,1,8,False,36.32,67.2,5.42,0.145,0.087,385.33,3.324,4.975,10.533,3.917,0.726,2.14,1.603,2.148,0.0,0.0,,27.48,DISCHARGING,2.234,0.0,21.21,78.79,6.805
2026-08-11T09:00:00,9,1,8,False,38.22,74.92,4.72,0.145,0.087,544.94,4.799,5.168,14.59,3.84,6.658,1.992,1.916,0.184,0.0,0.0,,20.0,DISCHARGING,4.623,0.0,31.69,68.31,8.173
2026-08-11T10:00:00,10,1,8,False,39.42,64.94,3.13,0.145,0.087,667.42,5.529,2.953,22.394,4.11,6.684,1.898,2.482,0.22,7.0,0.0,,20.0,HOLD,13.912,0.0,62.12,37.88,6.955
2026-08-11T11:00:00,11,1,8,False,40.04,60.65,3.01,0.145,0.087,744.41,6.232,2.523,21.74,3.748,5.867,2.012,2.683,0.43,7.0,0.0,,20.0,HOLD,12.985,0.0,59.73,40.27,7.179
2026-08-11T12:00:00,12,1,8,False,41.75,60.73,1.82,0.145,0.087,770.67,6.563,1.259,23.706,3.828,6.28,1.947,2.602,2.049,7.0,0.0,,20.0,HOLD,15.884,0.0,67.0,33.0,6.414
2026-08-11T13:00:00,13,1,8,False,39.74,60.11,2.06,0.145,0.087,744.41,6.17,1.443,24.279,4.22,6.073,2.096,2.951,1.939,7.0,0.0,,20.0,HOLD,16.666,0.0,68.64,31.36,6.243
2026-08-11T14:00:00,14,1,8,False,36.45,59.54,1.26,0.145,0.087,667.42,5.646,0.804,16.548,4.194,6.664,1.924,3.208,0.559,0.0,0.0,,20.0,HOLD,10.098,0.0,61.02,38.98,5.289
2026-08-11T15:00:00,15,1,8,False,37.31,69.1,1.96,0.145,0.087,544.94,4.658,1.363,14.36,3.875,5.292,2.007,2.894,0.292,0.0,0.0,,20.0,HOLD,8.339,0.0,58.07,41.93,4.937
2026-08-11T16:00:00,16,1,8,False,36.63,66.92,0.11,0.145,0.087,385.33,3.339,0.0,15.128,3.987,5.643,2.075,2.996,0.426,0.0,0.0,,20.0,HOLD,11.789,0.0,77.93,22.07,2.738
2026-08-11T17:00:00,17,1,8,False,34.82,55.3,0.55,0.145,0.087,199.46,1.758,0.275,15.529,3.893,6.123,2.126,3.044,0.344,0.0,0.0,,20.0,HOLD,13.496,0.0,86.91,13.09,1.667
2026-08-11T18:00:00,18,1,8,False,29.77,61.34,0.0,0.145,0.087,0.0,0.0,0.0,16.231,3.881,5.815,1.947,2.717,1.872,0.0,0.0,,20.0,HOLD,16.231,0.0,100.0,0.0,0.0
2026-08-11T19:00:00,19,1,8,False,31.56,75.29,0.95,0.145,0.087,0.0,0.0,0.624,16.395,4.278,5.876,1.96,2.37,1.909,0.0,0.0,,20.0,HOLD,15.771,0.0,96.19,3.81,0.512
2026-08-11T20:00:00,20,1,8,False,28.0,54.88,1.28,0.145,0.087,0.0,0.0,0.702,9.794,1.213,5.812,0.173,2.196,0.4,0.0,0.0,,20.0,HOLD,9.092,0.0,92.83,7.17,0.576
2026-08-11T21:00:00,21,1,8,False,26.32,64.03,2.23,0.145,0.087,0.0,0.0,1.664,4.457,1.246,0.528,0.3,1.998,0.384,0.0,0.0,,20.0,HOLD,2.793,0.0,62.67,37.33,1.364
2026-08-11T22:00:00,22,1,8,False,24.79,63.05,1.91,0.145,0.087,0.0,0.0,1.267,4.574,1.353,0.848,0.378,1.528,0.467,0.0,0.0,,20.0,HOLD,3.307,0.0,72.3,27.7,1.039
2026-08-11T23:00:00,23,1,8,False,21.41,55.61,3.15,0.145,0.087,0.0,0.0,2.823,3.281,1.076,0.372,0.152,1.374,0.307,0.0,0.0,,20.0,HOLD,0.458,0.0,13.96,86.04,2.315
2026-08-12T00:00:00,0,2,8,False,23.92,64.1,2.7,0.0,0.0,0.0,0.0,2.031,3.846,1.409,0.417,0.224,1.359,0.437,0.0,0.0,,20.0,HOLD,1.815,0.0,47.19,52.81,1.665
2026-08-12T01:00:00,1,2,8,False,28.1,57.7,3.62,0.0,0.0,0.0,0.0,3.296,4.028,1.49,0.694,0.095,1.348,0.402,0.0,0.0,,20.0,HOLD,0.732,0.0,18.17,81.83,2.703
2026-08-12T02:00:00,2,2,8,False,26.47,65.57,3.08,0.0,0.0,0.0,0.0,2.609,4.178,1.106,1.125,0.061,1.39,0.495,0.0,0.0,,20.0,HOLD,1.569,0.0,37.55,62.45,2.139
2026-08-12T03:00:00,3,2,8,False,26.67,64.82,3.78,0.0,0.0,0.0,0.0,3.709,3.604,1.078,0.463,0.228,1.303,0.533,0.0,0.0,,20.25,CHARGING,0.0,0.105,0.0,100.0,3.041
2026-08-12T04:00:00,4,2,8,False,30.55,61.78,4.54,0.0,0.0,0.0,0.0,5.038,3.685,1.511,0.079,0.168,1.575,0.351,0.0,0.0,,23.46,CHARGING,0.0,1.353,0.0,100.0,4.131
2026-08-12T05:00:00,5,2,8,False,32.6,55.92,6.24,0.0,0.0,0.0,0.0,4.925,3.494,1.161,0.532,0.295,1.367,0.138,0.0,0.0,,26.86,CHARGING,0.0,1.431,0.0,100.0,4.038
2026-08-12T06:00:00,6,2,8,False,29.59,56.72,4.18,0.0,0.0,0.0,0.0,4.161,2.524,0.958,0.321,0.088,0.817,0.34,0.0,0.0,,30.75,CHARGING,0.0,1.637,0.0,100.0,3.412
2026-08-12T07:00:00,7,2,8,False,35.1,58.21,4.14,0.0,0.0,227.44,1.943,4.293,5.369,1.169,0.915,0.085,1.257,1.942,0.0,0.0,,32.81,CHARGING,0.0,0.867,0.0,100.0,5.114
2026-08-12T08:00:00,8,2,8,False,34.16,68.66,4.68,0.0,0.0,439.37,3.744,4.987,9.331,3.738,0.162,1.921,1.551,1.959,0.0,0.0,,31.23,DISCHARGING,0.6,0.0,6.43,93.57,7.159
2026-08-12T09:00:00,9,2,8,False,37.32,56.87,3.1,0.0,0.0,621.37,5.37,2.587,14.188,3.929,6.088,1.922,2.001,0.248,0.0,0.0,,20.0,DISCHARGING,6.231,0.0,43.92,56.08,6.525
2026-08-12T10:00:00,10,2,8,False,40.26,60.28,4.29,0.0,0.0,761.02,6.576,4.414,22.007,3.876,6.412,2.184,2.146,0.389,7.0,0.0,,20.0,HOLD,11.017,0.0,50.06,49.94,9.012
2026-08-12T11:00:00,11,2,8,False,41.29,62.97,3.46,0.0,0.0,848.81,7.253,3.155,21.655,4.084,5.998,1.878,2.36,0.335,7.0,0.0,,20.0,HOLD,11.247,0.0,51.94,48.06,8.535
2026-08-12T12:00:00,12,2,8,False,41.39,63.75,3.77,0.0,0.0,878.75,7.455,3.7,23.654,4.056,6.122,2.048,2.508,1.921,7.0,0.0,,20.0,HOLD,12.499,0.0,52.84,47.16,9.147
2026-08-12T13:00:00,13,2,8,False,38.18,68.27,3.37,0.0,0.0,848.81,6.922,3.247,24.482,4.017,6.304,2.051,3.089,2.021,7.0,0.0,,20.0,HOLD,14.313,0.0,58.46,41.54,8.339
2026-08-12T14:00:00,14,2,8,False,36.88,62.58,1.92,0.0,0.0,761.02,6.495,1.391,15.029,3.987,5.821,1.891,2.909,0.42,0.0,0.0,,20.0,HOLD,7.143,0.0,47.53,52.47,6.467
2026-08-12T15:00:00,15,2,8,False,34.72,50.02,0.96,0.0,0.0,621.37,5.309,0.591,15.89,3.763,6.211,2.285,3.218,0.413,0.0,0.0,,20.0,HOLD,9.99,0.0,62.87,37.13,4.838
2026-08-12T16:00:00,16,2,8,False,37.29,52.13,0.17,0.0,0.0,439.37,3.762,0.076,15.446,4.219,5.829,2.019,2.992,0.387,0.0,0.0,,20.0,HOLD,11.608,0.0,75.15,24.85,3.147
2026-08-12T17:00:00,17,2,8,False,33.96,61.4,0.38,0.0,0.0,227.44,1.981,0.075,15.636,4.133,6.308,2.068,2.717,0.41,0.0,0.0,,20.0,HOLD,13.58,0.0,86.85,13.15,1.686
2026-08-12T18:00:00,18,2,8,False,30.63,55.46,1.08,0.0,0.0,0.0,0.0,0.637,17.348,4.231,6.316,1.973,2.655,2.174,0.0,0.0,,20.0,HOLD,16.711,0.0,96.33,3.67,0.522
2026-08-12T19:00:00,19,2,8,False,29.68,65.04,0.0,0.0,0.0,0.0,0.0,0.151,16.415,4.049,5.994,2.153,2.278,1.941,0.0,0.0,,20.0,HOLD,16.264,0.0,99.08,0.92,0.124
2026-08-12T20:00:00,20,2,8,False,26.67,64.37,0.0,0.0,0.0,0.0,0.0,0.091,10.159,1.278,6.182,0.154,2.135,0.409,0.0,0.0,,20.0,HOLD,10.068,0.0,99.1,0.9,0.075
2026-08-12T21:00:00,21,2,8,False,27.72,56.49,1.55,0.0,0.0,0.0,0.0,0.981,4.157,1.089,0.578,0.176,1.883,0.429,0.0,0.0,,20.0,HOLD,3.176,0.0,76.4,23.6,0.804
2026-08-12T22:00:00,22,2,8,False,25.9,63.79,3.57,0.0,0.0,0.0,0.0,3.294,4.006,0.88,0.596,0.286,1.723,0.521,0.0,0.0,,20.0,HOLD,0.712,0.0,17.77,82.23,2.701
2026-08-12T23:00:00,23,2,8,False,20.47,61.68,3.48,0.0,0.0,0.0,0.0,3.325,3.83,1.234,0.714,0.3,1.329,0.253,0.0,0.0,,20.0,HOLD,0.505,0.0,13.19,86.81,2.726
2026-08-13T00:00:00,0,3,8,False,23.79,68.34,1.71,0.255,0.153,0.0,0.0,0.99,3.473,1.066,0.335,0.155,1.562,0.356,0.0,0.0,,20.0,HOLD,2.483,0.0,71.49,28.51,0.812
2026-08-13T01:00:00,1,3,8,False,25.25,70.6,4.37,0.255,0.153,0.0,0.0,4.706,4.432,1.493,1.066,0.184,1.387,0.302,0.0,0.0,,20.65,CHARGING,0.0,0.274,0.0,100.0,3.859
2026-08-13T02:00:00,2,3,8,False,23.42,69.33,4.01,0.255,0.153,0.0,0.0,3.965,3.944,1.192,0.569,0.136,1.61,0.436,0.0,0.0,,20.7,CHARGING,0.0,0.021,0.0,100.0,3.251
2026-08-13T03:00:00,3,3,8,False,26.56,68.17,4.7,0.255,0.153,0.0,0.0,4.916,4.182,1.379,0.677,0.157,1.535,0.434,0.0,0.0,,22.44,CHARGING,0.0,0.734,0.0,100.0,4.031
2026-08-13T04:00:00,4,3,8,False,29.62,71.72,3.9,0.255,0.153,0.0,0.0,3.793,3.618,1.093,0.3,0.026,1.602,0.598,0.0,0.0,,22.86,CHARGING,0.0,0.175,0.0,100.0,3.11
2026-08-13T05:00:00,5,3,8,False,27.5,68.85,4.17,0.255,0.153,0.0,0.0,4.343,3.211,1.18,0.426,0.177,1.143,0.286,0.0,0.0,,25.55,CHARGING,0.0,1.132,0.0,100.0,3.561
2026-08-13T06:00:00,6,3,8,False,33.42,72.13,5.95,0.255,0.153,0.0,0.0,4.774,3.913,1.073,0.997,0.362,1.104,0.376,0.0,0.0,,27.59,CHARGING,0.0,0.861,0.0,100.0,3.915
2026-08-13T07:00:00,7,3,8,False,32.11,65.17,4.9,0.255,0.153,178.18,1.607,5.023,5.352,1.203,0.622,0.24,1.359,1.928,0.0,0.0,,30.63,CHARGING,0.0,1.278,0.0,100.0,5.437
2026-08-13T08:00:00,8,3,8,False,34.41,56.89,5.83,0.255,0.153,344.23,3.079,4.809,10.238,3.883,0.892,2.0,1.421,2.043,0.0,0.0,,24.44,DISCHARGING,2.35,0.0,22.95,77.05,6.468
2026-08-13T09:00:00,9,3,8,False,37.76,61.98,4.24,0.255,0.153,486.81,4.155,4.309,14.824,4.487,5.928,1.963,1.869,0.578,0.0,0.0,,20.0,DISCHARGING,6.36,0.0,42.9,57.1,6.94
2026-08-13T10:00:00,10,3,8,False,36.47,63.9,4.29,0.255,0.153,596.22,4.974,4.357,21.756,4.063,5.741,2.026,2.509,0.417,7.0,0.0,,20.0,HOLD,12.425,0.0,57.11,42.89,7.651
2026-08-13T11:00:00,11,3,8,False,37.55,63.67,2.84,0.255,0.153,664.99,5.645,2.408,22.433,4.062,6.519,2.0,2.336,0.515,7.0,0.0,,20.0,HOLD,14.38,0.0,64.1,35.9,6.603
2026-08-13T12:00:00,12,3,8,False,41.89,63.86,3.19,0.255,0.153,688.45,5.849,2.822,23.709,3.589,6.169,2.089,2.935,1.927,7.0,0.0,,20.0,HOLD,15.038,0.0,63.43,36.57,7.11
2026-08-13T13:00:00,13,3,8,False,40.07,65.52,2.68,0.255,0.153,664.99,5.637,2.198,24.129,4.042,6.222,2.122,2.76,1.983,7.0,0.0,,20.0,HOLD,16.294,0.0,67.53,32.47,6.425
2026-08-13T14:00:00,14,3,8,False,38.29,57.02,1.55,0.255,0.153,596.22,5.083,1.01,15.546,3.969,5.997,2.042,3.18,0.358,0.0,0.0,,20.0,HOLD,9.453,0.0,60.81,39.19,4.996
2026-08-13T15:00:00,15,3,8,False,35.9,74.51,1.51,0.255,0.153,486.81,4.093,0.996,15.027,4.232,5.29,2.041,3.091,0.373,0.0,0.0,,20.0,HOLD,9.938,0.0,66.13,33.87,4.173
2026-08-13T16:00:00,16,3,8,False,35.03,63.45,0.8,0.255,0.153,344.23,2.956,0.306,15.393,3.931,6.357,1.879,2.706,0.521,0.0,0.0,,20.0,HOLD,12.131,0.0,78.81,21.19,2.675
2026-08-13T17:00:00,17,3,8,False,33.78,64.54,0.76,0.255,0.153,178.18,1.554,0.277,14.841,4.101,5.711,1.97,2.541,0.517,0.0,0.0,,20.0,HOLD,13.01,0.0,87.66,12.34,1.501
2026-08-13T18:00:00,18,3,8,False,31.74,67.48,1.54,0.255,0.153,0.0,0.0,0.951,16.308,4.078,5.712,1.883,2.703,1.932,0.0,0.0,,20.0,HOLD,15.357,0.0,94.17,5.83,0.78
2026-08-13T19:00:00,19,3,8,False,32.07,61.51,1.37,0.255,0.153,0.0,0.0,0.814,16.16,3.986,6.082,2.007,2.3,1.785,0.0,0.0,,20.0,HOLD,15.346,0.0,94.96,5.04,0.667
2026-08-13T20:00:00,20,3,8,False,27.44,63.28,1.72,0.255,0.153,0.0,0.0,1.12,10.593,1.471,6.346,0.305,2.069,0.402,0.0,0.0,,20.0,HOLD,9.473,0.0,89.43,10.57,0.918
2026-08-13T21:00:00,21,3,8,False,28.18,67.87,1.8,0.255,0.153,0.0,0.0,1.403,3.083,1.042,0.002,0.165,1.583,0.291,0.0,0.0,,20.0,HOLD,1.68,0.0,54.49,45.51,1.15
2026-08-13T22:00:00,22,3,8,False,28.91,57.96,1.7,0.255,0.153,0.0,0.0,1.015,4.039,1.373,0.333,0.227,1.446,0.66,0.0,0.0,,20.0,HOLD,3.024,0.0,74.87,25.13,0.832
2026-08-13T23:00:00,23,3,8,False,25.03,63.63,2.37,0.255,0.153,0.0,0.0,1.744,3.519,1.042,1.103,0.145,0.945,0.283,0.0,0.0,,20.0,HOLD,1.775,0.0,50.44,49.56,1.43
2026-08-14T00:00:00,0,4,8,False,25.39,62.16,2.8,0.141,0.085,0.0,0.0,2.263,3.801,1.326,0.4,0.258,1.441,0.376,0.0,0.0,,20.0,HOLD,1.538,0.0,40.46,59.54,1.856
2026-08-14T01:00:00,1,4,8,False,25.5,62.0,4.12,0.141,0.085,0.0,0.0,4.335,4.0,1.318,0.483,0.135,1.654,0.412,0.0,0.0,,20.8,CHARGING,0.0,0.335,0.0,100.0,3.555
2026-08-14T02:00:00,2,4,8,False,24.83,64.52,4.09,0.141,0.085,0.0,0.0,4.259,4.519,1.452,0.76,0.337,1.501,0.469,0.0,0.0,,20.11,DISCHARGING,0.26,0.0,5.75,94.25,3.492
2026-08-14T03:00:00,3,4,8,False,27.85,67.41,5.23,0.141,0.085,0.0,0.0,5.196,3.47,1.092,0.553,0.179,1.445,0.201,0.0,0.0,,24.21,CHARGING,0.0,1.726,0.0,100.0,4.261
2026-08-14T04:00:00,4,4,8,False,30.06,63.68,3.91,0.141,0.085,0.0,0.0,3.93,3.259,1.043,0.259,0.219,1.395,0.343,0.0,0.0,,25.8,CHARGING,0.0,0.671,0.0,100.0,3.223
2026-08-14T05:00:00,5,4,8,False,30.19,58.74,5.57,0.141,0.085,0.0,0.0,5.002,4.409,1.308,1.039,0.093,1.452,0.518,0.0,0.0,,27.21,CHARGING,0.0,0.593,0.0,100.0,4.102
2026-08-14T06:00:00,6,4,8,False,34.96,59.13,4.21,0.141,0.085,0.0,0.0,4.254,3.33,1.048,0.673,0.355,0.704,0.55,0.0,0.0,,29.41,CHARGING,0.0,0.924,0.0,100.0,3.488
2026-08-14T07:00:00,7,4,8,False,33.21,70.78,5.21,0.141,0.085,200.11,1.753,4.97,5.464,1.344,0.548,0.252,1.234,2.086,0.0,0.0,,32.4,CHARGING,0.0,1.259,0.0,100.0,5.513
2026-08-14T08:00:00,8,4,8,False,33.91,55.78,3.92,0.141,0.085,386.58,3.351,3.729,9.618,3.862,0.268,2.148,1.47,1.871,0.0,0.0,,25.72,DISCHARGING,2.538,0.0,26.39,73.61,5.806
2026-08-14T09:00:00,9,4,8,False,38.03,62.25,5.76,0.141,0.085,546.7,4.66,5.129,14.527,4.176,6.128,1.942,2.018,0.264,0.0,0.0,,20.0,DISCHARGING,4.738,0.0,32.62,67.38,8.027
2026-08-14T10:00:00,10,4,8,False,37.99,69.34,5.15,0.141,0.085,669.57,5.763,4.807,20.975,3.758,5.796,1.983,2.062,0.375,7.0,0.0,,20.0,HOLD,10.405,0.0,49.61,50.39,8.667
2026-08-14T11:00:00,11,4,8,False,42.38,63.92,3.84,0.141,0.085,746.81,6.127,3.596,21.128,3.754,5.496,2.008,2.566,0.303,7.0,0.0,,20.0,HOLD,11.405,0.0,53.98,46.02,7.973
2026-08-14T12:00:00,12,4,8,False,40.22,72.62,4.18,0.141,0.085,773.15,6.635,4.248,24.239,4.148,6.406,1.799,2.941,1.946,7.0,0.0,,20.0,HOLD,13.356,0.0,55.1,44.9,8.924
2026-08-14T13:00:00,13,4,8,False,38.92,64.43,2.2,0.141,0.085,746.81,6.206,1.601,24.103,4.105,6.066,2.038,2.825,2.069,7.0,0.0,,20.0,HOLD,16.296,0.0,67.61,32.39,6.402
2026-08-14T14:00:00,14,4,8,False,40.51,64.97,2.8,0.141,0.085,669.57,5.758,2.426,16.097,4.535,6.365,1.991,2.831,0.374,0.0,0.0,,20.0,HOLD,7.913,0.0,49.16,50.84,6.711
2026-08-14T15:00:00,15,4,8,False,37.16,59.33,1.99,0.141,0.085,546.7,4.793,1.27,14.696,3.673,5.959,1.916,2.811,0.336,0.0,0.0,,20.0,HOLD,8.633,0.0,58.74,41.26,4.972
2026-08-14T16:00:00,16,4,8,False,34.86,59.73,1.28,0.141,0.085,386.58,3.306,0.72,16.042,4.203,6.441,2.015,3.002,0.382,0.0,0.0,,20.0,HOLD,12.016,0.0,74.9,25.1,3.301
2026-08-14T17:00:00,17,4,8,False,34.79,69.46,1.38,0.141,0.085,200.11,1.665,0.787,15.125,4.068,5.992,1.906,2.678,0.481,0.0,0.0,,20.0,HOLD,12.673,0.0,83.79,16.21,2.011
2026-08-14T18:00:00,18,4,8,False,30.86,67.11,0.0,0.141,0.085,0.0,0.0,0.0,16.225,3.817,5.966,2.122,2.476,1.844,0.0,0.0,,20.0,HOLD,16.225,0.0,100.0,0.0,0.0
2026-08-14T19:00:00,19,4,8,False,28.99,60.35,1.05,0.141,0.085,0.0,0.0,0.644,16.632,4.056,6.168,2.027,2.51,1.871,0.0,0.0,,20.0,HOLD,15.988,0.0,96.13,3.87,0.528
2026-08-14T20:00:00,20,4,8,False,26.46,62.08,0.19,0.141,0.085,0.0,0.0,0.0,9.489,1.215,5.737,0.093,2.156,0.288,0.0,0.0,,20.0,HOLD,9.489,0.0,100.0,0.0,0.0
2026-08-14T21:00:00,21,4,8,False,27.25,66.9,1.45,0.141,0.085,0.0,0.0,0.834,4.691,1.575,0.113,0.328,2.198,0.477,0.0,0.0,,20.0,HOLD,3.857,0.0,82.22,17.78,0.684
2026-08-14T22:00:00,22,4,8,False,24.58,61.22,3.14,0.141,0.085,0.0,0.0,2.745,3.612,1.086,0.316,0.311,1.502,0.397,0.0,0.0,,20.0,HOLD,0.867,0.0,24.0,76.0,2.251
2026-08-14T23:00:00,23,4,8,False,22.11,57.05,2.51,0.141,0.085,0.0,0.0,1.974,4.006,1.411,0.732,0.251,1.245,0.366,0.0,0.0,,20.0,HOLD,2.032,0.0,50.72,49.28,1.619
2026-08-15T00:00:00,0,5,8,True,25.19,73.03,2.55,0.443,0.266,0.0,0.0,1.951,2.01,-0.139,0.136,0.053,1.43,0.53,0.0,0.0,,20.0,HOLD,0.059,0.0,2.94,97.06,1.6
2026-08-15T01:00:00,1,5,8,True,22.7,66.69,4.58,0.443,0.266,0.0,0.0,4.829,2.278,-0.029,0.027,0.131,1.701,0.447,0.0,0.0,,26.06,CHARGING,0.0,2.551,0.0,100.0,3.96
2026-08-15T02:00:00,2,5,8,True,26.62,72.13,2.95,0.443,0.266,0.0,0.0,2.396,2.717,0.048,0.369,0.205,1.608,0.487,0.0,0.0,,25.21,DISCHARGING,0.321,0.0,11.81,88.19,1.965
2026-08-15T03:00:00,3,5,8,True,28.55,76.36,3.46,0.443,0.266,0.0,0.0,3.184,1.909,-0.334,-0.115,0.154,1.802,0.402,0.0,0.0,,28.24,CHARGING,0.0,1.275,0.0,100.0,2.611
2026-08-15T04:00:00,4,5,8,True,27.07,62.24,4.18,0.443,0.266,0.0,0.0,4.27,2.946,0.42,0.488,0.283,1.464,0.291,0.0,0.0,,31.39,CHARGING,0.0,1.324,0.0,100.0,3.501
2026-08-15T05:00:00,5,5,8,True,28.62,73.41,3.84,0.443,0.266,0.0,0.0,3.852,2.246,0.027,0.212,0.083,1.545,0.378,0.0,0.0,,35.2,CHARGING,0.0,1.606,0.0,100.0,3.159
2026-08-15T06:00:00,6,5,8,True,33.35,71.93,4.43,0.443,0.266,0.0,0.0,4.686,2.444,0.157,0.472,0.39,0.956,0.47,0.0,0.0,,40.53,CHARGING,0.0,2.242,0.0,100.0,3.843
2026-08-15T07:00:00,7,5,8,True,34.02,62.81,4.31,0.443,0.266,141.85,1.262,4.377,3.974,0.149,0.425,0.292,1.187,1.921,0.0,0.0,,44.48,CHARGING,0.0,1.665,0.0,100.0,4.624
2026-08-15T08:00:00,8,5,8,True,36.57,62.7,4.5,0.443,0.266,274.04,2.443,4.691,5.564,-0.199,0.227,2.125,1.293,2.117,0.0,0.0,,48.21,CHARGING,0.0,1.57,0.0,100.0,5.85
2026-08-15T09:00:00,9,5,8,True,36.29,65.47,4.63,0.443,0.266,387.55,3.463,4.987,7.198,-0.142,2.91,2.009,1.977,0.444,0.0,0.0,,51.18,CHARGING,0.0,1.252,0.0,100.0,6.929
2026-08-15T10:00:00,10,5,8,True,38.93,67.15,2.9,0.443,0.266,474.65,4.083,2.4,14.777,0.135,3.01,1.978,2.429,0.226,7.0,0.0,,29.36,DISCHARGING,8.294,0.0,56.13,43.87,5.316
2026-08-15T11:00:00,11,5,8,True,38.71,78.0,4.5,0.443,0.266,529.4,4.709,4.784,15.513,0.092,3.245,2.128,2.556,0.493,7.0,0.0,,20.0,DISCHARGING,6.02,0.0,38.81,61.19,7.784
2026-08-15T12:00:00,12,5,8,True,40.69,64.26,3.42,0.443,0.266,548.07,4.593,3.107,15.914,-0.238,2.505,1.958,2.679,2.011,7.0,0.0,,20.0,HOLD,8.214,0.0,51.61,48.39,6.314
2026-08-15T13:00:00,13,5,8,True,40.56,67.57,2.63,0.443,0.266,529.4,4.386,2.224,16.541,-0.02,2.87,1.981,2.763,1.947,7.0,0.0,,20.0,HOLD,9.931,0.0,60.04,39.96,5.42
2026-08-15T14:00:00,14,5,8,True,38.08,72.13,1.77,0.443,0.266,474.65,4.081,1.332,9.286,0.242,3.587,2.056,3.05,0.351,0.0,0.0,,20.0,HOLD,3.873,0.0,41.71,58.29,4.439
2026-08-15T15:00:00,15,5,8,True,38.9,61.5,1.06,0.443,0.266,387.55,3.395,0.421,8.579,0.088,2.736,2.113,3.189,0.453,0.0,0.0,,20.0,HOLD,4.763,0.0,55.52,44.48,3.129
2026-08-15T16:00:00,16,5,8,True,37.87,80.03,1.27,0.443,0.266,274.04,2.374,0.629,8.101,0.014,2.954,1.975,2.72,0.439,0.0,0.0,,20.0,HOLD,5.098,0.0,62.93,37.07,2.462
2026-08-15T17:00:00,17,5,8,True,31.99,67.13,0.0,0.443,0.266,141.85,1.222,0.0,7.324,-0.621,2.745,1.983,2.778,0.439,0.0,0.0,,20.0,HOLD,6.102,0.0,83.32,16.68,1.002
2026-08-15T18:00:00,18,5,8,True,34.09,73.99,1.41,0.443,0.266,0.0,0.0,0.738,9.996,0.088,3.299,1.956,2.6,2.053,0.0,0.0,,20.0,HOLD,9.258,0.0,92.62,7.38,0.605
2026-08-15T19:00:00,19,5,8,True,27.71,65.52,0.2,0.443,0.266,0.0,0.0,0.066,9.34,0.206,2.723,1.902,2.587,1.92,0.0,0.0,,20.0,HOLD,9.274,0.0,99.29,0.71,0.054
2026-08-15T20:00:00,20,5,8,True,27.09,70.31,0.0,0.443,0.266,0.0,0.0,0.0,5.63,0.204,2.982,0.023,2.116,0.304,0.0,0.0,,20.0,HOLD,5.63,0.0,100.0,0.0,0.0
2026-08-15T21:00:00,21,5,8,True,25.87,78.1,1.92,0.443,0.266,0.0,0.0,1.283,2.119,-0.179,-0.08,0.21,1.95,0.219,0.0,0.0,,20.0,HOLD,0.836,0.0,39.45,60.55,1.052
2026-08-15T22:00:00,22,5,8,True,25.1,68.91,1.04,0.443,0.266,0.0,0.0,0.573,2.533,0.036,0.141,0.207,1.703,0.446,0.0,0.0,,20.0,HOLD,1.96,0.0,77.38,22.62,0.47
2026-08-15T23:00:00,23,5,8,True,24.12,62.27,2.66,0.443,0.266,0.0,0.0,2.235,2.562,0.168,0.328,0.348,1.341,0.377,0.0,0.0,,20.0,HOLD,0.327,0.0,12.76,87.24,1.833
2026-08-16T00:00:00,0,6,8,True,22.17,72.39,4.15,0.427,0.256,0.0,0.0,4.445,1.674,-0.257,-0.085,-0.086,1.638,0.466,0.0,0.0,,26.58,CHARGING,0.0,2.771,0.0,100.0,3.645
2026-08-16T01:00:00,1,6,8,True,24.42,68.09,2.54,0.427,0.256,0.0,0.0,2.098,2.882,0.055,0.499,0.188,1.677,0.463,0.0,0.0,,24.52,DISCHARGING,0.784,0.0,27.2,72.8,1.72
2026-08-16T02:00:00,2,6,8,True,23.29,74.66,5.11,0.427,0.256,0.0,0.0,5.028,2.404,0.332,-0.19,0.324,1.429,0.51,0.0,0.0,,30.75,CHARGING,0.0,2.624,0.0,100.0,4.123
2026-08-16T03:00:00,3,6,8,True,26.52,66.05,3.42,0.427,0.256,0.0,0.0,3.141,2.2,-0.124,0.112,0.264,1.763,0.186,0.0,0.0,,32.98,CHARGING,0.0,0.941,0.0,100.0,2.576
2026-08-16T04:00:00,4,6,8,True,32.2,71.44,4.9,0.427,0.256,0.0,0.0,5.0,2.066,0.039,-0.015,0.119,1.678,0.245,0.0,0.0,,39.95,CHARGING,0.0,2.934,0.0,100.0,4.1
2026-08-16T05:00:00,5,6,8,True,30.59,63.73,4.64,0.427,0.256,0.0,0.0,4.895,2.058,-0.226,0.244,0.123,1.501,0.416,0.0,0.0,,46.69,CHARGING,0.0,2.837,0.0,100.0,4.014
2026-08-16T06:00:00,6,6,8,True,32.35,65.02,4.9,0.427,0.256,0.0,0.0,4.989,2.419,-0.099,0.744,0.188,1.064,0.523,0.0,0.0,,52.79,CHARGING,0.0,2.57,0.0,100.0,4.091
2026-08-16T07:00:00,7,6,8,True,36.0,68.53,5.48,0.427,0.256,144.94,1.245,4.976,3.683,-0.433,0.516,0.224,1.388,1.988,0.0,0.0,,58.82,CHARGING,0.0,2.538,0.0,100.0,5.101
2026-08-16T08:00:00,8,6,8,True,37.0,62.69,3.63,0.427,0.256,280.0,2.28,3.445,5.319,-0.155,0.029,2.033,1.554,1.857,0.0,0.0,,59.79,CHARGING,0.0,0.406,0.0,100.0,4.694
2026-08-16T09:00:00,9,6,8,True,41.47,63.12,4.38,0.427,0.256,395.98,3.284,4.573,7.933,-0.035,3.391,1.992,2.228,0.357,0.0,0.0,,59.59,DISCHARGING,0.076,0.0,0.96,99.04,6.443
2026-08-16T10:00:00,10,6,8,True,39.57,74.51,4.82,0.427,0.256,484.97,4.218,4.973,14.139,-0.001,2.256,1.98,2.414,0.49,7.0,0.0,,46.57,DISCHARGING,4.948,0.0,35.0,65.0,7.537
2026-08-16T11:00:00,11,6,8,True,39.6,66.61,4.88,0.427,0.256,540.92,4.518,4.953,14.95,-0.224,3.187,2.029,2.6,0.359,7.0,0.0,,32.15,DISCHARGING,5.479,0.0,36.65,63.35,7.766
2026-08-16T12:00:00,12,6,8,True,39.91,70.42,1.26,0.427,0.256,560.0,4.749,0.595,16.671,-0.021,2.923,2.176,2.559,2.033,7.0,0.0,,20.0,DISCHARGING,11.327,0.0,67.94,32.06,4.382
2026-08-16T13:00:00,13,6,8,True,38.09,69.92,2.04,0.427,0.256,540.92,4.594,1.452,16.825,0.067,2.852,2.088,2.828,1.99,7.0,0.0,,20.0,HOLD,10.779,0.0,64.07,35.93,4.958
2026-08-16T14:00:00,14,6,8,True,39.47,71.76,2.18,0.427,0.256,484.97,4.138,1.658,7.765,-0.065,2.679,1.857,2.717,0.576,0.0,0.0,,20.0,HOLD,1.969,0.0,25.36,74.64,4.753
2026-08-16T15:00:00,15,6,8,True,34.34,64.43,2.54,0.427,0.256,395.98,3.512,1.805,8.616,-0.047,3.436,2.071,2.949,0.206,0.0,0.0,,20.0,HOLD,3.299,0.0,38.29,61.71,4.36
2026-08-16T16:00:00,16,6,8,True,34.02,66.79,2.38,0.427,0.256,280.0,2.426,1.863,8.174,-0.261,3.122,1.958,3.012,0.342,0.0,0.0,,20.0,HOLD,3.885,0.0,47.53,52.47,3.517
2026-08-16T17:00:00,17,6,8,True,31.71,71.74,0.73,0.427,0.256,144.94,1.279,0.313,8.421,0.18,2.939,2.006,2.801,0.496,0.0,0.0,,20.0,HOLD,6.829,0.0,81.09,18.91,1.305
2026-08-16T18:00:00,18,6,8,True,32.44,61.09,0.55,0.427,0.256,0.0,0.0,0.132,10.707,0.014,3.706,2.08,2.96,1.946,0.0,0.0,,20.0,HOLD,10.575,0.0,98.77,1.23,0.108
2026-08-16T19:00:00,19,6,8,True,31.54,70.36,1.09,0.427,0.256,0.0,0.0,0.541,9.349,0.004,2.729,2.089,2.425,2.102,0.0,0.0,,20.0,HOLD,8.808,0.0,94.21,5.79,0.444
2026-08-16T20:00:00,20,6,8,True,25.53,65.32,1.71,0.427,0.256,0.0,0.0,1.114,5.563,-0.107,2.884,0.115,2.376,0.295,0.0,0.0,,20.0,HOLD,4.449,0.0,79.97,20.03,0.913
2026-08-16T21:00:00,21,6,8,True,25.94,76.6,1.86,0.427,0.256,0.0,0.0,1.246,2.035,0.055,-0.322,0.08,1.894,0.329,0.0,0.0,,20.0,HOLD,0.789,0.0,38.77,61.23,1.022
2026-08-16T22:00:00,22,6,8,True,22.67,69.83,2.69,0.427,0.256,0.0,0.0,2.132,2.649,0.016,0.454,0.174,1.685,0.32,0.0,0.0,,20.0,HOLD,0.517,0.0,19.52,80.48,1.748
2026-08-16T23:00:00,23,6,8,True,24.42,74.69,3.4,0.427,0.256,0.0,0.0,3.158,1.637,0.006,0.165,0.019,1.063,0.383,0.0,0.0,,23.61,CHARGING,0.0,1.521,0.0,100.0,2.59
2026-08-17T00:00:00,0,0,8,False,23.84,66.57,4.13,0.0,0.0,0.0,0.0,4.278,4.227,1.105,0.805,0.281,1.686,0.351,0.0,0.0,,23.73,CHARGING,0.0,0.051,0.0,100.0,3.508
2026-08-17T01:00:00,1,0,8,False,25.79,66.48,2.02,0.0,0.0,0.0,0.0,1.434,3.519,0.793,0.483,0.336,1.436,0.471,0.0,0.0,,20.0,DISCHARGING,2.085,0.0,59.25,40.75,1.176
2026-08-17T02:00:00,2,0,8,False,25.12,60.96,4.85,0.0,0.0,0.0,0.0,5.006,4.812,1.52,0.749,0.188,1.838,0.516,0.0,0.0,,20.46,CHARGING,0.0,0.194,0.0,100.0,4.105
2026-08-17T03:00:00,3,0,8,False,27.57,63.65,4.67,0.0,0.0,0.0,0.0,4.782,3.696,1.279,0.552,0.15,1.471,0.244,0.0,0.0,,23.04,CHARGING,0.0,1.086,0.0,100.0,3.921
2026-08-17T04:00:00,4,0,8,False,25.29,62.31,5.73,0.0,0.0,0.0,0.0,4.942,4.138,1.376,0.516,0.325,1.657,0.264,0.0,0.0,,24.95,CHARGING,0.0,0.804,0.0,100.0,4.052
2026-08-17T05:00:00,5,0,8,False,29.71,53.05,4.57,0.0,0.0,0.0,0.0,4.81,4.113,1.072,0.685,0.304,1.577,0.475,0.0,0.0,,26.6,CHARGING,0.0,0.697,0.0,100.0,3.944
2026-08-17T06:00:00,6,0,8,False,31.6,59.26,5.48,0.0,0.0,0.0,0.0,5.19,2.127,0.734,0.038,0.238,0.86,0.256,0.0,0.0,,33.88,CHARGING,0.0,3.063,0.0,100.0,4.256
2026-08-17T07:00:00,7,0,8,False,32.49,64.46,4.19,0.0,0.0,227.44,2.034,4.456,4.628,0.882,0.19,0.056,1.458,2.042,0.0,0.0,,38.3,CHARGING,0.0,1.862,0.0,100.0,5.322
2026-08-17T08:00:00,8,0,8,False,36.12,59.72,4.92,0.0,0.0,439.37,3.694,5.051,9.837,3.963,0.24,2.057,1.554,2.023,0.0,0.0,,35.43,DISCHARGING,1.092,0.0,11.1,88.9,7.171
2026-08-17T09:00:00,9,0,8,False,37.47,61.1,5.13,0.0,0.0,621.37,5.219,5.032,14.652,4.071,6.153,2.104,1.858,0.467,0.0,0.0,,23.85,DISCHARGING,4.401,0.0,30.04,69.96,8.406
2026-08-17T10:00:00,10,0,8,False,36.34,58.63,3.9,0.0,0.0,761.02,6.728,3.841,21.328,4.122,5.471,1.965,2.123,0.648,7.0,0.0,,20.0,DISCHARGING,10.759,0.0,50.45,49.55,8.667
2026-08-17T11:00:00,11,0,8,False,38.73,60.63,3.58,0.0,0.0,848.81,6.99,3.329,21.802,4.081,6.026,1.77,2.424,0.502,7.0,0.0,,20.0,HOLD,11.483,0.0,52.67,47.33,8.462
2026-08-17T12:00:00,12,0,8,False,40.88,55.07,3.97,0.0,0.0,878.75,7.596,3.957,23.916,4.318,6.001,1.795,2.846,1.956,7.0,0.0,,20.0,HOLD,12.363,0.0,51.69,48.31,9.473
2026-08-17T13:00:00,13,0,8,False,39.16,68.11,1.32,0.0,0.0,848.81,7.131,0.916,23.623,3.914,5.722,2.132,2.862,1.994,7.0,0.0,,20.0,HOLD,15.576,0.0,65.94,34.06,6.599
2026-08-17T14:00:00,14,0,8,False,37.01,62.14,1.63,0.0,0.0,761.02,6.351,0.99,15.338,3.916,6.02,2.148,2.923,0.331,0.0,0.0,,20.0,HOLD,7.997,0.0,52.14,47.86,6.02
2026-08-17T15:00:00,15,0,8,False,41.78,59.05,1.24,0.0,0.0,621.37,5.18,0.662,15.998,4.016,6.276,2.04,3.162,0.504,0.0,0.0,,20.0,HOLD,10.156,0.0,63.48,36.52,4.79
2026-08-17T16:00:00,16,0,8,False,36.31,65.54,1.57,0.0,0.0,439.37,3.692,1.232,14.959,3.897,5.895,1.879,2.791,0.497,0.0,0.0,,20.0,HOLD,10.035,0.0,67.08,32.92,4.038
2026-08-17T17:00:00,17,0,8,False,37.48,61.74,0.61,0.0,0.0,227.44,1.953,0.341,16.292,4.444,6.456,1.976,2.953,0.463,0.0,0.0,,20.0,HOLD,13.998,0.0,85.92,14.08,1.881
2026-08-17T18:00:00,18,0,8,False,31.97,56.01,0.12,0.0,0.0,0.0,0.0,0.147,16.575,3.958,6.078,2.12,2.463,1.955,0.0,0.0,,20.0,HOLD,16.428,0.0,99.11,0.89,0.121
2026-08-17T19:00:00,19,0,8,False,32.96,54.35,1.31,0.0,0.0,0.0,0.0,0.85,15.777,3.491,6.053,1.963,2.262,2.008,0.0,0.0,,20.0,HOLD,14.927,0.0,94.61,5.39,0.697
2026-08-17T20:00:00,20,0,8,False,27.8,58.26,1.25,0.0,0.0,0.0,0.0,0.552,10.078,1.062,6.258,0.223,2.239,0.296,0.0,0.0,,20.0,HOLD,9.526,0.0,94.52,5.48,0.453
2026-08-17T21:00:00,21,0,8,False,25.78,62.52,2.18,0.0,0.0,0.0,0.0,1.343,3.999,1.065,0.455,0.109,1.888,0.482,0.0,0.0,,20.0,HOLD,2.656,0.0,66.42,33.58,1.101
2026-08-17T22:00:00,22,0,8,False,25.02,52.46,2.79,0.0,0.0,0.0,0.0,2.138,3.91,1.115,0.286,0.328,1.68,0.501,0.0,0.0,,20.0,HOLD,1.772,0.0,45.32,54.68,1.753
2026-08-17T23:00:00,23,0,8,False,23.63,54.74,1.67,0.0,0.0,0.0,0.0,1.257,3.814,1.282,0.488,0.181,1.26,0.603,0.0,0.0,,20.0,HOLD,2.557,0.0,67.04,32.96,1.031
2026-08-18T00:00:00,0,1,8,False,25.85,60.56,3.21,0.001,0.0,0.0,0.0,2.922,3.766,1.117,0.347,0.303,1.503,0.495,0.0,0.0,,20.0,HOLD,0.844,0.0,22.41,77.59,2.396
2026-08-18T01:00:00,1,1,8,False,26.74,61.81,3.93,0.001,0.0,0.0,0.0,3.922,3.483,0.982,0.516,0.355,1.306,0.325,0.0,0.0,,21.04,CHARGING,0.0,0.439,0.0,100.0,3.216
2026-08-18T02:00:00,2,1,8,False,26.73,59.46,3.78,0.001,0.0,0.0,0.0,3.607,3.217,0.906,0.183,0.258,1.539,0.331,0.0,0.0,,21.97,CHARGING,0.0,0.39,0.0,100.0,2.958
2026-08-18T03:00:00,3,1,8,False,24.6,65.6,4.2,0.001,0.0,0.0,0.0,4.234,3.925,0.962,0.49,0.234,1.817,0.422,0.0,0.0,,22.7,CHARGING,0.0,0.309,0.0,100.0,3.472
2026-08-18T04:00:00,4,1,8,False,27.92,63.5,5.42,0.001,0.0,0.0,0.0,5.23,4.226,1.195,0.671,0.255,1.552,0.553,0.0,0.0,,25.09,CHARGING,0.0,1.004,0.0,100.0,4.289
2026-08-18T05:00:00,5,1,8,False,29.04,60.84,5.56,0.001,0.0,0.0,0.0,4.979,4.097,1.13,0.82,0.236,1.377,0.535,0.0,0.0,,27.18,CHARGING,0.0,0.882,0.0,100.0,4.083
2026-08-18T06:00:00,6,1,8,False,33.1,57.67,4.94,0.001,0.0,0.0,0.0,5.066,2.826,0.881,0.713,0.265,0.547,0.42,0.0,0.0,,32.5,CHARGING,0.0,2.24,0.0,100.0,4.154
2026-08-18T07:00:00,7,1,8,False,35.11,64.03,5.4,0.001,0.0,227.3,1.95,4.896,5.405,0.84,0.928,0.27,1.44,1.927,0.0,0.0,,35.92,CHARGING,0.0,1.441,0.0,100.0,5.614
2026-08-18T08:00:00,8,1,8,False,37.21,55.67,3.53,0.001,0.0,439.11,3.769,3.382,10.189,4.336,0.528,1.913,1.481,1.931,0.0,0.0,,27.93,DISCHARGING,3.038,0.0,29.82,70.18,5.864
2026-08-18T09:00:00,9,1,8,False,40.99,65.58,5.02,0.001,0.0,621.0,5.207,5.0,14.163,4.14,5.848,1.971,1.849,0.355,0.0,0.0,,20.0,DISCHARGING,3.956,0.0,27.93,72.07,8.37
2026-08-18T10:00:00,10,1,8,False,39.0,61.44,3.34,0.001,0.0,760.57,6.499,3.038,21.582,3.835,6.031,1.95,2.257,0.51,7.0,0.0,,20.0,HOLD,12.045,0.0,55.81,44.19,7.82
2026-08-18T11:00:00,11,1,8,False,37.85,59.65,5.26,0.001,0.0,848.3,7.302,4.925,21.947,4.228,5.962,1.961,2.422,0.373,7.0,0.0,,20.0,HOLD,9.72,0.0,44.29,55.71,10.026
2026-08-18T12:00:00,12,1,8,False,40.63,59.81,3.14,0.001,0.0,878.23,7.305,2.703,23.95,3.908,6.138,2.066,2.838,2.0,7.0,0.0,,20.0,HOLD,13.942,0.0,58.21,41.79,8.207
2026-08-18T13:00:00,13,1,8,False,40.3,51.3,2.35,0.001,0.0,848.3,7.136,1.761,23.268,3.792,5.83,2.014,2.703,1.929,7.0,0.0,,20.0,HOLD,14.371,0.0,61.76,38.24,7.296
2026-08-18T14:00:00,14,1,8,False,41.25,59.1,0.72,0.001,0.0,760.57,6.251,0.229,15.377,3.96,5.704,2.057,3.171,0.484,0.0,0.0,,20.0,HOLD,8.897,0.0,57.86,42.14,5.314
2026-08-18T15:00:00,15,1,8,False,39.19,58.8,0.48,0.001,0.0,621.0,5.321,0.254,16.566,4.351,6.321,2.09,3.395,0.41,0.0,0.0,,20.0,HOLD,10.991,0.0,66.35,33.65,4.571
2026-08-18T16:00:00,16,1,8,False,35.57,55.44,1.41,0.001,0.0,439.11,3.79,0.664,15.393,3.894,5.965,2.095,3.135,0.304,0.0,0.0,,20.0,HOLD,10.939,0.0,71.06,28.94,3.652
2026-08-18T17:00:00,17,1,8,False,37.18,61.21,1.19,0.001,0.0,227.3,1.883,0.584,15.435,4.21,6.051,2.011,2.907,0.256,0.0,0.0,,20.0,HOLD,12.968,0.0,84.02,15.98,2.023
2026-08-18T18:00:00,18,1,8,False,31.86,65.45,2.13,0.001,0.0,0.0,0.0,1.707,16.419,3.748,5.708,2.186,2.805,1.971,0.0,0.0,,20.0,HOLD,14.712,0.0,89.6,10.4,1.4
2026-08-18T19:00:00,19,1,8,False,29.85,61.4,0.42,0.001,0.0,0.0,0.0,0.139,16.282,3.768,6.079,1.947,2.361,2.127,0.0,0.0,,20.0,HOLD,16.143,0.0,99.15,0.85,0.114
2026-08-18T20:00:00,20,1,8,False,31.25,63.26,2.82,0.001,0.0,0.0,0.0,2.363,9.802,1.281,5.874,0.332,1.944,0.37,0.0,0.0,,20.0,HOLD,7.439,0.0,75.89,24.11,1.938
2026-08-18T21:00:00,21,1,8,False,27.54,58.81,0.91,0.001,0.0,0.0,0.0,0.586,3.209,0.941,0.19,0.105,1.719,0.253,0.0,0.0,,20.0,HOLD,2.623,0.0,81.74,18.26,0.481
2026-08-18T22:00:00,22,1,8,False,23.61,58.45,2.99,0.001,0.0,0.0,0.0,2.485,4.914,1.327,1.163,0.111,1.877,0.436,0.0,0.0,,20.0,HOLD,2.429,0.0,49.43,50.57,2.038
2026-08-18T23:00:00,23,1,8,False,24.3,61.97,2.8,0.001,0.0,0.0,0.0,2.398,3.598,1.308,0.474,0.284,1.121,0.411,0.0,0.0,,20.0,HOLD,1.2,0.0,33.35,66.65,1.966
2026-08-19T00:00:00,0,2,8,False,28.32,67.59,1.0,0.321,0.193,0.0,0.0,0.475,3.846,1.159,0.627,0.175,1.533,0.351,0.0,0.0,,20.0,HOLD,3.371,0.0,87.65,12.35,0.389
2026-08-19T01:00:00,1,2,8,False,27.31,69.28,3.32,0.321,0.193,0.0,0.0,3.113,4.125,1.347,0.726,0.097,1.387,0.569,0.0,0.0,,20.0,HOLD,1.012,0.0,24.53,75.47,2.553
2026-08-19T02:00:00,2,2,8,False,23.93,61.71,4.51,0.321,0.193,0.0,0.0,4.725,3.506,1.007,0.386,0.145,1.561,0.407,0.0,0.0,,22.9,CHARGING,0.0,1.219,0.0,100.0,3.874
2026-08-19T03:00:00,3,2,8,False,24.7,60.71,4.39,0.321,0.193,0.0,0.0,4.685,4.034,1.195,0.681,0.375,1.476,0.306,0.0,0.0,,24.44,CHARGING,0.0,0.651,0.0,100.0,3.842
2026-08-19T04:00:00,4,2,8,False,28.87,65.38,3.83,0.321,0.193,0.0,0.0,3.672,4.403,1.15,0.87,0.311,1.639,0.434,0.0,0.0,,22.52,DISCHARGING,0.731,0.0,16.6,83.4,3.011
2026-08-19T05:00:00,5,2,8,False,29.54,68.27,3.05,0.321,0.193,0.0,0.0,2.465,4.178,1.168,0.679,0.155,1.73,0.446,0.0,0.0,,20.0,DISCHARGING,1.713,0.0,41.0,59.0,2.021
2026-08-19T06:00:00,6,2,8,False,31.63,74.25,6.11,0.321,0.193,0.0,0.0,4.922,2.561,1.09,0.166,0.196,0.742,0.367,0.0,0.0,,25.61,CHARGING,0.0,2.361,0.0,100.0,4.036
2026-08-19T07:00:00,7,2,8,False,34.46,60.11,3.34,0.321,0.193,165.3,1.417,3.053,4.743,1.101,0.519,0.129,1.047,1.947,0.0,0.0,,24.89,DISCHARGING,0.273,0.0,5.76,94.24,3.665
2026-08-19T08:00:00,8,2,8,False,35.68,66.99,4.48,0.321,0.193,319.33,2.774,4.815,9.708,3.873,0.127,2.127,1.676,1.905,0.0,0.0,,20.0,DISCHARGING,2.119,0.0,21.83,78.17,6.223
2026-08-19T09:00:00,9,2,8,False,38.07,75.07,5.27,0.321,0.193,451.6,3.871,5.106,14.276,3.758,5.989,1.966,2.001,0.561,0.0,0.0,,20.0,HOLD,5.299,0.0,37.12,62.88,7.361
2026-08-19T10:00:00,10,2,8,False,39.3,60.11,3.25,0.321,0.193,553.09,4.848,2.981,21.554,4.09,5.897,2.027,2.102,0.439,7.0,0.0,,20.0,HOLD,13.725,0.0,63.68,36.32,6.42
2026-08-19T11:00:00,11,2,8,False,37.97,63.21,3.23,0.321,0.193,616.9,4.921,2.868,21.962,3.82,5.937,2.0,2.774,0.43,7.0,0.0,,20.0,HOLD,14.173,0.0,64.53,35.47,6.387
2026-08-19T12:00:00,12,2,8,False,40.5,70.79,3.4,0.321,0.193,638.66,5.441,3.158,23.602,4.142,5.272,2.209,2.957,2.022,7.0,0.0,,20.0,HOLD,15.003,0.0,63.57,36.43,7.051
2026-08-19T13:00:00,13,2,8,False,37.61,62.96,3.45,0.321,0.193,616.9,5.328,3.077,23.57,4.445,5.567,2.007,2.555,1.996,7.0,0.0,,20.0,HOLD,15.165,0.0,64.34,35.66,6.892
2026-08-19T14:00:00,14,2,8,False,38.29,64.3,2.91,0.321,0.193,553.09,4.821,2.379,15.41,3.944,5.921,2.05,3.023,0.472,0.0,0.0,,20.0,HOLD,8.21,0.0,53.28,46.72,5.904
2026-08-19T15:00:00,15,2,8,False,38.06,61.94,2.11,0.321,0.193,451.6,3.882,1.699,15.57,3.664,6.147,2.068,3.219,0.473,0.0,0.0,,20.0,HOLD,9.989,0.0,64.16,35.84,4.576
2026-08-19T16:00:00,16,2,8,False,36.15,62.75,1.61,0.321,0.193,319.33,2.724,0.89,15.866,4.297,6.135,1.908,3.009,0.516,0.0,0.0,,20.0,HOLD,12.252,0.0,77.22,22.78,2.963
2026-08-19T17:00:00,17,2,8,False,35.56,50.76,0.33,0.321,0.193,165.3,1.436,0.004,16.18,4.124,6.285,2.111,3.135,0.524,0.0,0.0,,20.0,HOLD,14.74,0.0,91.1,8.9,1.181
2026-08-19T18:00:00,18,2,8,False,34.62,73.76,2.1,0.321,0.193,0.0,0.0,1.396,17.371,4.496,6.019,2.123,2.636,2.096,0.0,0.0,,20.0,HOLD,15.975,0.0,91.96,8.04,1.145
2026-08-19T19:00:00,19,2,8,False,26.26,65.94,0.74,0.321,0.193,0.0,0.0,0.425,17.033,3.781,6.198,2.123,2.861,2.071,0.0,0.0,,20.0,HOLD,16.608,0.0,97.5,2.5,0.348
2026-08-19T20:00:00,20,2,8,False,27.31,75.57,0.25,0.321,0.193,0.0,0.0,0.061,9.368,0.876,5.721,0.263,2.303,0.205,0.0,0.0,,20.0,HOLD,9.307,0.0,99.35,0.65,0.05
2026-08-19T21:00:00,21,2,8,False,27.29,73.2,0.33,0.321,0.193,0.0,0.0,0.049,4.813,1.398,0.706,0.332,1.962,0.414,0.0,0.0,,20.0,HOLD,4.764,0.0,98.98,1.02,0.04
2026-08-19T22:00:00,22,2,8,False,24.64,74.92,2.21,0.321,0.193,0.0,0.0,1.708,3.287,1.024,-0.02,0.221,1.674,0.389,0.0,0.0,,20.0,HOLD,1.579,0.0,48.04,51.96,1.401
2026-08-19T23:00:00,23,2,8,False,22.03,67.76,2.73,0.321,0.193,0.0,0.0,2.115,3.733,1.15,0.796,0.242,1.133,0.414,0.0,0.0,,20.0,HOLD,1.618,0.0,43.34,56.66,1.734
2026-08-20T00:00:00,0,3,8,False,25.33,70.84,2.06,0.526,0.316,0.0,0.0,1.353,4.646,1.431,1.086,0.178,1.449,0.503,0.0,0.0,,20.0,HOLD,3.293,0.0,70.88,29.12,1.109
2026-08-20T01:00:00,1,3,8,False,23.99,70.03,1.64,0.526,0.316,0.0,0.0,1.119,3.579,1.024,0.519,0.298,1.491,0.247,0.0,0.0,,20.0,HOLD,2.46,0.0,68.73,31.27,0.918
2026-08-20T02:00:00,2,3,8,False,26.93,75.98,3.83,0.526,0.316,0.0,0.0,3.734,3.652,1.302,0.574,0.082,1.142,0.552,0.0,0.0,,20.19,CHARGING,0.0,0.082,0.0,100.0,3.062
2026-08-20T03:00:00,3,3,8,False,26.72,75.17,5.35,0.526,0.316,0.0,0.0,4.968,4.571,1.298,1.03,0.208,1.785,0.25,0.0,0.0,,21.14,CHARGING,0.0,0.397,0.0,100.0,4.074
2026-08-20T04:00:00,4,3,8,False,25.59,66.43,5.52,0.526,0.316,0.0,0.0,5.134,4.291,1.518,0.865,0.108,1.251,0.55,0.0,0.0,,23.14,CHARGING,0.0,0.843,0.0,100.0,4.21
2026-08-20T05:00:00,5,3,8,False,27.68,73.87,6.2,0.526,0.316,0.0,0.0,5.044,4.299,1.293,0.539,0.343,1.709,0.416,0.0,0.0,,24.91,CHARGING,0.0,0.745,0.0,100.0,4.136
2026-08-20T06:00:00,6,3,8,False,31.1,60.41,6.04,0.526,0.316,0.0,0.0,5.074,3.438,1.034,0.892,0.197,0.818,0.496,0.0,0.0,,28.79,CHARGING,0.0,1.636,0.0,100.0,4.161
2026-08-20T07:00:00,7,3,8,False,32.44,60.61,5.63,0.526,0.316,125.69,1.104,5.004,5.48,1.092,0.717,0.192,1.423,2.056,0.0,0.0,,30.29,CHARGING,0.0,0.628,0.0,100.0,5.009
2026-08-20T08:00:00,8,3,8,False,36.68,68.17,4.97,0.526,0.316,242.81,2.071,5.025,10.442,3.965,0.933,2.009,1.675,1.86,0.0,0.0,,21.48,DISCHARGING,3.346,0.0,32.04,67.96,5.819
2026-08-20T09:00:00,9,3,8,False,39.07,65.31,3.95,0.526,0.316,343.38,3.012,3.994,14.708,4.195,6.136,1.991,1.908,0.478,0.0,0.0,,20.0,DISCHARGING,7.702,0.0,52.37,47.63,5.745
2026-08-20T10:00:00,10,3,8,False,40.63,80.89,3.95,0.526,0.316,420.55,3.534,3.779,20.791,3.656,5.494,1.959,2.215,0.468,7.0,0.0,,20.0,HOLD,13.478,0.0,64.83,35.17,5.997
2026-08-20T11:00:00,11,3,8,False,39.68,70.75,4.19,0.526,0.316,469.06,3.975,4.234,21.815,4.285,5.541,2.03,2.481,0.478,7.0,0.0,,20.0,HOLD,13.606,0.0,62.37,37.63,6.731
2026-08-20T12:00:00,12,3,8,False,39.97,69.19,3.01,0.526,0.316,485.61,4.223,2.607,24.231,4.394,6.082,2.002,2.697,2.056,7.0,0.0,,20.0,HOLD,17.401,0.0,71.81,28.19,5.601
2026-08-20T13:00:00,13,3,8,False,38.84,70.57,2.6,0.526,0.316,469.06,4.014,2.13,24.463,4.08,6.028,2.157,2.937,2.261,7.0,0.0,,20.0,HOLD,18.319,0.0,74.88,25.12,5.038
2026-08-20T14:00:00,14,3,8,False,39.0,66.9,2.77,0.526,0.316,420.55,3.673,2.231,15.311,4.091,5.921,2.045,2.933,0.321,0.0,0.0,,20.0,HOLD,9.407,0.0,61.44,38.56,4.841
2026-08-20T15:00:00,15,3,8,False,37.25,72.86,2.82,0.526,0.316,343.38,2.863,2.476,15.778,3.822,6.223,2.055,3.092,0.585,0.0,0.0,,20.0,HOLD,10.439,0.0,66.16,33.84,4.378
2026-08-20T16:00:00,16,3,8,False,34.76,76.82,1.76,0.526,0.316,242.81,2.073,1.089,15.209,3.943,6.097,1.859,3.051,0.259,0.0,0.0,,20.0,HOLD,12.047,0.0,79.21,20.79,2.593
2026-08-20T17:00:00,17,3,8,False,36.01,80.09,1.48,0.526,0.316,125.69,1.096,0.869,15.267,3.84,6.072,1.997,3.051,0.307,0.0,0.0,,20.0,HOLD,13.302,0.0,87.13,12.87,1.611
2026-08-20T18:00:00,18,3,8,False,35.03,69.51,2.02,0.526,0.316,0.0,0.0,1.357,16.17,4.041,5.617,2.185,2.472,1.856,0.0,0.0,,20.0,HOLD,14.813,0.0,91.61,8.39,1.113
2026-08-20T19:00:00,19,3,8,False,28.98,75.3,2.13,0.526,0.316,0.0,0.0,1.652,16.664,3.977,6.127,2.165,2.472,1.923,0.0,0.0,,20.0,HOLD,15.012,0.0,90.09,9.91,1.355
2026-08-20T20:00:00,20,3,8,False,28.71,71.08,1.86,0.526,0.316,0.0,0.0,1.248,10.495,1.226,6.112,0.229,2.492,0.437,0.0,0.0,,20.0,HOLD,9.247,0.0,88.11,11.89,1.023
2026-08-20T21:00:00,21,3,8,False,25.89,75.57,2.01,0.526,0.316,0.0,0.0,1.495,3.494,0.9,-0.148,0.328,2.016,0.398,0.0,0.0,,20.0,HOLD,1.999,0.0,57.21,42.79,1.226
2026-08-20T22:00:00,22,3,8,False,26.11,77.59,3.54,0.526,0.316,0.0,0.0,3.244,3.5,1.049,-0.116,0.263,1.785,0.519,0.0,0.0,,20.0,HOLD,0.256,0.0,7.31,92.69,2.66
2026-08-20T23:00:00,23,3,8,False,25.29,67.71,2.36,0.526,0.316,0.0,0.0,1.795,3.642,1.004,1.127,0.07,1.235,0.206,0.0,0.0,,20.0,HOLD,1.847,0.0,50.71,49.29,1.472
2026-08-21T00:00:00,0,4,8,False,24.44,64.78,3.0,0.328,0.197,0.0,0.0,2.596,4.025,1.091,0.559,0.396,1.526,0.453,0.0,0.0,,20.0,HOLD,1.429,0.0,35.5,64.5,2.129
2026-08-21T01:00:00,1,4,8,False,23.58,66.45,2.89,0.328,0.197,0.0,0.0,2.428,3.568,1.272,0.351,-0.076,1.382,0.638,0.0,0.0,,20.0,HOLD,1.14,0.0,31.95,68.05,1.991
2026-08-21T02:00:00,2,4,8,False,25.96,64.83,5.31,0.328,0.197,0.0,0.0,4.889,4.064,1.279,0.671,0.199,1.42,0.494,0.0,0.0,,21.96,CHARGING,0.0,0.825,0.0,100.0,4.009
2026-08-21T03:00:00,3,4,8,False,25.59,67.54,4.66,0.328,0.197,0.0,0.0,4.912,4.562,1.115,1.162,0.311,1.653,0.321,0.0,0.0,,22.79,CHARGING,0.0,0.35,0.0,100.0,4.028
2026-08-21T04:00:00,4,4,8,False,25.84,71.09,5.61,0.328,0.197,0.0,0.0,4.963,3.808,0.907,0.86,0.319,1.398,0.324,0.0,0.0,,25.53,CHARGING,0.0,1.155,0.0,100.0,4.07
2026-08-21T05:00:00,5,4,8,False,31.79,75.46,4.42,0.328,0.197,0.0,0.0,4.605,4.147,1.209,0.484,0.313,1.633,0.509,0.0,0.0,,26.62,CHARGING,0.0,0.458,0.0,100.0,3.776
2026-08-21T06:00:00,6,4,8,False,32.28,66.52,4.63,0.328,0.197,0.0,0.0,5.136,3.625,1.4,0.573,0.107,1.131,0.414,0.0,0.0,,30.21,CHARGING,0.0,1.511,0.0,100.0,4.212
2026-08-21T07:00:00,7,4,8,False,33.88,64.01,6.17,0.328,0.197,163.98,1.414,4.977,4.864,0.937,0.695,0.124,1.179,1.93,0.0,0.0,,33.84,CHARGING,0.0,1.527,0.0,100.0,5.241
2026-08-21T08:00:00,8,4,8,False,35.12,67.8,4.06,0.328,0.197,316.79,2.727,4.097,10.804,4.471,0.553,2.06,1.726,1.994,0.0,0.0,,23.36,DISCHARGING,3.98,0.0,36.84,63.16,5.596
2026-08-21T09:00:00,9,4,8,False,38.07,67.58,4.43,0.328,0.197,448.01,3.777,4.614,14.253,4.003,5.408,2.15,2.274,0.417,0.0,0.0,,20.0,DISCHARGING,5.862,0.0,41.13,58.87,6.881
2026-08-21T10:00:00,10,4,8,False,39.93,59.94,4.86,0.328,0.197,548.7,4.73,4.957,22.335,4.458,5.944,2.091,2.223,0.62,7.0,0.0,,20.0,HOLD,12.648,0.0,56.63,43.37,7.943
2026-08-21T11:00:00,11,4,8,False,38.96,69.7,4.45,0.328,0.197,611.99,5.242,4.716,21.151,3.867,5.224,2.107,2.435,0.517,7.0,0.0,,20.0,HOLD,11.193,0.0,52.92,47.08,8.166
2026-08-21T12:00:00,12,4,8,False,40.53,70.57,3.96,0.328,0.197,633.58,5.084,4.002,24.122,3.931,6.35,2.059,2.809,1.973,7.0,0.0,,20.0,HOLD,15.036,0.0,62.33,37.67,7.451
2026-08-21T13:00:00,13,4,8,False,38.36,57.57,2.14,0.328,0.197,611.99,5.152,1.415,23.62,3.712,6.035,2.053,2.869,1.95,7.0,0.0,,20.0,HOLD,17.053,0.0,72.2,27.8,5.385
2026-08-21T14:00:00,14,4,8,False,37.51,62.45,1.75,0.328,0.197,548.7,4.685,1.002,15.542,4.14,5.83,2.038,3.101,0.433,0.0,0.0,,20.0,HOLD,9.855,0.0,63.41,36.59,4.663
2026-08-21T15:00:00,15,4,8,False,38.86,64.1,0.0,0.328,0.197,448.01,3.893,0.051,16.177,4.37,6.511,2.03,2.962,0.304,0.0,0.0,,20.0,HOLD,12.233,0.0,75.62,24.38,3.234
2026-08-21T16:00:00,16,4,8,False,35.29,63.6,0.94,0.328,0.197,316.79,2.684,0.497,16.142,4.339,6.28,1.968,3.12,0.435,0.0,0.0,,20.0,HOLD,12.961,0.0,80.29,19.71,2.608
2026-08-21T17:00:00,17,4,8,False,34.01,65.56,0.99,0.328,0.197,163.98,1.441,0.503,14.958,3.854,5.767,2.031,2.938,0.369,0.0,0.0,,20.0,HOLD,13.014,0.0,87.0,13.0,1.594
2026-08-21T18:00:00,18,4,8,False,30.3,71.76,2.0,0.328,0.197,0.0,0.0,1.549,17.196,3.958,6.057,2.114,2.967,2.1,0.0,0.0,,20.0,HOLD,15.647,0.0,90.99,9.01,1.27
2026-08-21T19:00:00,19,4,8,False,30.29,56.43,0.0,0.328,0.197,0.0,0.0,0.134,16.229,3.837,5.919,1.944,2.421,2.107,0.0,0.0,,20.0,HOLD,16.095,0.0,99.17,0.83,0.11
2026-08-21T20:00:00,20,4,8,False,28.33,79.85,1.08,0.328,0.197,0.0,0.0,0.62,9.908,0.99,5.953,0.215,2.377,0.374,0.0,0.0,,20.0,HOLD,9.288,0.0,93.74,6.26,0.508
2026-08-21T21:00:00,21,4,8,False,25.79,61.16,1.36,0.328,0.197,0.0,0.0,0.823,4.675,1.287,0.579,0.181,2.126,0.502,0.0,0.0,,20.0,HOLD,3.852,0.0,82.4,17.6,0.675
2026-08-21T22:00:00,22,4,8,False,27.19,73.33,2.3,0.328,0.197,0.0,0.0,1.722,4.304,1.439,0.853,0.171,1.461,0.38,0.0,0.0,,20.0,HOLD,2.582,0.0,59.99,40.01,1.412
2026-08-21T23:00:00,23,4,8,False,23.25,70.36,3.86,0.328,0.197,0.0,0.0,3.69,3.395,1.044,0.432,0.183,1.432,0.303,0.0,0.0,,20.7,CHARGING,0.0,0.295,0.0,100.0,3.026
2026-08-22T00:00:00,0,5,8,True,27.43,65.18,2.25,0.611,0.367,0.0,0.0,1.814,2.409,-0.036,0.414,0.241,1.521,0.27,0.0,0.0,,20.0,DISCHARGING,0.595,0.0,24.7,75.3,1.487
2026-08-22T01:00:00,1,5,8,True,20.55,81.3,2.84,0.611,0.367,0.0,0.0,2.369,2.173,-0.192,0.383,0.244,1.59,0.147,0.0,0.0,,20.47,CHARGING,0.0,0.196,0.0,100.0,1.943
2026-08-22T02:00:00,2,5,8,True,29.81,71.23,4.91,0.611,0.367,0.0,0.0,5.099,2.596,0.099,0.328,0.246,1.483,0.44,0.0,0.0,,26.41,CHARGING,0.0,2.503,0.0,100.0,4.181
2026-08-22T03:00:00,3,5,8,True,27.43,73.68,4.69,0.611,0.367,0.0,0.0,4.84,2.245,-0.16,0.308,0.127,1.441,0.529,0.0,0.0,,32.57,CHARGING,0.0,2.595,0.0,100.0,3.969
2026-08-22T04:00:00,4,5,8,True,27.78,70.1,3.27,0.611,0.367,0.0,0.0,2.959,2.417,0.111,0.442,0.186,1.321,0.356,0.0,0.0,,33.86,CHARGING,0.0,0.542,0.0,100.0,2.426
2026-08-22T05:00:00,5,5,8,True,29.0,75.68,4.7,0.611,0.367,0.0,0.0,5.082,2.92,-0.077,0.753,0.267,1.517,0.46,0.0,0.0,,39.0,CHARGING,0.0,2.162,0.0,100.0,4.167
2026-08-22T06:00:00,6,5,8,True,30.99,69.19,3.31,0.611,0.367,0.0,0.0,3.023,1.516,-0.027,0.046,0.004,1.114,0.379,0.0,0.0,,42.57,CHARGING,0.0,1.507,0.0,100.0,2.479
2026-08-22T07:00:00,7,5,8,True,33.43,78.49,4.39,0.611,0.367,109.31,0.967,4.509,3.771,0.233,0.256,0.139,1.221,1.922,0.0,0.0,,46.62,CHARGING,0.0,1.705,0.0,100.0,4.49
2026-08-22T08:00:00,8,5,8,True,34.02,71.12,5.35,0.611,0.367,211.17,1.855,5.029,5.285,0.11,-0.314,1.913,1.704,1.873,0.0,0.0,,50.42,CHARGING,0.0,1.599,0.0,100.0,5.645
2026-08-22T09:00:00,9,5,8,True,38.22,72.3,3.3,0.611,0.367,298.64,2.628,3.077,7.884,-0.37,3.255,2.182,2.37,0.448,0.0,0.0,,44.69,DISCHARGING,2.179,0.0,27.64,72.36,4.678
2026-08-22T10:00:00,10,5,8,True,36.88,80.2,4.35,0.611,0.367,365.76,3.124,4.637,14.202,-0.168,3.112,1.751,2.107,0.399,7.0,0.0,,27.74,DISCHARGING,6.441,0.0,45.35,54.65,6.364
2026-08-22T11:00:00,11,5,8,True,39.18,69.72,2.48,0.611,0.367,407.95,3.486,1.941,15.211,0.012,3.22,1.966,2.713,0.301,7.0,0.0,,20.0,DISCHARGING,9.784,0.0,64.32,35.68,4.45
2026-08-22T12:00:00,12,5,8,True,42.89,70.44,3.89,0.611,0.367,422.34,3.509,3.857,16.887,0.12,3.328,1.866,2.784,1.788,7.0,0.0,,20.0,HOLD,9.521,0.0,56.38,43.62,6.04
2026-08-22T13:00:00,13,5,8,True,39.46,65.13,3.65,0.611,0.367,407.95,3.349,3.502,16.815,0.277,3.098,1.81,2.621,2.01,7.0,0.0,,20.0,HOLD,9.964,0.0,59.26,40.74,5.618
2026-08-22T14:00:00,14,5,8,True,37.16,73.2,2.11,0.611,0.367,365.76,3.101,1.713,8.9,0.118,3.363,2.092,2.946,0.381,0.0,0.0,,20.0,HOLD,4.086,0.0,45.91,54.09,3.947
2026-08-22T15:00:00,15,5,8,True,37.21,68.97,2.13,0.611,0.367,298.64,2.645,1.48,8.611,0.043,2.931,1.955,3.326,0.356,0.0,0.0,,20.0,HOLD,4.486,0.0,52.1,47.9,3.382
2026-08-22T16:00:00,16,5,8,True,35.54,72.43,0.74,0.611,0.367,211.17,1.817,0.204,8.578,-0.085,3.183,2.103,2.972,0.406,0.0,0.0,,20.0,HOLD,6.557,0.0,76.44,23.56,1.657
2026-08-22T17:00:00,17,5,8,True,33.53,67.62,0.67,0.611,0.367,109.31,0.921,0.202,8.362,0.181,2.873,1.965,2.819,0.524,0.0,0.0,,20.0,HOLD,7.239,0.0,86.57,13.43,0.921
2026-08-22T18:00:00,18,5,8,True,30.61,71.88,1.22,0.611,0.367,0.0,0.0,0.7,10.231,0.011,3.238,1.997,2.98,2.004,0.0,0.0,,20.0,HOLD,9.531,0.0,93.16,6.84,0.574
2026-08-22T19:00:00,19,5,8,True,27.37,74.18,1.58,0.611,0.367,0.0,0.0,0.966,8.675,-0.423,2.416,2.165,2.421,2.097,0.0,0.0,,20.0,HOLD,7.709,0.0,88.86,11.14,0.792
2026-08-22T20:00:00,20,5,8,True,25.6,75.61,0.43,0.611,0.367,0.0,0.0,0.195,5.678,-0.003,2.938,0.132,2.071,0.54,0.0,0.0,,20.0,HOLD,5.483,0.0,96.57,3.43,0.16
2026-08-22T21:00:00,21,5,8,True,28.69,66.7,0.75,0.611,0.367,0.0,0.0,0.362,3.183,-0.036,0.45,0.195,1.933,0.641,0.0,0.0,,20.0,HOLD,2.821,0.0,88.63,11.37,0.297
2026-08-22T22:00:00,22,5,8,True,24.28,79.46,3.31,0.611,0.367,0.0,0.0,2.821,2.288,0.006,0.146,0.202,1.459,0.476,0.0,0.0,,21.27,CHARGING,0.0,0.533,0.0,100.0,2.313
2026-08-22T23:00:00,23,5,8,True,25.75,70.31,3.42,0.611,0.367,0.0,0.0,3.195,2.496,0.351,0.321,0.245,1.229,0.35,0.0,0.0,,22.93,CHARGING,0.0,0.699,0.0,100.0,2.62
2026-08-23T00:00:00,0,6,8,True,24.99,70.59,2.92,0.429,0.257,0.0,0.0,2.523,2.156,0.112,0.044,0.109,1.494,0.398,0.0,0.0,,23.8,CHARGING,0.0,0.367,0.0,100.0,2.069
2026-08-23T01:00:00,1,6,8,True,23.49,73.12,3.71,0.429,0.257,0.0,0.0,3.715,1.747,-0.263,-0.049,0.171,1.512,0.376,0.0,0.0,,28.47,CHARGING,0.0,1.968,0.0,100.0,3.046
2026-08-23T02:00:00,2,6,8,True,24.24,70.99,3.76,0.429,0.257,0.0,0.0,3.875,2.758,0.004,0.615,0.142,1.586,0.41,0.0,0.0,,31.12,CHARGING,0.0,1.117,0.0,100.0,3.177
2026-08-23T03:00:00,3,6,8,True,27.63,76.33,4.26,0.429,0.257,0.0,0.0,4.484,2.383,0.024,-0.005,0.395,1.777,0.193,0.0,0.0,,36.11,CHARGING,0.0,2.101,0.0,100.0,3.677
2026-08-23T04:00:00,4,6,8,True,28.27,70.78,5.3,0.429,0.257,0.0,0.0,5.131,3.122,0.053,0.983,0.294,1.447,0.345,0.0,0.0,,40.89,CHARGING,0.0,2.009,0.0,100.0,4.207
2026-08-23T05:00:00,5,6,8,True,31.79,66.53,4.3,0.429,0.257,0.0,0.0,4.49,2.224,-0.039,-0.095,0.316,1.439,0.602,0.0,0.0,,46.27,CHARGING,0.0,2.266,0.0,100.0,3.682
2026-08-23T06:00:00,6,6,8,True,32.46,71.73,6.01,0.429,0.257,0.0,0.0,5.057,2.463,0.047,0.628,0.449,0.86,0.479,0.0,0.0,,52.43,CHARGING,0.0,2.594,0.0,100.0,4.147
2026-08-23T07:00:00,7,6,8,True,34.06,68.78,5.34,0.429,0.257,144.56,1.2,4.98,3.835,0.2,0.07,0.292,1.292,1.981,0.0,0.0,,58.0,CHARGING,0.0,2.345,0.0,100.0,5.068
2026-08-23T08:00:00,8,6,8,True,37.36,70.68,5.28,0.429,0.257,279.27,2.438,5.02,5.484,-0.329,0.187,1.82,1.717,2.09,0.0,0.0,,62.69,CHARGING,0.0,1.974,0.0,100.0,6.116
2026-08-23T09:00:00,9,6,8,True,39.07,73.41,4.81,0.429,0.257,394.94,3.249,4.989,7.351,-0.283,2.893,2.162,2.114,0.466,0.0,0.0,,64.79,CHARGING,0.0,0.887,0.0,100.0,6.755
2026-08-23T10:00:00,10,6,8,True,38.66,69.51,3.21,0.429,0.257,483.7,4.207,2.91,14.224,-0.317,3.031,1.809,2.37,0.331,7.0,0.0,,46.09,DISCHARGING,7.107,0.0,49.96,50.04,5.836
2026-08-23T11:00:00,11,6,8,True,37.89,71.37,4.17,0.429,0.257,539.5,4.627,4.48,14.978,0.127,2.807,2.052,2.466,0.527,7.0,0.0,,30.64,DISCHARGING,5.871,0.0,39.2,60.8,7.468
2026-08-23T12:00:00,12,6,8,True,40.42,61.36,3.3,0.429,0.257,558.53,4.723,2.997,16.349,-0.205,2.934,2.044,2.718,1.859,7.0,0.0,,20.0,DISCHARGING,8.629,0.0,52.78,47.22,6.33
2026-08-23T13:00:00,13,6,8,True,39.32,69.54,2.11,0.429,0.257,539.5,4.585,1.489,17.084,-0.09,3.02,2.096,2.915,2.142,7.0,0.0,,20.0,HOLD,11.01,0.0,64.45,35.55,4.981
2026-08-23T14:00:00,14,6,8,True,40.63,75.42,3.2,0.429,0.257,483.7,4.209,2.743,8.953,0.129,3.365,2.14,2.852,0.466,0.0,0.0,,20.0,HOLD,2.001,0.0,22.35,77.65,5.701
2026-08-23T15:00:00,15,6,8,True,37.77,61.64,3.06,0.429,0.257,394.94,3.321,2.5,9.174,0.029,3.679,1.996,3.015,0.455,0.0,0.0,,20.0,HOLD,3.353,0.0,36.55,63.45,4.773
2026-08-23T16:00:00,16,6,8,True,35.83,70.54,1.56,0.429,0.257,279.27,2.364,0.966,9.011,0.148,3.279,2.13,3.018,0.436,0.0,0.0,,20.0,HOLD,5.681,0.0,63.05,36.95,2.731
2026-08-23T17:00:00,17,6,8,True,35.2,65.4,0.59,0.429,0.257,144.56,1.245,0.1,8.601,0.081,3.315,1.929,2.939,0.337,0.0,0.0,,20.0,HOLD,7.256,0.0,84.36,15.64,1.103
2026-08-23T18:00:00,18,6,8,True,30.48,63.56,2.64,0.429,0.257,0.0,0.0,2.172,9.998,0.054,3.2,2.2,2.602,1.942,0.0,0.0,,20.0,HOLD,7.826,0.0,78.28,21.72,1.781
2026-08-23T19:00:00,19,6,8,True,32.34,72.57,1.82,0.429,0.257,0.0,0.0,1.34,9.849,0.161,3.057,1.942,2.525,2.165,0.0,0.0,,20.0,HOLD,8.509,0.0,86.39,13.61,1.099
2026-08-23T20:00:00,20,6,8,True,26.36,65.44,0.63,0.429,0.257,0.0,0.0,0.247,6.29,0.192,3.138,0.206,2.291,0.462,0.0,0.0,,20.0,HOLD,6.043,0.0,96.07,3.93,0.203
2026-08-23T21:00:00,21,6,8,True,23.82,64.44,2.44,0.429,0.257,0.0,0.0,1.943,3.105,-0.015,0.446,0.214,1.907,0.553,0.0,0.0,,20.0,HOLD,1.162,0.0,37.42,62.58,1.593
2026-08-23T22:00:00,22,6,8,True,26.13,72.04,2.24,0.429,0.257,0.0,0.0,1.896,2.212,-0.218,0.334,0.171,1.57,0.355,0.0,0.0,,20.0,HOLD,0.316,0.0,14.29,85.71,1.555
2026-08-23T23:00:00,23,6,8,True,23.12,62.55,3.43,0.429,0.257,0.0,0.0,3.245,1.958,-0.076,0.46,0.184,1.1,0.291,0.0,0.0,,23.06,CHARGING,0.0,1.287,0.0,100.0,2.661
2026-08-24T00:00:00,0,0,8,False,24.98,66.25,3.48,0.252,0.151,0.0,0.0,3.231,3.402,1.135,0.076,0.206,1.578,0.407,0.0,0.0,,22.61,DISCHARGING,0.171,0.0,5.03,94.97,2.649
2026-08-24T01:00:00,1,0,8,False,26.93,61.73,2.71,0.252,0.151,0.0,0.0,2.26,3.396,0.82,0.781,0.225,1.182,0.388,0.0,0.0,,20.0,DISCHARGING,1.136,0.0,33.45,66.55,1.853
2026-08-24T02:00:00,2,0,8,False,23.86,58.35,3.64,0.252,0.151,0.0,0.0,3.645,3.194,1.253,-0.048,0.229,1.471,0.29,0.0,0.0,,21.07,CHARGING,0.0,0.451,0.0,100.0,2.989
2026-08-24T03:00:00,3,0,8,False,26.87,61.69,5.12,0.252,0.151,0.0,0.0,4.799,3.623,1.067,0.553,0.148,1.398,0.457,0.0,0.0,,23.86,CHARGING,0.0,1.176,0.0,100.0,3.935
2026-08-24T04:00:00,4,0,8,False,28.69,69.12,4.89,0.252,0.151,0.0,0.0,4.891,3.442,1.096,0.423,-0.005,1.418,0.51,0.0,0.0,,27.31,CHARGING,0.0,1.449,0.0,100.0,4.011
2026-08-24T05:00:00,5,0,8,False,31.13,65.7,5.35,0.252,0.151,0.0,0.0,4.894,4.002,1.007,0.937,0.203,1.399,0.455,0.0,0.0,,29.42,CHARGING,0.0,0.892,0.0,100.0,4.013
2026-08-24T06:00:00,6,0,8,False,31.34,60.71,4.33,0.252,0.151,0.0,0.0,4.526,3.8,1.503,0.513,0.169,1.116,0.499,0.0,0.0,,31.15,CHARGING,0.0,0.726,0.0,100.0,3.711
2026-08-24T07:00:00,7,0,8,False,34.29,60.98,3.68,0.252,0.151,178.75,1.516,3.538,5.337,1.098,1.081,0.043,1.09,2.024,0.0,0.0,,30.4,DISCHARGING,0.283,0.0,5.3,94.7,4.144
2026-08-24T08:00:00,8,0,8,False,36.78,56.36,2.66,0.252,0.151,345.31,2.946,2.308,10.392,4.378,0.476,1.983,1.493,2.063,0.0,0.0,,20.0,DISCHARGING,5.138,0.0,49.44,50.56,4.308
2026-08-24T09:00:00,9,0,8,False,39.95,64.89,5.42,0.252,0.151,488.35,4.063,5.001,14.243,4.276,5.88,1.818,1.896,0.372,0.0,0.0,,20.0,HOLD,5.179,0.0,36.36,63.64,7.432
2026-08-24T10:00:00,10,0,8,False,36.2,67.57,4.19,0.252,0.151,598.1,5.333,4.148,21.88,4.146,6.29,2.052,2.099,0.294,7.0,0.0,,20.0,HOLD,12.399,0.0,56.67,43.33,7.774
2026-08-24T11:00:00,11,0,8,False,39.87,62.24,3.59,0.252,0.151,667.1,5.793,3.361,21.595,3.621,5.933,2.048,2.56,0.433,7.0,0.0,,20.0,HOLD,12.441,0.0,57.61,42.39,7.506
2026-08-24T12:00:00,12,0,8,False,42.24,62.92,2.11,0.252,0.151,690.63,5.966,1.334,24.366,3.989,6.369,2.121,2.818,2.069,7.0,0.0,,20.0,HOLD,17.066,0.0,70.04,29.96,5.986
2026-08-24T13:00:00,13,0,8,False,38.17,59.04,3.58,0.252,0.151,667.1,5.558,3.427,24.19,3.901,6.062,2.043,3.14,2.043,7.0,0.0,,20.0,HOLD,15.205,0.0,62.86,37.14,7.368
2026-08-24T14:00:00,14,0,8,False,38.0,60.88,2.54,0.252,0.151,598.1,5.196,2.032,14.638,4.08,5.466,1.775,2.743,0.575,0.0,0.0,,20.0,HOLD,7.41,0.0,50.62,49.38,5.927
2026-08-24T15:00:00,15,0,8,False,35.93,61.83,2.17,0.252,0.151,488.35,4.183,1.596,16.074,4.329,6.175,2.039,3.195,0.337,0.0,0.0,,20.0,HOLD,10.295,0.0,64.05,35.95,4.739
2026-08-24T16:00:00,16,0,8,False,37.6,69.49,1.99,0.252,0.151,345.31,2.942,1.359,14.892,3.826,5.758,1.908,3.023,0.377,0.0,0.0,,20.0,HOLD,10.591,0.0,71.12,28.88,3.527
2026-08-24T17:00:00,17,0,8,False,34.72,59.74,1.46,0.252,0.151,178.75,1.513,0.858,14.996,3.845,5.736,2.17,2.643,0.602,0.0,0.0,,20.0,HOLD,12.625,0.0,84.19,15.81,1.944
2026-08-24T18:00:00,18,0,8,False,32.43,69.38,1.79,0.252,0.151,0.0,0.0,1.363,16.049,3.784,5.953,1.915,2.464,1.934,0.0,0.0,,20.0,HOLD,14.686,0.0,91.51,8.49,1.118
2026-08-24T19:00:00,19,0,8,False,32.74,74.95,0.93,0.252,0.151,0.0,0.0,0.747,17.693,4.381,6.707,2.033,2.543,2.029,0.0,0.0,,20.0,HOLD,16.946,0.0,95.78,4.22,0.613
2026-08-24T20:00:00,20,0,8,False,28.0,68.8,1.39,0.252,0.151,0.0,0.0,0.68,9.797,1.273,5.792,0.141,2.228,0.363,0.0,0.0,,20.0,HOLD,9.117,0.0,93.06,6.94,0.558
2026-08-24T21:00:00,21,0,8,False,28.01,70.84,1.45,0.252,0.151,0.0,0.0,0.866,4.254,1.232,0.213,0.234,2.077,0.499,0.0,0.0,,20.0,HOLD,3.388,0.0,79.64,20.36,0.71
2026-08-24T22:00:00,22,0,8,False,23.04,62.35,0.78,0.252,0.151,0.0,0.0,0.37,3.34,1.045,0.164,0.132,1.506,0.494,0.0,0.0,,20.0,HOLD,2.97,0.0,88.92,11.08,0.303
2026-08-24T23:00:00,23,0,8,False,25.79,68.8,1.64,0.252,0.151,0.0,0.0,0.934,3.523,1.183,0.702,0.216,1.008,0.413,0.0,0.0,,20.0,HOLD,2.589,0.0,73.49,26.51,0.766
2026-08-25T00:00:00,0,1,8,False,24.95,56.66,4.26,0.0,0.0,0.0,0.0,4.381,3.919,1.258,0.629,0.26,1.331,0.44,0.0,0.0,,21.1,CHARGING,0.0,0.462,0.0,100.0,3.592
2026-08-25T01:00:00,1,1,8,False,23.16,68.54,3.4,0.0,0.0,0.0,0.0,3.111,3.81,0.945,0.646,0.305,1.525,0.388,0.0,0.0,,20.0,DISCHARGING,0.699,0.0,18.35,81.65,2.551
2026-08-25T02:00:00,2,1,8,False,27.06,64.1,4.26,0.0,0.0,0.0,0.0,4.115,3.662,1.185,0.277,0.117,1.721,0.363,0.0,0.0,,21.08,CHARGING,0.0,0.453,0.0,100.0,3.374
2026-08-25T03:00:00,3,1,8,False,29.18,54.58,3.29,0.0,0.0,0.0,0.0,2.947,3.886,1.261,0.566,0.186,1.454,0.418,0.0,0.0,,20.0,DISCHARGING,0.939,0.0,24.16,75.84,2.417
2026-08-25T04:00:00,4,1,8,False,28.96,58.99,6.02,0.0,0.0,0.0,0.0,4.948,3.837,1.494,0.807,0.01,1.209,0.317,0.0,0.0,,22.64,CHARGING,0.0,1.111,0.0,100.0,4.057
2026-08-25T05:00:00,5,1,8,False,30.27,62.57,4.91,0.0,0.0,0.0,0.0,5.14,3.936,1.354,0.623,0.315,1.253,0.391,0.0,0.0,,25.5,CHARGING,0.0,1.204,0.0,100.0,4.215
2026-08-25T06:00:00,6,1,8,False,32.21,51.42,5.48,0.0,0.0,0.0,0.0,5.04,3.886,1.295,0.956,0.276,0.891,0.467,0.0,0.0,,28.24,CHARGING,0.0,1.154,0.0,100.0,4.133
2026-08-25T07:00:00,7,1,8,False,33.77,63.97,5.05,0.0,0.0,227.44,1.973,5.036,6.213,1.392,0.814,0.323,1.614,2.07,0.0,0.0,,30.13,CHARGING,0.0,0.796,0.0,100.0,5.747
2026-08-25T08:00:00,8,1,8,False,35.31,62.34,5.14,0.0,0.0,439.37,3.838,5.15,10.665,3.663,1.054,2.185,1.703,2.059,0.0,0.0,,25.72,DISCHARGING,1.677,0.0,15.72,84.28,7.37
2026-08-25T09:00:00,9,1,8,False,37.29,63.49,4.42,0.0,0.0,621.37,5.385,4.717,14.753,4.125,6.27,2.079,1.796,0.483,0.0,0.0,,20.0,DISCHARGING,4.651,0.0,31.53,68.47,8.284
2026-08-25T10:00:00,10,1,8,False,41.72,67.5,3.98,0.0,0.0,761.02,6.274,3.965,22.202,3.872,6.414,2.164,2.235,0.517,7.0,0.0,,20.0,HOLD,11.963,0.0,53.88,46.12,8.396
2026-08-25T11:00:00,11,1,8,False,42.2,60.65,3.49,0.0,0.0,848.81,7.218,3.178,22.704,4.022,6.643,1.95,2.637,0.452,7.0,0.0,,20.0,HOLD,12.308,0.0,54.21,45.79,8.525
2026-08-25T12:00:00,12,1,8,False,39.75,68.76,3.18,0.0,0.0,878.75,7.524,2.903,24.126,4.32,5.913,1.895,2.984,2.014,7.0,0.0,,20.0,HOLD,13.699,0.0,56.78,43.22,8.55
2026-08-25T13:00:00,13,1,8,False,41.07,61.94,1.87,0.0,0.0,848.81,6.991,1.288,22.99,3.87,5.737,1.97,2.529,1.884,7.0,0.0,,20.0,HOLD,14.711,0.0,63.99,36.01,6.789
2026-08-25T14:00:00,14,1,8,False,40.1,54.63,2.28,0.0,0.0,761.02,6.506,1.631,15.688,4.144,5.965,1.967,2.954,0.656,0.0,0.0,,20.0,HOLD,7.551,0.0,48.13,51.87,6.672
2026-08-25T15:00:00,15,1,8,False,36.52,63.91,1.77,0.0,0.0,621.37,5.232,1.015,15.53,3.88,6.228,1.966,2.965,0.491,0.0,0.0,,20.0,HOLD,9.283,0.0,59.77,40.23,5.123
2026-08-25T16:00:00,16,1,8,False,34.79,52.43,1.2,0.0,0.0,439.37,3.824,0.678,14.948,4.159,5.656,1.981,2.776,0.375,0.0,0.0,,20.0,HOLD,10.446,0.0,69.88,30.12,3.692
2026-08-25T17:00:00,17,1,8,False,36.29,53.17,0.81,0.0,0.0,227.44,1.928,0.204,15.12,3.741,6.201,1.855,2.92,0.403,0.0,0.0,,20.0,HOLD,12.988,0.0,85.9,14.1,1.748
2026-08-25T18:00:00,18,1,8,False,31.2,55.31,1.18,0.0,0.0,0.0,0.0,0.573,16.378,3.923,5.848,2.069,2.8,1.738,0.0,0.0,,20.0,HOLD,15.805,0.0,96.5,3.5,0.47
2026-08-25T19:00:00,19,1,8,False,30.31,58.29,0.0,0.0,0.0,0.0,0.0,0.0,16.622,4.1,6.216,1.923,2.387,1.996,0.0,0.0,,20.0,HOLD,16.622,0.0,100.0,0.0,0.0
2026-08-25T20:00:00,20,1,8,False,25.68,66.74,0.89,0.0,0.0,0.0,0.0,0.383,10.304,1.082,6.602,0.146,2.178,0.297,0.0,0.0,,20.0,HOLD,9.921,0.0,96.28,3.72,0.314
2026-08-25T21:00:00,21,1,8,False,26.36,55.57,1.8,0.0,0.0,0.0,0.0,1.237,4.56,1.37,0.502,0.224,1.918,0.546,0.0,0.0,,20.0,HOLD,3.323,0.0,72.87,27.13,1.014
2026-08-25T22:00:00,22,1,8,False,25.25,57.71,2.01,0.0,0.0,0.0,0.0,1.445,4.053,1.364,0.395,0.213,1.646,0.436,0.0,0.0,,20.0,HOLD,2.608,0.0,64.35,35.65,1.185
2026-08-25T23:00:00,23,1,8,False,21.71,53.17,1.74,0.0,0.0,0.0,0.0,1.06,3.074,1.101,0.242,0.16,1.096,0.476,0.0,0.0,,20.0,HOLD,2.014,0.0,65.52,34.48,0.869
2026-08-26T00:00:00,0,2,8,False,24.72,60.5,3.12,0.101,0.06,0.0,0.0,2.71,4.059,1.048,0.674,0.262,1.549,0.526,0.0,0.0,,20.0,HOLD,1.349,0.0,33.23,66.77,2.222
2026-08-26T01:00:00,1,2,8,False,23.42,67.2,3.03,0.101,0.06,0.0,0.0,2.612,4.453,1.569,0.773,0.181,1.397,0.533,0.0,0.0,,20.0,HOLD,1.841,0.0,41.34,58.66,2.142
2026-08-26T02:00:00,2,2,8,False,25.38,65.39,4.02,0.101,0.06,0.0,0.0,4.084,4.339,1.377,0.735,0.255,1.39,0.581,0.0,0.0,,20.0,HOLD,0.255,0.0,5.88,94.12,3.349
2026-08-26T03:00:00,3,2,8,False,24.49,55.33,4.66,0.101,0.06,0.0,0.0,4.943,4.069,1.227,0.703,0.104,1.496,0.539,0.0,0.0,,22.08,CHARGING,0.0,0.874,0.0,100.0,4.053
2026-08-26T04:00:00,4,2,8,False,26.03,66.31,4.05,0.101,0.06,0.0,0.0,4.089,3.683,1.404,0.362,0.148,1.404,0.365,0.0,0.0,,23.04,CHARGING,0.0,0.406,0.0,100.0,3.353
2026-08-26T05:00:00,5,2,8,False,31.94,56.04,3.57,0.101,0.06,0.0,0.0,3.514,3.565,1.077,0.502,0.039,1.461,0.487,0.0,0.0,,22.91,DISCHARGING,0.051,0.0,1.43,98.57,2.881
2026-08-26T06:00:00,6,2,8,False,32.38,54.19,4.91,0.101,0.06,0.0,0.0,5.015,3.38,1.002,0.796,0.289,0.821,0.473,0.0,0.0,,26.79,CHARGING,0.0,1.635,0.0,100.0,4.112
2026-08-26T07:00:00,7,2,8,False,33.91,72.18,5.85,0.101,0.06,208.0,1.766,5.077,5.076,1.461,0.309,0.142,1.177,1.987,0.0,0.0,,30.99,CHARGING,0.0,1.767,0.0,100.0,5.611
2026-08-26T08:00:00,8,2,8,False,35.47,66.2,4.57,0.101,0.06,401.83,3.334,4.793,10.629,4.134,0.766,1.894,1.702,2.133,0.0,0.0,,24.4,DISCHARGING,2.502,0.0,23.54,76.46,6.664
2026-08-26T09:00:00,9,2,8,False,37.58,66.39,3.61,0.101,0.06,568.27,5.024,3.338,14.479,4.008,6.327,2.012,1.688,0.444,0.0,0.0,,20.0,DISCHARGING,6.117,0.0,42.25,57.75,6.857
2026-08-26T10:00:00,10,2,8,False,37.46,53.37,2.98,0.101,0.06,695.99,6.093,2.493,21.989,4.067,6.174,2.016,2.294,0.438,7.0,0.0,,20.0,HOLD,13.403,0.0,60.95,39.05,7.041
2026-08-26T11:00:00,11,2,8,False,39.93,57.76,2.91,0.101,0.06,776.28,6.555,2.469,22.02,4.086,6.33,2.034,2.387,0.182,7.0,0.0,,20.0,HOLD,12.996,0.0,59.02,40.98,7.4
2026-08-26T12:00:00,12,2,8,False,38.85,58.36,1.92,0.101,0.06,803.66,6.865,1.343,24.642,4.372,6.145,2.191,2.826,2.109,7.0,0.0,,20.0,HOLD,16.434,0.0,66.69,33.31,6.731
2026-08-26T13:00:00,13,2,8,False,39.19,59.77,1.62,0.101,0.06,776.28,6.588,0.971,23.355,3.8,6.125,1.899,2.643,1.888,7.0,0.0,,20.0,HOLD,15.796,0.0,67.63,32.37,6.198
2026-08-26T14:00:00,14,2,8,False,38.58,60.87,1.21,0.101,0.06,695.99,5.995,0.721,14.974,3.868,5.609,1.942,3.066,0.489,0.0,0.0,,20.0,HOLD,8.258,0.0,55.15,44.85,5.507
2026-08-26T15:00:00,15,2,8,False,38.19,70.66,2.55,0.101,0.06,568.27,4.798,2.181,15.332,3.948,6.306,2.071,2.703,0.303,0.0,0.0,,20.0,HOLD,8.353,0.0,54.48,45.52,5.723
2026-08-26T16:00:00,16,2,8,False,34.17,66.41,0.0,0.101,0.06,401.83,3.628,0.0,15.977,4.171,6.445,2.021,2.964,0.375,0.0,0.0,,20.0,HOLD,12.349,0.0,77.29,22.71,2.975
2026-08-26T17:00:00,17,2,8,False,34.88,64.32,1.77,0.101,0.06,208.0,1.813,1.17,15.264,3.681,6.269,1.872,2.966,0.476,0.0,0.0,,20.0,HOLD,12.281,0.0,80.46,19.54,2.446
2026-08-26T18:00:00,18,2,8,False,30.29,72.62,0.51,0.101,0.06,0.0,0.0,0.062,16.441,4.16,5.768,1.808,2.797,1.908,0.0,0.0,,20.0,HOLD,16.379,0.0,99.62,0.38,0.051
2026-08-26T19:00:00,19,2,8,False,30.41,65.55,0.42,0.101,0.06,0.0,0.0,0.0,16.775,4.076,5.913,2.142,2.568,2.076,0.0,0.0,,20.0,HOLD,16.775,0.0,100.0,0.0,0.0
2026-08-26T20:00:00,20,2,8,False,26.93,61.88,0.64,0.101,0.06,0.0,0.0,0.387,9.697,1.169,5.633,0.117,2.395,0.383,0.0,0.0,,20.0,HOLD,9.31,0.0,96.01,3.99,0.317
2026-08-26T21:00:00,21,2,8,False,26.01,57.44,2.43,0.101,0.06,0.0,0.0,1.813,4.336,1.248,0.525,0.044,2.102,0.416,0.0,0.0,,20.0,HOLD,2.523,0.0,58.19,41.81,1.487
2026-08-26T22:00:00,22,2,8,False,25.66,55.52,2.34,0.101,0.06,0.0,0.0,1.876,4.252,1.428,0.816,0.251,1.358,0.399,0.0,0.0,,20.0,HOLD,2.376,0.0,55.88,44.12,1.538
2026-08-26T23:00:00,23,2,8,False,22.84,67.66,3.51,0.101,0.06,0.0,0.0,3.281,3.489,1.25,0.87,0.032,0.933,0.404,0.0,0.0,,20.0,HOLD,0.208,0.0,5.96,94.04,2.69
2026-08-27T00:00:00,0,3,8,False,20.2,82.96,3.13,1.0,0.6,0.0,0.0,2.702,4.175,1.232,0.795,0.082,1.637,0.427,0.0,0.0,,20.0,HOLD,1.473,0.0,35.28,64.72,2.216
2026-08-27T01:00:00,1,3,8,False,23.36,79.3,3.63,1.0,0.6,0.0,0.0,3.423,3.601,1.245,0.414,0.106,1.526,0.31,0.0,0.0,,20.0,HOLD,0.178,0.0,4.94,95.06,2.807
2026-08-27T02:00:00,2,3,8,False,26.27,76.17,4.47,1.0,0.6,0.0,0.0,4.654,3.488,0.879,0.421,0.195,1.578,0.415,0.0,0.0,,22.77,CHARGING,0.0,1.166,0.0,100.0,3.816
2026-08-27T03:00:00,3,3,8,False,27.7,78.12,3.63,1.0,0.6,0.0,0.0,3.264,3.464,1.11,0.279,0.18,1.435,0.46,0.0,0.0,,22.24,DISCHARGING,0.2,0.0,5.77,94.23,2.676
2026-08-27T04:00:00,4,3,8,False,28.38,77.06,3.69,1.0,0.6,0.0,0.0,3.615,4.5,1.687,0.811,0.099,1.486,0.418,0.0,0.0,,20.0,DISCHARGING,0.885,0.0,19.67,80.33,2.964
2026-08-27T05:00:00,5,3,8,False,29.15,68.64,5.31,1.0,0.6,0.0,0.0,4.952,4.312,1.178,1.04,0.074,1.541,0.479,0.0,0.0,,21.52,CHARGING,0.0,0.64,0.0,100.0,4.061
2026-08-27T06:00:00,6,3,8,False,32.26,86.75,3.71,1.0,0.6,0.0,0.0,3.518,2.969,1.138,0.485,0.081,0.925,0.34,0.0,0.0,,22.82,CHARGING,0.0,0.549,0.0,100.0,2.885
2026-08-27T07:00:00,7,3,8,False,35.08,88.13,5.35,1.0,0.6,34.12,0.293,4.92,5.76,0.906,1.258,0.266,1.161,2.169,0.0,0.0,,21.38,DISCHARGING,0.547,0.0,9.5,90.5,4.275
2026-08-27T08:00:00,8,3,8,False,38.03,76.23,3.65,1.0,0.6,65.91,0.561,3.381,10.436,3.981,0.814,1.863,1.662,2.117,0.0,0.0,,20.0,DISCHARGING,6.494,0.0,62.23,37.77,3.232
2026-08-27T09:00:00,9,3,8,False,38.26,76.66,4.35,1.0,0.6,93.21,0.808,4.424,14.382,4.049,6.008,2.113,1.863,0.35,0.0,0.0,,20.0,HOLD,9.15,0.0,63.62,36.38,4.29
2026-08-27T10:00:00,10,3,8,False,37.07,77.88,4.35,1.0,0.6,114.15,0.961,4.459,21.443,4.107,5.669,1.899,2.384,0.383,7.0,0.0,,20.0,HOLD,16.023,0.0,74.72,25.28,4.444
2026-08-27T11:00:00,11,3,8,False,41.16,79.99,3.23,1.0,0.6,127.32,1.075,3.041,22.381,4.261,6.346,1.937,2.361,0.476,7.0,0.0,,20.0,HOLD,18.265,0.0,81.61,18.39,3.375
2026-08-27T12:00:00,12,3,8,False,42.07,80.07,3.93,1.0,0.6,131.81,1.121,3.97,23.629,4.03,6.058,2.01,2.6,1.931,7.0,0.0,,20.0,HOLD,18.538,0.0,78.45,21.55,4.175
2026-08-27T13:00:00,13,3,8,False,38.68,80.71,1.2,1.0,0.6,127.32,1.082,0.736,24.408,4.252,6.397,2.142,2.76,1.857,7.0,0.0,,20.0,HOLD,22.59,0.0,92.55,7.45,1.491
2026-08-27T14:00:00,14,3,8,False,40.32,87.78,3.11,1.0,0.6,114.15,0.974,2.537,16.038,4.073,6.167,2.125,3.183,0.491,0.0,0.0,,20.0,HOLD,12.527,0.0,78.11,21.89,2.879
2026-08-27T15:00:00,15,3,8,False,36.78,82.67,0.76,1.0,0.6,93.21,0.787,0.48,15.138,3.659,6.17,2.032,2.969,0.307,0.0,0.0,,20.0,HOLD,13.871,0.0,91.63,8.37,1.039
2026-08-27T16:00:00,16,3,8,False,32.91,77.43,0.84,1.0,0.6,65.91,0.587,0.309,14.993,4.091,5.612,2.048,2.632,0.61,0.0,0.0,,20.0,HOLD,14.097,0.0,94.02,5.98,0.735
2026-08-27T17:00:00,17,3,8,False,33.86,76.41,0.0,1.0,0.6,34.12,0.291,0.0,14.828,3.927,5.801,1.918,2.7,0.482,0.0,0.0,,20.0,HOLD,14.537,0.0,98.04,1.96,0.239
2026-08-27T18:00:00,18,3,8,False,33.8,79.91,0.8,1.0,0.6,0.0,0.0,0.362,16.679,4.046,5.934,2.04,2.765,1.895,0.0,0.0,,20.0,HOLD,16.317,0.0,97.83,2.17,0.297
2026-08-27T19:00:00,19,3,8,False,31.72,88.38,0.9,1.0,0.6,0.0,0.0,0.625,16.688,4.235,6.068,1.928,2.403,2.053,0.0,0.0,,20.0,HOLD,16.063,0.0,96.25,3.75,0.512
2026-08-27T20:00:00,20,3,8,False,28.21,84.17,0.8,1.0,0.6,0.0,0.0,0.439,10.482,1.005,6.3,0.25,2.429,0.498,0.0,0.0,,20.0,HOLD,10.043,0.0,95.81,4.19,0.36
2026-08-27T21:00:00,21,3,8,False,26.22,88.92,1.45,1.0,0.6,0.0,0.0,0.951,3.723,1.124,0.041,0.077,2.011,0.47,0.0,0.0,,20.0,HOLD,2.772,0.0,74.46,25.54,0.78
2026-08-27T22:00:00,22,3,8,False,25.69,81.96,2.92,1.0,0.6,0.0,0.0,2.55,3.878,1.234,0.427,0.247,1.63,0.339,0.0,0.0,,20.0,HOLD,1.328,0.0,34.24,65.76,2.091
2026-08-27T23:00:00,23,3,8,False,24.01,86.9,3.61,1.0,0.6,0.0,0.0,3.44,3.883,0.913,1.116,0.304,1.377,0.173,0.0,0.0,,20.0,HOLD,0.443,0.0,11.41,88.59,2.821
2026-08-28T00:00:00,0,4,8,False,24.06,76.88,2.9,0.673,0.404,0.0,0.0,2.444,3.897,1.324,0.368,0.143,1.529,0.534,0.0,0.0,,20.0,HOLD,1.453,0.0,37.29,62.71,2.004
2026-08-28T01:00:00,1,4,8,False,25.49,73.78,4.38,0.673,0.404,0.0,0.0,4.406,5.117,1.604,1.246,0.246,1.625,0.396,0.0,0.0,,20.0,HOLD,0.711,0.0,13.89,86.11,3.613
2026-08-28T02:00:00,2,4,8,False,24.76,73.22,3.51,0.673,0.404,0.0,0.0,3.332,4.303,1.597,0.63,0.051,1.747,0.278,0.0,0.0,,20.0,HOLD,0.971,0.0,22.57,77.43,2.732
2026-08-28T03:00:00,3,4,8,False,25.5,75.55,4.63,0.673,0.404,0.0,0.0,4.909,3.825,0.904,0.787,0.318,1.317,0.5,0.0,0.0,,22.57,CHARGING,0.0,1.084,0.0,100.0,4.025
2026-08-28T04:00:00,4,4,8,False,29.4,63.55,4.2,0.673,0.404,0.0,0.0,4.252,3.965,1.508,0.565,0.099,1.522,0.27,0.0,0.0,,23.26,CHARGING,0.0,0.287,0.0,100.0,3.487
2026-08-28T05:00:00,5,4,8,False,30.7,69.3,4.15,0.673,0.404,0.0,0.0,4.402,4.162,1.64,0.288,0.14,1.577,0.517,0.0,0.0,,23.83,CHARGING,0.0,0.24,0.0,100.0,3.61
2026-08-28T06:00:00,6,4,8,False,28.75,71.03,5.07,0.673,0.404,0.0,0.0,4.866,3.453,1.086,0.618,0.301,0.953,0.495,0.0,0.0,,27.18,CHARGING,0.0,1.413,0.0,100.0,3.99
2026-08-28T07:00:00,7,4,8,False,34.11,72.54,4.37,0.673,0.404,97.31,0.856,4.668,5.185,1.17,0.321,0.234,1.336,2.123,0.0,0.0,,27.99,CHARGING,0.0,0.339,0.0,100.0,4.53
2026-08-28T08:00:00,8,4,8,False,34.98,77.24,4.2,0.673,0.404,187.99,1.611,4.255,10.258,4.251,0.189,2.206,1.526,2.087,0.0,0.0,,20.0,DISCHARGING,4.392,0.0,42.82,57.18,4.81
2026-08-28T09:00:00,9,4,8,False,37.49,72.15,4.63,0.673,0.404,265.85,2.312,4.949,14.532,3.885,6.544,2.003,1.849,0.251,0.0,0.0,,20.0,HOLD,7.271,0.0,50.03,49.97,5.954
2026-08-28T10:00:00,10,4,8,False,41.73,83.77,3.56,0.673,0.404,325.6,2.756,3.371,22.135,4.034,6.665,1.781,2.282,0.373,7.0,0.0,,20.0,HOLD,16.008,0.0,72.32,27.68,5.024
2026-08-28T11:00:00,11,4,8,False,39.41,72.13,3.64,0.673,0.404,363.16,3.092,3.466,21.937,3.737,6.114,2.072,2.427,0.587,7.0,0.0,,20.0,HOLD,15.379,0.0,70.11,29.89,5.378
2026-08-28T12:00:00,12,4,8,False,42.0,77.62,3.68,0.673,0.404,375.98,3.156,3.637,24.27,4.314,6.242,1.943,2.713,2.057,7.0,0.0,,20.0,HOLD,17.477,0.0,72.01,27.99,5.57
2026-08-28T13:00:00,13,4,8,False,40.98,70.63,2.42,0.673,0.404,363.16,3.156,1.776,23.508,3.812,5.602,1.906,3.06,2.128,7.0,0.0,,20.0,HOLD,18.576,0.0,79.02,20.98,4.044
2026-08-28T14:00:00,14,4,8,False,38.82,73.41,2.4,0.673,0.404,325.6,2.702,2.077,15.561,4.275,6.106,1.914,2.934,0.331,0.0,0.0,,20.0,HOLD,10.782,0.0,69.29,30.71,3.919
2026-08-28T15:00:00,15,4,8,False,37.8,71.76,1.83,0.673,0.404,265.85,2.204,1.455,15.3,4.048,6.137,1.958,2.766,0.392,0.0,0.0,,20.0,HOLD,11.641,0.0,76.08,23.92,3.0
2026-08-28T16:00:00,16,4,8,False,35.52,77.99,1.84,0.673,0.404,187.99,1.646,1.342,15.84,4.361,6.117,2.11,3.042,0.21,0.0,0.0,,20.0,HOLD,12.852,0.0,81.14,18.86,2.45
2026-08-28T17:00:00,17,4,8,False,33.84,74.62,0.37,0.673,0.404,97.31,0.831,0.175,15.621,4.196,6.361,2.162,2.622,0.28,0.0,0.0,,20.0,HOLD,14.615,0.0,93.56,6.44,0.825
2026-08-28T18:00:00,18,4,8,False,36.39,74.58,1.81,0.673,0.404,0.0,0.0,1.209,15.923,3.613,5.768,1.989,2.611,1.941,0.0,0.0,,20.0,HOLD,14.714,0.0,92.41,7.59,0.991
2026-08-28T19:00:00,19,4,8,False,33.77,74.85,0.87,0.673,0.404,0.0,0.0,0.462,16.628,3.905,6.374,2.044,2.316,1.989,0.0,0.0,,20.0,HOLD,16.166,0.0,97.22,2.78,0.379
2026-08-28T20:00:00,20,4,8,False,27.74,76.01,1.09,0.673,0.404,0.0,0.0,0.623,10.094,1.268,6.026,-0.015,2.367,0.449,0.0,0.0,,20.0,HOLD,9.471,0.0,93.83,6.17,0.511
2026-08-28T21:00:00,21,4,8,False,24.87,76.7,1.81,0.673,0.404,0.0,0.0,1.269,4.667,1.264,0.884,0.169,2.012,0.338,0.0,0.0,,20.0,HOLD,3.398,0.0,72.81,27.19,1.041
2026-08-28T22:00:00,22,4,8,False,26.74,77.55,0.71,0.673,0.404,0.0,0.0,0.397,3.856,1.044,0.627,0.206,1.683,0.295,0.0,0.0,,20.0,HOLD,3.459,0.0,89.7,10.3,0.326
2026-08-28T23:00:00,23,4,8,False,25.23,70.12,1.01,0.673,0.404,0.0,0.0,0.587,4.042,1.28,0.737,0.347,1.217,0.461,0.0,0.0,,20.0,HOLD,3.455,0.0,85.48,14.52,0.481
2026-08-29T00:00:00,0,5,8,True,24.1,74.27,2.93,0.387,0.232,0.0,0.0,2.466,2.699,0.167,0.396,0.233,1.537,0.367,0.0,0.0,,20.0,HOLD,0.233,0.0,8.63,91.37,2.022
2026-08-29T01:00:00,1,5,8,True,18.9,64.26,4.75,0.387,0.232,0.0,0.0,4.978,2.218,-0.157,0.372,0.196,1.393,0.415,0.0,0.0,,26.55,CHARGING,0.0,2.76,0.0,100.0,4.082
2026-08-29T02:00:00,2,5,8,True,25.02,61.03,4.74,0.387,0.232,0.0,0.0,5.073,1.917,-0.128,0.029,0.141,1.485,0.39,0.0,0.0,,34.05,CHARGING,0.0,3.156,0.0,100.0,4.16
2026-08-29T03:00:00,3,5,8,True,26.03,71.6,3.59,0.387,0.232,0.0,0.0,3.212,2.309,-0.311,0.601,0.357,1.181,0.482,0.0,0.0,,36.2,CHARGING,0.0,0.903,0.0,100.0,2.634
2026-08-29T04:00:00,4,5,8,True,30.46,75.63,4.04,0.387,0.232,0.0,0.0,4.095,3.043,-0.144,0.6,0.283,1.759,0.544,0.0,0.0,,38.69,CHARGING,0.0,1.052,0.0,100.0,3.358
2026-08-29T05:00:00,5,5,8,True,29.92,74.49,7.42,0.387,0.232,0.0,0.0,4.9,1.822,-0.306,-0.134,0.107,1.707,0.449,0.0,0.0,,46.0,CHARGING,0.0,3.078,0.0,100.0,4.018
2026-08-29T06:00:00,6,5,8,True,31.08,66.45,4.89,0.387,0.232,0.0,0.0,4.912,2.084,0.07,0.39,0.115,1.138,0.37,0.0,0.0,,52.72,CHARGING,0.0,2.828,0.0,100.0,4.028
2026-08-29T07:00:00,7,5,8,True,32.58,68.01,5.61,0.387,0.232,152.68,1.343,4.882,4.427,0.162,0.952,0.074,1.318,1.921,0.0,0.0,,56.99,CHARGING,0.0,1.798,0.0,100.0,5.104
2026-08-29T08:00:00,8,5,8,True,40.03,69.14,5.72,0.387,0.232,294.96,2.434,4.901,5.54,0.149,-0.109,1.867,1.62,2.013,0.0,0.0,,61.25,CHARGING,0.0,1.795,0.0,100.0,6.015
2026-08-29T09:00:00,9,5,8,True,38.23,72.33,4.06,0.387,0.232,417.14,3.494,4.157,7.557,0.043,3.18,2.118,1.882,0.334,0.0,0.0,,61.48,CHARGING,0.0,0.094,0.0,100.0,6.274
2026-08-29T10:00:00,10,5,8,True,36.4,66.85,2.38,0.387,0.232,510.89,4.379,1.733,14.787,-0.174,3.457,2.088,2.061,0.356,7.0,0.0,,38.65,DISCHARGING,8.675,0.0,58.67,41.33,5.012
2026-08-29T11:00:00,11,5,8,True,40.34,63.69,3.02,0.387,0.232,569.82,4.781,2.729,14.869,0.236,2.779,2.046,2.508,0.299,7.0,0.0,,20.0,DISCHARGING,7.359,0.0,49.49,50.51,6.158
2026-08-29T12:00:00,12,5,8,True,39.55,73.55,1.99,0.387,0.232,589.92,5.155,1.361,16.845,-0.13,3.316,2.122,2.551,1.985,7.0,0.0,,20.0,HOLD,10.329,0.0,61.32,38.68,5.343
2026-08-29T13:00:00,13,5,8,True,39.64,69.66,1.87,0.387,0.232,569.82,4.76,1.22,16.264,-0.02,2.553,1.794,3.011,1.926,7.0,0.0,,20.0,HOLD,10.284,0.0,63.23,36.77,4.904
2026-08-29T14:00:00,14,5,8,True,42.13,65.2,3.58,0.387,0.232,510.89,4.483,3.477,7.581,-0.129,2.225,2.069,2.973,0.443,0.0,0.0,,20.9,CHARGING,0.0,0.379,0.0,100.0,6.527
2026-08-29T15:00:00,15,5,8,True,37.31,65.6,0.67,0.387,0.232,417.14,3.62,0.239,7.806,-0.072,2.544,2.009,2.833,0.492,0.0,0.0,,20.0,DISCHARGING,3.947,0.0,50.56,49.44,3.164
2026-08-29T16:00:00,16,5,8,True,34.9,78.55,1.03,0.387,0.232,294.96,2.534,0.48,8.276,0.117,2.464,2.125,3.117,0.452,0.0,0.0,,20.0,HOLD,5.262,0.0,63.58,36.42,2.471
2026-08-29T17:00:00,17,5,8,True,29.0,61.37,0.86,0.387,0.232,152.68,1.383,0.504,8.281,0.078,2.639,2.149,2.834,0.581,0.0,0.0,,20.0,HOLD,6.394,0.0,77.21,22.79,1.547
2026-08-29T18:00:00,18,5,8,True,32.4,65.43,1.41,0.387,0.232,0.0,0.0,0.894,10.289,0.289,3.053,1.995,2.808,2.144,0.0,0.0,,20.0,HOLD,9.395,0.0,91.31,8.69,0.733
2026-08-29T19:00:00,19,5,8,True,31.45,58.45,1.18,0.387,0.232,0.0,0.0,0.496,9.61,0.007,2.965,1.858,2.565,2.215,0.0,0.0,,20.0,HOLD,9.114,0.0,94.84,5.16,0.407
2026-08-29T20:00:00,20,5,8,True,27.53,79.51,1.88,0.387,0.232,0.0,0.0,1.225,6.09,0.047,3.144,0.343,2.432,0.123,0.0,0.0,,20.0,HOLD,4.865,0.0,79.89,20.11,1.004
2026-08-29T21:00:00,21,5,8,True,25.06,62.66,1.53,0.387,0.232,0.0,0.0,0.873,2.633,-0.001,0.142,0.1,1.956,0.434,0.0,0.0,,20.0,HOLD,1.76,0.0,66.84,33.16,0.716
2026-08-29T22:00:00,22,5,8,True,24.37,68.02,3.1,0.387,0.232,0.0,0.0,2.613,2.826,-0.043,0.634,0.118,1.708,0.409,0.0,0.0,,20.0,HOLD,0.213,0.0,7.54,92.46,2.143
2026-08-29T23:00:00,23,5,8,True,27.26,64.24,2.79,0.387,0.232,0.0,0.0,2.413,1.648,-0.079,-0.049,0.254,1.274,0.248,0.0,0.0,,21.82,CHARGING,0.0,0.765,0.0,100.0,1.979
2026-08-30T00:00:00,0,6,8,True,24.38,56.38,2.49,0.198,0.119,0.0,0.0,2.093,3.052,0.242,0.584,0.227,1.589,0.41,0.0,0.0,,20.0,DISCHARGING,0.959,0.0,31.42,68.58,1.716
2026-08-30T01:00:00,1,6,8,True,22.62,60.92,2.79,0.198,0.119,0.0,0.0,2.442,2.083,-0.216,0.316,0.16,1.477,0.346,0.0,0.0,,20.85,CHARGING,0.0,0.359,0.0,100.0,2.002
2026-08-30T02:00:00,2,6,8,True,27.18,65.03,3.98,0.198,0.119,0.0,0.0,3.875,2.564,0.022,0.619,0.347,1.328,0.248,0.0,0.0,,23.97,CHARGING,0.0,1.311,0.0,100.0,3.177
2026-08-30T03:00:00,3,6,8,True,26.44,65.75,5.3,0.198,0.119,0.0,0.0,4.864,1.421,-0.114,-0.359,0.186,1.175,0.533,0.0,0.0,,32.14,CHARGING,0.0,3.443,0.0,100.0,3.988
2026-08-30T04:00:00,4,6,8,True,30.33,56.39,4.84,0.198,0.119,0.0,0.0,5.186,2.664,0.095,0.655,0.151,1.369,0.393,0.0,0.0,,38.13,CHARGING,0.0,2.522,0.0,100.0,4.253
2026-08-30T05:00:00,5,6,8,True,27.04,64.65,6.74,0.198,0.119,0.0,0.0,4.954,2.503,-0.309,0.728,0.088,1.552,0.444,0.0,0.0,,43.95,CHARGING,0.0,2.451,0.0,100.0,4.062
2026-08-30T06:00:00,6,6,8,True,32.11,63.21,4.37,0.198,0.119,0.0,0.0,4.652,2.037,0.114,0.294,0.143,1.216,0.27,0.0,0.0,,50.16,CHARGING,0.0,2.615,0.0,100.0,3.815
2026-08-30T07:00:00,7,6,8,True,31.75,62.66,4.87,0.198,0.119,189.22,1.693,5.065,4.31,0.006,0.45,0.248,1.58,2.025,0.0,0.0,,55.98,CHARGING,0.0,2.448,0.0,100.0,5.542
2026-08-30T08:00:00,8,6,8,True,34.98,50.86,4.89,0.198,0.119,365.54,3.156,5.109,6.501,0.12,0.39,2.065,1.784,2.143,0.0,0.0,,60.17,CHARGING,0.0,1.764,0.0,100.0,6.777
2026-08-30T09:00:00,9,6,8,True,38.33,52.39,4.16,0.198,0.119,516.95,4.491,4.296,7.229,0.031,2.794,2.097,1.911,0.397,0.0,0.0,,63.87,CHARGING,0.0,1.558,0.0,100.0,7.205
2026-08-30T10:00:00,10,6,8,True,38.84,58.21,4.36,0.198,0.119,633.13,5.443,4.48,14.821,-0.137,3.266,1.9,2.382,0.41,7.0,0.0,,50.98,DISCHARGING,4.898,0.0,33.05,66.95,8.137
2026-08-30T11:00:00,11,6,8,True,37.25,65.51,4.61,0.198,0.119,706.17,6.092,5.049,15.352,0.3,3.06,2.062,2.564,0.366,7.0,0.0,,39.9,DISCHARGING,4.211,0.0,27.43,72.57,9.136
2026-08-30T12:00:00,12,6,8,True,37.62,70.85,3.17,0.198,0.119,731.08,6.32,2.718,16.694,0.22,2.907,1.791,2.871,1.905,7.0,0.0,,20.0,DISCHARGING,7.656,0.0,45.86,54.14,7.411
2026-08-30T13:00:00,13,6,8,True,42.4,62.81,3.4,0.198,0.119,706.17,5.968,3.378,17.51,0.2,3.071,2.289,2.891,2.058,7.0,0.0,,20.0,HOLD,8.164,0.0,46.62,53.38,7.664
2026-08-30T14:00:00,14,6,8,True,37.52,62.51,0.66,0.198,0.119,633.13,5.417,0.301,8.384,-0.284,3.198,1.917,3.059,0.493,0.0,0.0,,20.0,HOLD,2.666,0.0,31.8,68.2,4.689
2026-08-30T15:00:00,15,6,8,True,37.06,71.67,0.81,0.198,0.119,516.95,4.505,0.383,8.496,0.294,3.025,1.938,2.85,0.389,0.0,0.0,,20.0,HOLD,3.608,0.0,42.47,57.53,4.008
2026-08-30T16:00:00,16,6,8,True,37.16,64.07,2.38,0.198,0.119,365.54,3.206,1.814,7.78,-0.156,2.608,1.949,2.778,0.601,0.0,0.0,,20.0,HOLD,2.76,0.0,35.48,64.52,4.116
2026-08-30T17:00:00,17,6,8,True,34.73,72.56,0.99,0.198,0.119,189.22,1.594,0.48,9.123,0.4,2.957,2.245,2.991,0.531,0.0,0.0,,20.0,HOLD,7.049,0.0,77.27,22.73,1.701
2026-08-30T18:00:00,18,6,8,True,34.0,61.51,1.0,0.198,0.119,0.0,0.0,0.402,10.198,-0.013,2.999,2.169,2.808,2.236,0.0,0.0,,20.0,HOLD,9.796,0.0,96.06,3.94,0.33
2026-08-30T19:00:00,19,6,8,True,26.69,62.18,0.09,0.198,0.119,0.0,0.0,0.004,9.013,-0.294,2.926,1.88,2.3,2.2,0.0,0.0,,20.0,HOLD,9.009,0.0,99.96,0.04,0.003
2026-08-30T20:00:00,20,6,8,True,27.47,63.49,1.41,0.198,0.119,0.0,0.0,0.75,6.051,-0.062,3.101,0.342,2.392,0.278,0.0,0.0,,20.0,HOLD,5.301,0.0,87.61,12.39,0.615
2026-08-30T21:00:00,21,6,8,True,27.83,60.83,1.97,0.198,0.119,0.0,0.0,1.436,3.023,0.009,0.444,0.114,2.249,0.207,0.0,0.0,,20.0,HOLD,1.587,0.0,52.5,47.5,1.178
2026-08-30T22:00:00,22,6,8,True,25.94,67.17,2.29,0.198,0.119,0.0,0.0,1.853,1.89,-0.022,-0.056,0.091,1.637,0.24,0.0,0.0,,20.0,HOLD,0.037,0.0,1.96,98.04,1.519
2026-08-30T23:00:00,23,6,8,True,26.97,73.09,3.32,0.198,0.119,0.0,0.0,2.992,1.329,-0.174,-0.503,0.159,1.53,0.317,0.0,0.0,,23.95,CHARGING,0.0,1.663,0.0,100.0,2.453
2026-08-31T00:00:00,0,0,8,False,23.69,66.03,2.56,0.208,0.125,0.0,0.0,1.89,4.282,0.93,1.046,0.273,1.461,0.571,0.0,0.0,,20.0,DISCHARGING,2.392,0.0,55.86,44.14,1.55
2026-08-31T01:00:00,1,0,8,False,22.23,63.82,4.26,0.208,0.125,0.0,0.0,4.162,4.373,1.148,0.821,0.194,1.688,0.522,0.0,0.0,,20.0,HOLD,0.211,0.0,4.83,95.17,3.413
2026-08-31T02:00:00,2,0,8,False,23.63,59.19,4.66,0.208,0.125,0.0,0.0,5.066,3.902,1.033,0.836,0.149,1.413,0.471,0.0,0.0,,22.76,CHARGING,0.0,1.164,0.0,100.0,4.154
2026-08-31T03:00:00,3,0,8,False,25.09,69.36,3.7,0.208,0.125,0.0,0.0,3.42,3.523,1.371,0.478,0.06,1.124,0.49,0.0,0.0,,22.49,DISCHARGING,0.103,0.0,2.92,97.08,2.804
2026-08-31T04:00:00,4,0,8,False,26.71,67.35,3.74,0.208,0.125,0.0,0.0,3.533,5.044,1.383,1.216,0.335,1.679,0.431,0.0,0.0,,20.0,DISCHARGING,1.511,0.0,29.96,70.04,2.897
2026-08-31T05:00:00,5,0,8,False,29.26,66.36,4.89,0.208,0.125,0.0,0.0,4.923,3.677,0.914,0.671,0.208,1.402,0.482,0.0,0.0,,22.96,CHARGING,0.0,1.246,0.0,100.0,4.037
2026-08-31T06:00:00,6,0,8,False,30.43,68.06,4.45,0.208,0.125,0.0,0.0,4.611,3.171,1.246,0.366,0.18,0.922,0.456,0.0,0.0,,26.38,CHARGING,0.0,1.44,0.0,100.0,3.781
2026-08-31T07:00:00,7,0,8,False,34.55,58.76,5.15,0.208,0.125,187.26,1.634,5.055,5.037,1.338,0.384,0.292,1.067,1.957,0.0,0.0,,30.3,CHARGING,0.0,1.652,0.0,100.0,5.485
2026-08-31T08:00:00,8,0,8,False,35.59,62.7,3.72,0.208,0.125,361.76,3.132,3.408,9.863,3.921,0.075,2.204,1.65,2.013,0.0,0.0,,21.56,DISCHARGING,3.323,0.0,33.69,66.31,5.363
2026-08-31T09:00:00,9,0,8,False,38.0,69.05,4.9,0.208,0.125,511.6,4.228,5.131,13.978,4.249,5.98,1.988,1.485,0.276,0.0,0.0,,20.0,DISCHARGING,4.619,0.0,33.04,66.96,7.674
2026-08-31T10:00:00,10,0,8,False,39.71,67.8,4.96,0.208,0.125,626.58,5.299,5.193,21.639,4.201,5.882,2.218,2.085,0.253,7.0,0.0,,20.0,HOLD,11.147,0.0,51.51,48.49,8.603
2026-08-31T11:00:00,11,0,8,False,39.1,62.33,2.91,0.208,0.125,698.86,6.03,2.48,21.428,3.998,6.018,1.769,2.281,0.361,7.0,0.0,,20.0,HOLD,12.918,0.0,60.29,39.71,6.978
2026-08-31T12:00:00,12,0,8,False,38.74,71.18,2.81,0.208,0.125,723.51,6.145,2.229,24.16,3.841,6.513,2.153,2.808,1.844,7.0,0.0,,20.0,HOLD,15.786,0.0,65.34,34.66,6.867
2026-08-31T13:00:00,13,0,8,False,40.19,64.28,2.79,0.208,0.125,698.86,5.84,2.293,23.642,3.872,5.656,2.137,3.006,1.972,7.0,0.0,,20.0,HOLD,15.509,0.0,65.6,34.4,6.669
2026-08-31T14:00:00,14,0,8,False,39.46,75.87,2.31,0.208,0.125,626.58,5.406,1.841,15.399,4.008,5.87,2.138,3.066,0.317,0.0,0.0,,20.0,HOLD,8.152,0.0,52.94,47.06,5.943
2026-08-31T15:00:00,15,0,8,False,38.34,53.68,2.26,0.208,0.125,511.6,4.278,1.73,14.586,3.615,5.47,1.973,3.074,0.454,0.0,0.0,,20.0,HOLD,8.578,0.0,58.81,41.19,4.927
2026-08-31T16:00:00,16,0,8,False,38.37,62.29,1.33,0.208,0.125,361.76,3.001,0.732,15.972,4.142,6.226,2.026,3.05,0.528,0.0,0.0,,20.0,HOLD,12.239,0.0,76.63,23.37,3.061
2026-08-31T17:00:00,17,0,8,False,34.18,60.52,2.16,0.208,0.125,187.26,1.621,1.541,14.876,4.159,5.696,1.968,2.594,0.459,0.0,0.0,,20.0,HOLD,11.714,0.0,78.74,21.26,2.593
2026-08-31T18:00:00,18,0,8,False,33.87,68.22,1.73,0.208,0.125,0.0,0.0,1.206,16.957,4.123,6.204,1.934,2.689,2.007,0.0,0.0,,20.0,HOLD,15.751,0.0,92.89,7.11,0.989
2026-08-31T19:00:00,19,0,8,False,29.43,57.98,0.0,0.208,0.125,0.0,0.0,0.091,17.444,4.002,6.829,1.908,2.575,2.129,0.0,0.0,,20.0,HOLD,17.353,0.0,99.48,0.52,0.075
2026-08-31T20:00:00,20,0,8,False,29.6,69.51,1.79,0.208,0.125,0.0,0.0,1.366,10.003,1.457,5.744,0.232,2.018,0.552,0.0,0.0,,20.0,HOLD,8.637,0.0,86.34,13.66,1.12
2026-08-31T21:00:00,21,0,8,False,26.68,63.61,2.66,0.208,0.125,0.0,0.0,2.439,4.476,1.226,0.3,0.315,2.255,0.38,0.0,0.0,,20.0,HOLD,2.037,0.0,45.51,54.49,2.0
2026-08-31T22:00:00,22,0,8,False,24.92,58.6,2.19,0.208,0.125,0.0,0.0,1.799,3.659,1.174,0.349,0.155,1.779,0.202,0.0,0.0,,20.0,HOLD,1.86,0.0,50.83,49.17,1.475
2026-08-31T23:00:00,23,0,8,False,24.65,74.31,4.45,0.208,0.125,0.0,0.0,4.829,4.123,1.461,0.562,0.292,1.533,0.274,0.0,0.0,,21.68,CHARGING,0.0,0.706,0.0,100.0,3.96
2026-09-01T00:00:00,0,1,9,False,20.86,65.28,3.29,0.238,0.143,0.0,0.0,3.006,4.236,1.263,0.936,0.248,1.473,0.316,0.0,0.0,,20.0,DISCHARGING,1.23,0.0,29.04,70.96,2.465
2026-09-01T01:00:00,1,1,9,False,19.56,61.23,3.73,0.238,0.143,0.0,0.0,3.64,4.037,1.429,0.408,0.117,1.67,0.413,0.0,0.0,,20.0,HOLD,0.397,0.0,9.83,90.17,2.985
2026-09-01T02:00:00,2,1,9,False,20.77,68.07,4.56,0.238,0.143,0.0,0.0,5.005,4.224,1.118,1.11,0.067,1.548,0.381,0.0,0.0,,21.85,CHARGING,0.0,0.781,0.0,100.0,4.104
2026-09-01T03:00:00,3,1,9,False,19.38,55.14,4.94,0.238,0.143,0.0,0.0,5.11,3.525,1.094,0.329,0.28,1.463,0.359,0.0,0.0,,25.62,CHARGING,0.0,1.585,0.0,100.0,4.19
2026-09-01T04:00:00,4,1,9,False,25.91,62.47,3.8,0.238,0.143,0.0,0.0,3.578,4.393,1.555,0.535,0.287,1.631,0.385,0.0,0.0,,23.47,DISCHARGING,0.815,0.0,18.55,81.45,2.934
2026-09-01T05:00:00,5,1,9,False,25.21,68.33,4.9,0.238,0.143,0.0,0.0,4.88,3.966,1.497,0.38,0.235,1.47,0.384,0.0,0.0,,25.65,CHARGING,0.0,0.914,0.0,100.0,4.002
2026-09-01T06:00:00,6,1,9,False,30.15,62.98,4.93,0.238,0.143,0.0,0.0,4.95,3.255,1.066,0.45,0.366,1.007,0.365,0.0,0.0,,29.67,CHARGING,0.0,1.695,0.0,100.0,4.059
2026-09-01T07:00:00,7,1,9,False,31.54,71.64,3.66,0.238,0.143,166.69,1.499,3.728,5.594,1.402,0.731,0.329,1.171,1.96,0.0,0.0,,28.71,DISCHARGING,0.367,0.0,6.56,93.44,4.286
2026-09-01T08:00:00,8,1,9,False,31.9,60.48,5.83,0.238,0.143,322.02,2.764,5.024,10.543,4.144,0.389,2.067,1.824,2.12,0.0,0.0,,21.46,DISCHARGING,2.755,0.0,26.13,73.87,6.386
2026-09-01T09:00:00,9,1,9,False,34.19,73.44,4.34,0.238,0.143,455.4,3.949,4.617,14.677,4.392,6.251,1.9,1.764,0.37,0.0,0.0,,20.0,DISCHARGING,6.111,0.0,41.64,58.36,7.024
2026-09-01T10:00:00,10,1,9,False,35.99,75.8,4.36,0.238,0.143,557.75,4.841,4.513,21.553,3.773,6.354,1.999,2.024,0.402,7.0,0.0,,20.0,HOLD,12.199,0.0,56.6,43.4,7.67
2026-09-01T11:00:00,11,1,9,False,34.23,64.79,3.18,0.238,0.143,622.09,5.294,2.783,21.282,3.851,5.785,1.899,2.436,0.311,7.0,0.0,,20.0,HOLD,13.205,0.0,62.05,37.95,6.623
2026-09-01T12:00:00,12,1,9,False,36.88,70.74,3.16,0.238,0.143,644.03,5.729,2.877,24.082,4.09,6.222,2.047,2.726,1.997,7.0,0.0,,20.0,HOLD,15.476,0.0,64.26,35.74,7.057
2026-09-01T13:00:00,13,1,9,False,34.19,64.61,3.15,0.238,0.143,622.09,5.549,2.892,24.022,3.875,6.374,1.744,3.163,1.866,7.0,0.0,,20.0,HOLD,15.581,0.0,64.86,35.14,6.922
2026-09-01T14:00:00,14,1,9,False,35.67,70.38,2.34,0.238,0.143,557.75,4.774,1.577,14.931,3.935,5.934,1.795,2.975,0.292,0.0,0.0,,20.0,HOLD,8.58,0.0,57.46,42.54,5.208
2026-09-01T15:00:00,15,1,9,False,34.63,74.57,1.39,0.238,0.143,455.4,3.921,0.861,15.023,3.957,5.513,1.98,3.113,0.46,0.0,0.0,,20.0,HOLD,10.241,0.0,68.17,31.83,3.921
2026-09-01T16:00:00,16,1,9,False,31.56,67.99,0.1,0.238,0.143,322.02,2.846,0.101,14.999,3.945,5.495,2.053,2.967,0.539,0.0,0.0,,20.0,HOLD,12.052,0.0,80.35,19.65,2.417
2026-09-01T17:00:00,17,1,9,False,30.11,66.85,1.03,0.238,0.143,166.69,1.452,0.46,15.35,3.98,5.724,1.977,3.164,0.504,0.0,0.0,,20.0,HOLD,13.438,0.0,87.54,12.46,1.568
2026-09-01T18:00:00,18,1,9,False,28.46,60.64,2.24,0.238,0.143,0.0,0.0,1.632,17.736,4.401,6.6,1.825,2.939,1.972,0.0,0.0,,20.0,HOLD,16.104,0.0,90.8,9.2,1.338
2026-09-01T19:00:00,19,1,9,False,25.08,59.72,1.49,0.238,0.143,0.0,0.0,0.813,16.984,4.035,6.401,2.039,2.455,2.054,0.0,0.0,,20.0,HOLD,16.171,0.0,95.21,4.79,0.667
2026-09-01T20:00:00,20,1,9,False,21.89,62.61,0.6,0.238,0.143,0.0,0.0,0.271,10.223,1.307,5.992,0.121,2.473,0.33,0.0,0.0,,20.0,HOLD,9.952,0.0,97.35,2.65,0.222
2026-09-01T21:00:00,21,1,9,False,22.97,67.58,1.5,0.238,0.143,0.0,0.0,1.02,5.156,1.476,0.897,0.216,1.885,0.682,0.0,0.0,,20.0,HOLD,4.136,0.0,80.22,19.78,0.836
2026-09-01T22:00:00,22,1,9,False,19.58,66.43,2.7,0.238,0.143,0.0,0.0,2.243,4.585,1.098,0.728,0.232,2.02,0.507,0.0,0.0,,20.0,HOLD,2.342,0.0,51.08,48.92,1.839
2026-09-01T23:00:00,23,1,9,False,21.05,73.96,2.94,0.238,0.143,0.0,0.0,2.506,3.53,0.819,0.768,0.285,1.115,0.544,0.0,0.0,,20.0,HOLD,1.024,0.0,29.01,70.99,2.055
2026-09-02T00:00:00,0,2,9,False,18.92,62.69,2.73,0.105,0.063,0.0,0.0,2.165,4.415,1.258,0.832,0.257,1.591,0.476,0.0,0.0,,20.0,HOLD,2.25,0.0,50.96,49.04,1.775
2026-09-02T01:00:00,1,2,9,False,19.44,61.54,4.87,0.105,0.063,0.0,0.0,5.135,4.406,1.074,0.696,0.128,1.878,0.631,0.0,0.0,,21.73,CHARGING,0.0,0.729,0.0,100.0,4.211
2026-09-02T02:00:00,2,2,9,False,20.91,62.12,4.42,0.105,0.063,0.0,0.0,4.652,3.487,1.192,0.144,0.226,1.494,0.431,0.0,0.0,,24.5,CHARGING,0.0,1.165,0.0,100.0,3.815
2026-09-02T03:00:00,3,2,9,False,22.23,66.47,4.13,0.105,0.063,0.0,0.0,4.33,3.915,1.299,0.541,0.262,1.203,0.61,0.0,0.0,,25.48,CHARGING,0.0,0.415,0.0,100.0,3.551
2026-09-02T04:00:00,4,2,9,False,24.41,57.75,6.48,0.105,0.063,0.0,0.0,5.037,3.85,1.273,0.701,0.219,1.406,0.251,0.0,0.0,,28.3,CHARGING,0.0,1.187,0.0,100.0,4.13
2026-09-02T05:00:00,5,2,9,False,26.35,55.21,3.91,0.105,0.063,0.0,0.0,3.903,4.869,1.598,0.894,0.343,1.598,0.437,0.0,0.0,,25.76,DISCHARGING,0.966,0.0,19.84,80.16,3.2
2026-09-02T06:00:00,6,2,9,False,31.76,60.03,3.94,0.105,0.063,0.0,0.0,4.002,3.593,1.004,0.829,0.258,1.022,0.48,0.0,0.0,,26.73,CHARGING,0.0,0.409,0.0,100.0,3.282
2026-09-02T07:00:00,7,2,9,False,32.38,64.75,4.89,0.105,0.063,190.39,1.638,4.904,5.635,1.553,0.356,0.264,1.344,2.117,0.0,0.0,,28.89,CHARGING,0.0,0.907,0.0,100.0,5.364
2026-09-02T08:00:00,8,2,9,False,29.51,61.8,5.45,0.105,0.063,367.8,3.211,4.975,10.354,4.207,0.819,1.987,1.447,1.893,0.0,0.0,,23.18,DISCHARGING,2.168,0.0,20.94,79.06,6.713
2026-09-02T09:00:00,9,2,9,False,34.79,61.5,3.39,0.105,0.063,520.15,4.739,3.17,14.149,4.148,5.682,1.877,2.069,0.372,0.0,0.0,,20.0,DISCHARGING,6.24,0.0,44.1,55.9,6.485
2026-09-02T10:00:00,10,2,9,False,36.69,79.88,4.11,0.105,0.063,637.05,5.414,4.212,21.734,3.841,6.34,2.054,2.121,0.378,7.0,0.0,,20.0,HOLD,12.108,0.0,55.71,44.29,7.893
2026-09-02T11:00:00,11,2,9,False,37.94,55.52,4.6,0.105,0.063,710.54,6.02,5.123,21.824,3.987,6.085,2.113,2.324,0.316,7.0,0.0,,20.0,HOLD,10.681,0.0,48.94,51.06,9.137
2026-09-02T12:00:00,12,2,9,False,35.66,67.69,4.04,0.105,0.063,735.6,6.442,4.062,24.348,4.246,5.984,2.068,2.87,2.18,7.0,0.0,,20.0,HOLD,13.844,0.0,56.86,43.14,8.613
2026-09-02T13:00:00,13,2,9,False,35.79,69.07,2.27,0.105,0.063,710.54,6.299,1.668,23.658,3.799,6.396,1.846,2.634,1.983,7.0,0.0,,20.0,HOLD,15.691,0.0,66.32,33.68,6.533
2026-09-02T14:00:00,14,2,9,False,35.08,63.2,1.15,0.105,0.063,637.05,5.532,0.57,15.652,4.407,6.129,2.113,2.75,0.254,0.0,0.0,,20.0,HOLD,9.55,0.0,61.01,38.99,5.004
2026-09-02T15:00:00,15,2,9,False,34.35,57.05,3.07,0.105,0.063,520.15,4.519,2.566,14.936,3.856,6.058,1.951,2.804,0.267,0.0,0.0,,20.0,HOLD,7.851,0.0,52.56,47.44,5.81
2026-09-02T16:00:00,16,2,9,False,29.17,65.08,1.65,0.105,0.063,367.8,3.294,0.968,15.694,4.201,6.212,2.001,2.945,0.335,0.0,0.0,,20.0,HOLD,11.432,0.0,72.84,27.16,3.495
2026-09-02T17:00:00,17,2,9,False,30.36,67.78,2.36,0.105,0.063,190.39,1.668,1.869,15.589,3.78,6.219,1.917,2.977,0.697,0.0,0.0,,20.0,HOLD,12.052,0.0,77.31,22.69,2.9
2026-09-02T18:00:00,18,2,9,False,27.14,64.55,3.34,0.105,0.063,0.0,0.0,2.97,17.295,4.473,6.148,1.943,2.688,2.043,0.0,0.0,,20.0,HOLD,14.325,0.0,82.83,17.17,2.435
2026-09-02T19:00:00,19,2,9,False,25.92,70.96,1.34,0.105,0.063,0.0,0.0,0.844,15.996,3.985,5.85,2.107,2.289,1.763,0.0,0.0,,20.0,HOLD,15.152,0.0,94.72,5.28,0.692
2026-09-02T20:00:00,20,2,9,False,24.34,55.33,1.16,0.105,0.063,0.0,0.0,0.816,10.698,1.293,6.006,0.42,2.403,0.577,0.0,0.0,,20.0,HOLD,9.882,0.0,92.37,7.63,0.669
2026-09-02T21:00:00,21,2,9,False,20.57,65.18,0.61,0.105,0.063,0.0,0.0,0.364,4.434,0.874,0.811,0.299,2.09,0.359,0.0,0.0,,20.0,HOLD,4.07,0.0,91.79,8.21,0.298
2026-09-02T22:00:00,22,2,9,False,21.85,60.63,1.38,0.105,0.063,0.0,0.0,0.734,3.748,1.152,0.453,0.124,1.423,0.596,0.0,0.0,,20.0,HOLD,3.014,0.0,80.42,19.58,0.602
2026-09-02T23:00:00,23,2,9,False,19.52,53.3,2.75,0.105,0.063,0.0,0.0,2.292,3.007,1.111,0.469,0.287,0.822,0.318,0.0,0.0,,20.0,HOLD,0.715,0.0,23.78,76.22,1.879
2026-09-03T00:00:00,0,3,9,False,19.82,81.86,2.9,0.467,0.28,0.0,0.0,2.563,4.278,1.562,0.801,0.133,1.307,0.475,0.0,0.0,,20.0,HOLD,1.715,0.0,40.09,59.91,2.102
2026-09-03T01:00:00,1,3,9,False,22.74,75.5,3.95,0.467,0.28,0.0,0.0,4.016,3.945,0.98,0.615,0.337,1.463,0.551,0.0,0.0,,20.17,CHARGING,0.0,0.071,0.0,100.0,3.293
2026-09-03T02:00:00,2,3,9,False,20.97,67.58,4.27,0.467,0.28,0.0,0.0,4.429,3.182,0.878,0.468,0.077,1.439,0.32,0.0,0.0,,23.13,CHARGING,0.0,1.247,0.0,100.0,3.632
2026-09-03T03:00:00,3,3,9,False,23.86,72.13,5.23,0.467,0.28,0.0,0.0,4.99,3.847,0.931,0.556,0.265,1.649,0.447,0.0,0.0,,25.84,CHARGING,0.0,1.143,0.0,100.0,4.092
2026-09-03T04:00:00,4,3,9,False,25.89,68.17,4.94,0.467,0.28,0.0,0.0,5.091,3.622,1.095,0.714,0.171,1.199,0.444,0.0,0.0,,29.33,CHARGING,0.0,1.469,0.0,100.0,4.175
2026-09-03T05:00:00,5,3,9,False,23.99,61.66,5.19,0.467,0.28,0.0,0.0,4.957,3.906,1.44,0.44,0.093,1.555,0.378,0.0,0.0,,31.83,CHARGING,0.0,1.051,0.0,100.0,4.065
2026-09-03T06:00:00,6,3,9,False,29.19,70.39,4.19,0.467,0.28,0.0,0.0,4.265,2.79,1.237,0.102,0.115,0.969,0.367,0.0,0.0,,35.33,CHARGING,0.0,1.475,0.0,100.0,3.497
2026-09-03T07:00:00,7,3,9,False,30.99,62.74,5.27,0.467,0.28,126.09,1.13,4.876,5.201,1.047,0.669,0.357,1.114,2.015,0.0,0.0,,37.24,CHARGING,0.0,0.805,0.0,100.0,4.925
2026-09-03T08:00:00,8,3,9,False,32.23,75.25,5.26,0.467,0.28,243.59,2.112,5.101,11.046,4.266,1.135,2.05,1.642,1.953,0.0,0.0,,27.16,DISCHARGING,3.833,0.0,34.7,65.3,5.915
2026-09-03T09:00:00,9,3,9,False,31.47,69.9,4.19,0.467,0.28,344.49,3.014,4.351,14.415,3.709,5.945,2.199,2.099,0.462,0.0,0.0,,20.0,DISCHARGING,7.05,0.0,48.91,51.09,6.039
2026-09-03T10:00:00,10,3,9,False,35.51,60.56,3.71,0.467,0.28,421.92,3.671,3.325,22.047,3.935,5.999,1.955,2.576,0.582,7.0,0.0,,20.0,HOLD,15.051,0.0,68.27,31.73,5.737
2026-09-03T11:00:00,11,3,9,False,37.28,78.94,2.78,0.467,0.28,470.59,4.077,2.22,22.196,4.007,6.288,1.94,2.53,0.432,7.0,0.0,,20.0,HOLD,15.899,0.0,71.63,28.37,5.164
2026-09-03T12:00:00,12,3,9,False,34.35,64.21,2.78,0.467,0.28,487.19,4.294,2.232,23.04,4.058,5.583,1.887,2.541,1.971,7.0,0.0,,20.0,HOLD,16.514,0.0,71.68,28.32,5.351
2026-09-03T13:00:00,13,3,9,False,36.0,60.47,2.77,0.467,0.28,470.59,4.035,2.235,23.953,4.107,5.92,1.992,2.762,2.172,7.0,0.0,,20.0,HOLD,17.683,0.0,73.82,26.18,5.141
2026-09-03T14:00:00,14,3,9,False,33.0,69.87,1.68,0.467,0.28,421.92,3.657,1.013,15.181,3.638,5.793,1.904,3.22,0.626,0.0,0.0,,20.0,HOLD,10.511,0.0,69.24,30.76,3.829
2026-09-03T15:00:00,15,3,9,False,33.58,73.02,0.46,0.467,0.28,344.49,2.935,0.102,14.821,3.874,5.85,1.965,2.803,0.33,0.0,0.0,,20.0,HOLD,11.784,0.0,79.51,20.49,2.49
2026-09-03T16:00:00,16,3,9,False,33.53,69.96,1.24,0.467,0.28,243.59,2.023,0.786,15.332,3.863,6.337,2.015,2.884,0.232,0.0,0.0,,20.0,HOLD,12.523,0.0,81.68,18.32,2.303
2026-09-03T17:00:00,17,3,9,False,33.33,73.65,1.71,0.467,0.28,126.09,1.137,1.141,15.329,4.27,5.856,2.074,2.779,0.35,0.0,0.0,,20.0,HOLD,13.051,0.0,85.14,14.86,1.868
2026-09-03T18:00:00,18,3,9,False,28.15,70.98,0.0,0.467,0.28,0.0,0.0,0.0,16.796,3.908,5.896,2.085,2.761,2.145,0.0,0.0,,20.0,HOLD,16.796,0.0,100.0,0.0,0.0
2026-09-03T19:00:00,19,3,9,False,26.71,69.04,0.62,0.467,0.28,0.0,0.0,0.296,16.301,4.012,5.811,2.001,2.578,1.899,0.0,0.0,,20.0,HOLD,16.005,0.0,98.18,1.82,0.243
2026-09-03T20:00:00,20,3,9,False,24.48,74.86,0.01,0.467,0.28,0.0,0.0,0.163,10.195,0.977,6.34,0.294,2.223,0.362,0.0,0.0,,20.0,HOLD,10.032,0.0,98.4,1.6,0.134
2026-09-03T21:00:00,21,3,9,False,20.72,65.58,0.51,0.467,0.28,0.0,0.0,0.341,4.236,0.9,0.645,0.244,2.004,0.445,0.0,0.0,,20.0,HOLD,3.895,0.0,91.95,8.05,0.28
2026-09-03T22:00:00,22,3,9,False,22.49,69.77,1.64,0.467,0.28,0.0,0.0,1.183,4.069,1.62,0.242,-0.003,1.704,0.507,0.0,0.0,,20.0,HOLD,2.886,0.0,70.93,29.07,0.97
2026-09-03T23:00:00,23,3,9,False,23.21,76.31,3.07,0.467,0.28,0.0,0.0,2.84,3.49,1.376,0.215,0.199,1.31,0.39,0.0,0.0,,20.0,HOLD,0.65,0.0,18.62,81.38,2.329
2026-09-04T00:00:00,0,4,9,False,19.94,72.35,4.25,0.807,0.484,0.0,0.0,4.418,3.302,1.028,0.277,0.03,1.573,0.394,0.0,0.0,,22.65,CHARGING,0.0,1.116,0.0,100.0,3.623
2026-09-04T01:00:00,1,4,9,False,19.03,78.3,2.02,0.807,0.484,0.0,0.0,1.361,3.514,1.007,0.528,0.247,1.451,0.281,0.0,0.0,,20.0,DISCHARGING,2.153,0.0,61.27,38.73,1.116
2026-09-04T02:00:00,2,4,9,False,20.98,76.33,4.84,0.807,0.484,0.0,0.0,4.967,3.502,1.022,0.323,0.034,1.677,0.446,0.0,0.0,,23.48,CHARGING,0.0,1.465,0.0,100.0,4.073
2026-09-04T03:00:00,3,4,9,False,22.47,77.83,4.65,0.807,0.484,0.0,0.0,4.967,4.822,1.105,1.353,0.302,1.525,0.537,0.0,0.0,,23.82,CHARGING,0.0,0.145,0.0,100.0,4.073
2026-09-04T04:00:00,4,4,9,False,25.86,75.02,3.63,0.807,0.484,0.0,0.0,3.516,3.793,1.155,0.57,0.154,1.657,0.256,0.0,0.0,,23.09,DISCHARGING,0.277,0.0,7.3,92.7,2.883
2026-09-04T05:00:00,5,4,9,False,25.29,70.98,3.46,0.807,0.484,0.0,0.0,3.247,4.325,1.137,0.937,0.335,1.49,0.425,0.0,0.0,,20.26,DISCHARGING,1.078,0.0,24.92,75.08,2.663
2026-09-04T06:00:00,6,4,9,False,27.32,70.16,5.5,0.807,0.484,0.0,0.0,5.114,2.869,0.96,0.363,0.242,0.849,0.454,0.0,0.0,,25.59,CHARGING,0.0,2.245,0.0,100.0,4.193
2026-09-04T07:00:00,7,4,9,False,29.53,76.17,6.15,0.807,0.484,65.7,0.609,5.06,5.852,0.93,1.226,0.31,1.322,2.065,0.0,0.0,,25.11,DISCHARGING,0.183,0.0,3.13,96.87,4.649
2026-09-04T08:00:00,8,4,9,False,30.22,75.92,3.29,0.807,0.484,126.92,1.149,3.021,11.288,4.342,0.996,2.002,1.796,2.152,0.0,0.0,,20.0,DISCHARGING,7.118,0.0,63.06,36.94,3.419
2026-09-04T09:00:00,9,4,9,False,33.54,76.83,4.24,0.807,0.484,179.5,1.485,4.398,14.366,4.144,6.043,2.034,1.943,0.2,0.0,0.0,,20.0,HOLD,8.483,0.0,59.05,40.95,4.824
2026-09-04T10:00:00,10,4,9,False,37.42,73.04,3.71,0.807,0.484,219.84,1.931,3.665,21.937,4.055,6.231,1.885,2.238,0.529,7.0,0.0,,20.0,HOLD,16.341,0.0,74.49,25.51,4.589
2026-09-04T11:00:00,11,4,9,False,34.71,76.53,2.72,0.807,0.484,245.2,2.125,2.306,20.737,3.724,5.235,2.092,2.346,0.339,7.0,0.0,,20.0,HOLD,16.306,0.0,78.63,21.37,3.633
2026-09-04T12:00:00,12,4,9,False,32.73,77.88,3.82,0.807,0.484,253.85,2.228,3.761,22.826,3.588,5.704,1.955,2.606,1.973,7.0,0.0,,20.0,HOLD,16.837,0.0,73.76,26.24,4.911
2026-09-04T13:00:00,13,4,9,False,36.1,68.73,3.29,0.807,0.484,245.2,2.108,3.052,23.746,3.815,5.942,2.047,2.875,2.067,7.0,0.0,,20.0,HOLD,18.586,0.0,78.27,21.73,4.231
2026-09-04T14:00:00,14,4,9,False,35.07,70.27,1.75,0.807,0.484,219.84,1.908,1.168,15.299,3.801,6.175,2.127,2.869,0.327,0.0,0.0,,20.0,HOLD,12.223,0.0,79.89,20.11,2.522
2026-09-04T15:00:00,15,4,9,False,32.51,86.16,0.24,0.807,0.484,179.5,1.553,0.0,15.08,3.775,5.884,1.93,3.216,0.275,0.0,0.0,,20.0,HOLD,13.527,0.0,89.7,10.3,1.273
2026-09-04T16:00:00,16,4,9,False,29.69,75.6,1.71,0.807,0.484,126.92,1.116,1.173,14.921,4.027,5.986,1.859,2.718,0.33,0.0,0.0,,20.0,HOLD,12.632,0.0,84.66,15.34,1.877
2026-09-04T17:00:00,17,4,9,False,28.44,67.14,1.28,0.807,0.484,65.7,0.578,0.71,15.377,3.992,6.12,1.967,2.773,0.524,0.0,0.0,,20.0,HOLD,14.089,0.0,91.62,8.38,1.056
2026-09-04T18:00:00,18,4,9,False,27.52,74.51,2.14,0.807,0.484,0.0,0.0,1.546,16.983,4.046,5.874,2.01,2.948,2.105,0.0,0.0,,20.0,HOLD,15.437,0.0,90.9,9.1,1.268
2026-09-04T19:00:00,19,4,9,False,27.51,70.23,0.0,0.807,0.484,0.0,0.0,0.077,16.544,3.896,5.791,2.139,2.612,2.106,0.0,0.0,,20.0,HOLD,16.467,0.0,99.53,0.47,0.063
2026-09-04T20:00:00,20,4,9,False,23.34,80.88,0.85,0.807,0.484,0.0,0.0,0.332,9.638,1.017,5.847,0.288,2.023,0.463,0.0,0.0,,20.0,HOLD,9.306,0.0,96.56,3.44,0.272
2026-09-04T21:00:00,21,4,9,False,21.28,75.4,1.42,0.807,0.484,0.0,0.0,0.815,4.213,1.111,0.429,0.332,1.954,0.387,0.0,0.0,,20.0,HOLD,3.398,0.0,80.66,19.34,0.668
2026-09-04T22:00:00,22,4,9,False,20.1,72.93,1.67,0.807,0.484,0.0,0.0,1.007,3.562,0.751,0.617,0.172,1.53,0.491,0.0,0.0,,20.0,HOLD,2.555,0.0,71.73,28.27,0.826
2026-09-04T23:00:00,23,4,9,False,16.17,81.41,3.74,0.807,0.484,0.0,0.0,3.576,3.83,1.301,0.759,0.137,1.022,0.611,0.0,0.0,,20.0,HOLD,0.254,0.0,6.63,93.37,2.932
2026-09-05T00:00:00,0,5,9,True,21.43,62.52,3.13,0.082,0.049,0.0,0.0,2.837,1.885,-0.417,0.195,0.155,1.476,0.477,0.0,0.0,,22.26,CHARGING,0.0,0.952,0.0,100.0,2.326
2026-09-05T01:00:00,1,5,9,True,17.59,58.23,2.44,0.082,0.049,0.0,0.0,1.987,2.884,0.326,0.214,0.283,1.607,0.454,0.0,0.0,,20.0,DISCHARGING,0.897,0.0,31.1,68.9,1.629
2026-09-05T02:00:00,2,5,9,True,21.04,56.32,3.68,0.082,0.049,0.0,0.0,3.565,2.21,-0.011,0.175,0.266,1.47,0.309,0.0,0.0,,23.22,CHARGING,0.0,1.355,0.0,100.0,2.923
2026-09-05T03:00:00,3,5,9,True,21.94,56.52,5.07,0.082,0.049,0.0,0.0,4.994,1.883,-0.152,0.212,0.043,1.516,0.264,0.0,0.0,,30.61,CHARGING,0.0,3.111,0.0,100.0,4.095
2026-09-05T04:00:00,4,5,9,True,25.61,58.78,4.66,0.082,0.049,0.0,0.0,4.897,1.946,-0.15,-0.249,0.331,1.781,0.233,0.0,0.0,,37.62,CHARGING,0.0,2.951,0.0,100.0,4.016
2026-09-05T05:00:00,5,5,9,True,24.71,59.06,4.99,0.082,0.049,0.0,0.0,4.988,2.004,0.082,0.012,0.219,1.333,0.359,0.0,0.0,,44.7,CHARGING,0.0,2.984,0.0,100.0,4.09
2026-09-05T06:00:00,6,5,9,True,25.39,58.78,4.68,0.082,0.049,0.0,0.0,4.994,1.273,0.025,0.293,-0.013,0.6,0.368,0.0,0.0,,53.54,CHARGING,0.0,3.721,0.0,100.0,4.095
2026-09-05T07:00:00,7,5,9,True,30.49,57.32,4.74,0.082,0.049,194.41,1.703,4.967,4.102,0.156,0.517,0.145,1.257,2.028,0.0,0.0,,59.64,CHARGING,0.0,2.568,0.0,100.0,5.469
2026-09-05T08:00:00,8,5,9,True,32.64,61.5,6.05,0.082,0.049,375.57,3.354,4.884,5.007,-0.128,-0.341,2.015,1.715,1.744,0.0,0.0,,67.31,CHARGING,0.0,3.231,0.0,100.0,6.755
2026-09-05T09:00:00,9,5,9,True,33.94,64.38,4.9,0.082,0.049,531.14,4.499,5.077,7.685,0.002,3.177,1.987,2.007,0.511,0.0,0.0,,71.8,CHARGING,0.0,1.891,0.0,100.0,7.852
2026-09-05T10:00:00,10,5,9,True,34.62,67.89,4.23,0.082,0.049,650.51,5.614,4.233,15.217,0.135,3.43,2.129,2.357,0.166,7.0,0.0,,57.67,DISCHARGING,5.37,0.0,35.29,64.71,8.075
2026-09-05T11:00:00,11,5,9,True,34.77,61.87,3.05,0.082,0.049,725.55,6.487,2.555,15.385,0.448,2.885,1.923,2.635,0.492,7.0,0.0,,40.98,DISCHARGING,6.343,0.0,41.23,58.77,7.414
2026-09-05T12:00:00,12,5,9,True,36.97,64.15,2.38,0.082,0.049,751.15,6.303,1.761,16.45,-0.019,2.754,2.105,2.632,1.978,7.0,0.0,,20.0,DISCHARGING,8.386,0.0,50.98,49.02,6.612
2026-09-05T13:00:00,13,5,9,True,34.41,58.31,3.31,0.082,0.049,725.55,6.428,3.121,16.808,-0.089,3.009,1.953,2.955,1.981,7.0,0.0,,20.0,HOLD,7.259,0.0,43.19,56.81,7.83
2026-09-05T14:00:00,14,5,9,True,34.3,53.73,2.04,0.082,0.049,650.51,5.628,1.519,8.463,0.028,3.285,1.962,2.899,0.288,0.0,0.0,,20.0,HOLD,1.316,0.0,15.55,84.45,5.861
2026-09-05T15:00:00,15,5,9,True,33.05,63.02,3.16,0.082,0.049,531.14,4.572,2.706,7.747,-0.32,2.751,2.076,2.936,0.304,0.0,0.0,,20.0,HOLD,0.469,0.0,6.05,93.95,5.968
2026-09-05T16:00:00,16,5,9,True,30.73,61.24,1.79,0.082,0.049,375.57,3.261,1.164,9.044,0.441,3.366,2.147,2.705,0.385,0.0,0.0,,20.0,HOLD,4.619,0.0,51.07,48.93,3.628
2026-09-05T17:00:00,17,5,9,True,29.1,66.94,1.5,0.082,0.049,194.41,1.732,0.834,8.433,-0.132,3.186,2.072,2.894,0.413,0.0,0.0,,20.0,HOLD,5.867,0.0,69.57,30.43,2.104
2026-09-05T18:00:00,18,5,9,True,28.08,65.22,1.22,0.082,0.049,0.0,0.0,0.672,9.54,-0.01,2.974,1.922,2.6,2.054,0.0,0.0,,20.0,HOLD,8.868,0.0,92.96,7.04,0.551
2026-09-05T19:00:00,19,5,9,True,24.86,61.39,1.72,0.082,0.049,0.0,0.0,1.191,9.531,0.169,2.857,2.041,2.619,1.845,0.0,0.0,,20.0,HOLD,8.34,0.0,87.5,12.5,0.977
2026-09-05T20:00:00,20,5,9,True,26.55,66.38,3.08,0.082,0.049,0.0,0.0,2.763,5.597,-0.065,2.967,0.296,2.104,0.294,0.0,0.0,,20.0,HOLD,2.834,0.0,50.63,49.37,2.266
2026-09-05T21:00:00,21,5,9,True,21.75,57.31,2.11,0.082,0.049,0.0,0.0,1.523,1.901,-0.202,-0.432,0.097,1.989,0.449,0.0,0.0,,20.0,HOLD,0.378,0.0,19.88,80.12,1.249
2026-09-05T22:00:00,22,5,9,True,21.81,58.51,2.49,0.082,0.049,0.0,0.0,1.999,2.932,-0.042,0.572,0.238,1.811,0.353,0.0,0.0,,20.0,HOLD,0.933,0.0,31.82,68.18,1.639
2026-09-05T23:00:00,23,5,9,True,21.87,61.91,4.11,0.082,0.049,0.0,0.0,4.073,2.749,0.179,0.639,0.151,1.353,0.428,0.0,0.0,,23.14,CHARGING,0.0,1.324,0.0,100.0,3.34
2026-09-06T00:00:00,0,6,9,True,20.59,70.83,3.65,0.412,0.247,0.0,0.0,3.569,2.249,0.222,0.134,0.2,1.235,0.458,0.0,0.0,,26.28,CHARGING,0.0,1.32,0.0,100.0,2.927
2026-09-06T01:00:00,1,6,9,True,22.11,68.9,3.31,0.412,0.247,0.0,0.0,2.975,2.111,0.046,0.065,0.176,1.364,0.459,0.0,0.0,,28.33,CHARGING,0.0,0.864,0.0,100.0,2.44
2026-09-06T02:00:00,2,6,9,True,21.43,68.42,3.66,0.412,0.247,0.0,0.0,3.608,2.658,-0.088,0.491,0.129,1.622,0.504,0.0,0.0,,30.59,CHARGING,0.0,0.95,0.0,100.0,2.959
2026-09-06T03:00:00,3,6,9,True,23.97,69.69,5.59,0.412,0.247,0.0,0.0,5.162,1.853,-0.224,0.119,0.05,1.659,0.249,0.0,0.0,,38.45,CHARGING,0.0,3.309,0.0,100.0,4.233
2026-09-06T04:00:00,4,6,9,True,21.33,59.54,3.85,0.412,0.247,0.0,0.0,3.675,1.699,-0.338,0.287,0.202,1.22,0.329,0.0,0.0,,43.14,CHARGING,0.0,1.976,0.0,100.0,3.013
2026-09-06T05:00:00,5,6,9,True,25.82,66.58,4.65,0.412,0.247,0.0,0.0,5.215,1.941,-0.063,-0.097,0.177,1.529,0.395,0.0,0.0,,50.92,CHARGING,0.0,3.274,0.0,100.0,4.276
2026-09-06T06:00:00,6,6,9,True,28.92,59.67,6.77,0.412,0.247,0.0,0.0,5.154,2.372,-0.104,0.537,0.263,1.086,0.591,0.0,0.0,,57.52,CHARGING,0.0,2.782,0.0,100.0,4.226
2026-09-06T07:00:00,7,6,9,True,30.57,64.73,3.54,0.412,0.247,135.89,1.248,3.182,3.111,0.099,-0.454,0.065,1.398,2.004,0.0,0.0,,60.66,CHARGING,0.0,1.319,0.0,100.0,3.633
2026-09-06T08:00:00,8,6,9,True,31.44,58.25,4.08,0.412,0.247,262.52,2.334,4.093,5.663,-0.304,0.309,2.058,1.588,2.012,0.0,0.0,,62.47,CHARGING,0.0,0.764,0.0,100.0,5.27
2026-09-06T09:00:00,9,6,9,True,33.71,68.5,3.85,0.412,0.247,371.25,3.272,3.879,7.368,0.158,2.797,2.064,2.02,0.329,0.0,0.0,,61.9,DISCHARGING,0.217,0.0,2.95,97.05,5.864
2026-09-06T10:00:00,10,6,9,True,34.23,75.12,4.54,0.412,0.247,454.69,3.798,5.007,14.913,0.233,3.06,1.976,2.308,0.336,7.0,0.0,,45.83,DISCHARGING,6.108,0.0,40.96,59.04,7.22
2026-09-06T11:00:00,11,6,9,True,35.46,59.52,2.34,0.412,0.247,507.14,4.577,1.793,14.82,0.041,2.991,1.917,2.463,0.409,7.0,0.0,,23.59,DISCHARGING,8.45,0.0,57.02,42.98,5.223
2026-09-06T12:00:00,12,6,9,True,35.71,70.63,2.4,0.412,0.247,525.03,4.54,1.896,16.92,0.141,2.949,1.983,2.941,1.906,7.0,0.0,,20.0,DISCHARGING,10.484,0.0,61.96,38.04,5.278
2026-09-06T13:00:00,13,6,9,True,32.92,65.08,2.93,0.412,0.247,507.14,4.325,2.592,16.409,-0.029,2.621,2.193,2.632,1.991,7.0,0.0,,20.0,HOLD,9.492,0.0,57.85,42.15,5.672
2026-09-06T14:00:00,14,6,9,True,32.09,65.03,2.22,0.412,0.247,454.69,4.041,1.648,8.359,0.27,2.871,1.84,3.004,0.375,0.0,0.0,,20.0,HOLD,2.67,0.0,31.94,68.06,4.665
2026-09-06T15:00:00,15,6,9,True,30.93,64.55,0.74,0.412,0.247,371.25,3.364,0.39,8.223,-0.07,3.141,1.796,2.915,0.44,0.0,0.0,,20.0,HOLD,4.469,0.0,54.35,45.65,3.078
2026-09-06T16:00:00,16,6,9,True,32.25,68.04,0.84,0.412,0.247,262.52,2.31,0.382,9.027,0.172,3.096,2.051,3.225,0.483,0.0,0.0,,20.0,HOLD,6.335,0.0,70.18,29.82,2.207
2026-09-06T17:00:00,17,6,9,True,32.68,60.27,0.53,0.412,0.247,135.89,1.182,0.171,8.289,0.292,2.661,1.992,2.934,0.41,0.0,0.0,,20.0,HOLD,6.936,0.0,83.68,16.32,1.109
2026-09-06T18:00:00,18,6,9,True,27.74,73.63,1.29,0.412,0.247,0.0,0.0,0.733,10.311,-0.163,3.46,1.892,2.987,2.134,0.0,0.0,,20.0,HOLD,9.578,0.0,92.89,7.11,0.601
2026-09-06T19:00:00,19,6,9,True,28.16,57.67,1.62,0.412,0.247,0.0,0.0,1.058,9.193,-0.135,2.905,2.061,2.483,1.878,0.0,0.0,,20.0,HOLD,8.135,0.0,88.49,11.51,0.868
2026-09-06T20:00:00,20,6,9,True,25.33,66.99,1.68,0.412,0.247,0.0,0.0,1.098,6.059,0.266,3.045,0.332,1.969,0.446,0.0,0.0,,20.0,HOLD,4.961,0.0,81.88,18.12,0.9
2026-09-06T21:00:00,21,6,9,True,21.75,74.02,0.9,0.412,0.247,0.0,0.0,0.225,2.815,0.143,0.478,0.128,1.825,0.241,0.0,0.0,,20.0,HOLD,2.59,0.0,92.01,7.99,0.184
2026-09-06T22:00:00,22,6,9,True,20.57,72.22,1.86,0.412,0.247,0.0,0.0,1.16,2.22,0.048,0.224,0.107,1.38,0.462,0.0,0.0,,20.0,HOLD,1.06,0.0,47.75,52.25,0.951
2026-09-06T23:00:00,23,6,9,True,20.94,64.59,2.93,0.412,0.247,0.0,0.0,2.367,1.654,-0.197,0.31,0.226,1.02,0.294,0.0,0.0,,21.69,CHARGING,0.0,0.713,0.0,100.0,1.941
2026-09-07T00:00:00,0,0,9,False,19.45,60.04,3.77,0.205,0.123,0.0,0.0,3.68,3.841,1.15,0.68,0.066,1.402,0.543,0.0,0.0,,21.27,DISCHARGING,0.161,0.0,4.19,95.81,3.018
2026-09-07T01:00:00,1,0,9,False,22.53,69.61,4.19,0.205,0.123,0.0,0.0,4.197,4.681,1.138,1.325,0.169,1.612,0.438,0.0,0.0,,20.0,DISCHARGING,0.484,0.0,10.34,89.66,3.442
2026-09-07T02:00:00,2,0,9,False,21.61,58.11,3.98,0.205,0.123,0.0,0.0,4.1,3.4,1.077,0.04,0.244,1.563,0.477,0.0,0.0,,21.66,CHARGING,0.0,0.7,0.0,100.0,3.362
2026-09-07T03:00:00,3,0,9,False,24.02,59.73,3.68,0.205,0.123,0.0,0.0,3.61,3.816,0.779,0.638,0.293,1.634,0.471,0.0,0.0,,21.12,DISCHARGING,0.206,0.0,5.4,94.6,2.96
2026-09-07T04:00:00,4,0,9,False,25.59,72.17,2.53,0.205,0.123,0.0,0.0,2.151,3.147,0.965,0.074,0.379,1.361,0.369,0.0,0.0,,20.0,DISCHARGING,0.996,0.0,31.65,68.35,1.764
2026-09-07T05:00:00,5,0,9,False,26.72,69.5,5.55,0.205,0.123,0.0,0.0,4.895,4.041,1.341,0.817,0.018,1.713,0.151,0.0,0.0,,22.03,CHARGING,0.0,0.854,0.0,100.0,4.014
2026-09-07T06:00:00,6,0,9,False,29.55,67.63,4.49,0.205,0.123,0.0,0.0,4.758,3.629,1.29,0.574,0.271,1.228,0.266,0.0,0.0,,24.71,CHARGING,0.0,1.129,0.0,100.0,3.902
2026-09-07T07:00:00,7,0,9,False,25.29,61.69,4.6,0.205,0.123,172.52,1.539,4.839,5.197,1.374,0.186,0.245,1.36,2.032,0.0,0.0,,27.51,CHARGING,0.0,1.181,0.0,100.0,5.23
2026-09-07T08:00:00,8,0,9,False,32.73,64.37,5.49,0.205,0.123,333.28,2.887,5.049,10.3,4.12,0.867,1.829,1.591,1.893,0.0,0.0,,21.29,DISCHARGING,2.364,0.0,22.95,77.05,6.508
2026-09-07T09:00:00,9,0,9,False,34.5,62.73,5.0,0.205,0.123,471.33,4.021,5.06,15.102,3.973,6.428,2.177,2.1,0.423,0.0,0.0,,20.0,DISCHARGING,6.021,0.0,39.87,60.13,7.446
2026-09-07T10:00:00,10,0,9,False,37.67,61.71,4.19,0.205,0.123,577.26,4.866,4.222,21.6,3.999,6.139,1.858,2.183,0.421,7.0,0.0,,20.0,HOLD,12.512,0.0,57.93,42.07,7.452
2026-09-07T11:00:00,11,0,9,False,36.69,65.33,3.5,0.205,0.123,643.85,5.387,3.178,21.922,3.988,6.153,2.023,2.381,0.376,7.0,0.0,,20.0,HOLD,13.357,0.0,60.93,39.07,7.023
2026-09-07T12:00:00,12,0,9,False,38.27,63.29,3.44,0.205,0.123,666.57,5.564,3.112,23.88,4.001,6.083,2.057,2.777,1.963,7.0,0.0,,20.0,HOLD,15.204,0.0,63.67,36.33,7.114
2026-09-07T13:00:00,13,0,9,False,34.96,61.32,4.12,0.205,0.123,643.85,5.42,4.017,24.248,3.929,6.282,1.942,3.095,1.999,7.0,0.0,,20.0,HOLD,14.811,0.0,61.08,38.92,7.738
2026-09-07T14:00:00,14,0,9,False,36.59,60.4,1.39,0.205,0.123,577.26,4.963,0.871,15.232,3.964,6.088,2.059,2.755,0.366,0.0,0.0,,20.0,HOLD,9.398,0.0,61.7,38.3,4.784
2026-09-07T15:00:00,15,0,9,False,32.88,66.14,1.21,0.205,0.123,471.33,4.067,0.465,14.986,3.953,5.681,2.05,3.121,0.183,0.0,0.0,,20.0,HOLD,10.454,0.0,69.76,30.24,3.716
2026-09-07T16:00:00,16,0,9,False,30.84,57.06,1.55,0.205,0.123,333.28,2.975,1.07,15.195,3.968,5.768,1.769,3.09,0.6,0.0,0.0,,20.0,HOLD,11.15,0.0,73.38,26.62,3.317
2026-09-07T17:00:00,17,0,9,False,32.76,58.64,0.91,0.205,0.123,172.52,1.53,0.423,15.73,4.096,6.091,2.009,3.028,0.507,0.0,0.0,,20.0,HOLD,13.777,0.0,87.58,12.42,1.601
2026-09-07T18:00:00,18,0,9,False,27.22,51.61,0.26,0.205,0.123,0.0,0.0,0.0,16.841,4.084,5.899,1.977,2.84,2.04,0.0,0.0,,20.0,HOLD,16.841,0.0,100.0,0.0,0.0
2026-09-07T19:00:00,19,0,9,False,25.75,67.8,2.42,0.205,0.123,0.0,0.0,1.842,16.875,4.158,6.061,1.888,2.643,2.126,0.0,0.0,,20.0,HOLD,15.033,0.0,89.08,10.92,1.51
2026-09-07T20:00:00,20,0,9,False,25.77,74.45,2.5,0.205,0.123,0.0,0.0,2.013,9.543,1.158,5.451,0.201,2.328,0.404,0.0,0.0,,20.0,HOLD,7.53,0.0,78.91,21.09,1.651
2026-09-07T21:00:00,21,0,9,False,19.51,67.33,1.36,0.205,0.123,0.0,0.0,0.807,4.905,1.286,0.935,0.371,1.893,0.418,0.0,0.0,,20.0,HOLD,4.098,0.0,83.55,16.45,0.662
2026-09-07T22:00:00,22,0,9,False,21.39,66.79,2.52,0.205,0.123,0.0,0.0,1.766,3.879,1.284,0.746,0.176,1.279,0.394,0.0,0.0,,20.0,HOLD,2.113,0.0,54.47,45.53,1.448
2026-09-07T23:00:00,23,0,9,False,19.21,65.98,3.82,0.205,0.123,0.0,0.0,3.535,4.026,1.318,0.809,0.178,1.355,0.365,0.0,0.0,,20.0,HOLD,0.491,0.0,12.2,87.8,2.899
2026-09-08T00:00:00,0,1,9,False,21.6,51.81,3.79,0.0,0.0,0.0,0.0,3.898,3.468,1.386,0.221,0.043,1.531,0.286,0.0,0.0,,21.02,CHARGING,0.0,0.43,0.0,100.0,3.196
2026-09-08T01:00:00,1,1,9,False,19.8,59.55,3.48,0.0,0.0,0.0,0.0,3.429,3.708,1.104,0.261,0.239,1.745,0.36,0.0,0.0,,20.29,DISCHARGING,0.279,0.0,7.52,92.48,2.812
2026-09-08T02:00:00,2,1,9,False,22.35,60.11,3.33,0.0,0.0,0.0,0.0,3.04,3.979,1.177,0.782,0.378,1.442,0.2,0.0,0.0,,20.0,DISCHARGING,0.939,0.0,23.6,76.4,2.493
2026-09-08T03:00:00,3,1,9,False,22.04,61.01,4.65,0.0,0.0,0.0,0.0,5.149,3.589,1.227,0.569,0.122,1.238,0.433,0.0,0.0,,23.7,CHARGING,0.0,1.56,0.0,100.0,4.222
2026-09-08T04:00:00,4,1,9,False,24.37,59.78,3.88,0.0,0.0,0.0,0.0,3.766,3.665,1.041,0.722,0.177,1.411,0.314,0.0,0.0,,23.94,CHARGING,0.0,0.101,0.0,100.0,3.088
2026-09-08T05:00:00,5,1,9,False,25.73,61.03,5.67,0.0,0.0,0.0,0.0,5.031,4.426,1.473,0.747,0.226,1.596,0.384,0.0,0.0,,25.38,CHARGING,0.0,0.605,0.0,100.0,4.125
2026-09-08T06:00:00,6,1,9,False,28.28,52.25,4.61,0.0,0.0,0.0,0.0,4.982,3.146,1.142,0.911,0.128,0.634,0.33,0.0,0.0,,29.74,CHARGING,0.0,1.836,0.0,100.0,4.085
2026-09-08T07:00:00,7,1,9,False,27.76,56.24,5.2,0.0,0.0,209.0,1.897,5.096,4.836,1.015,0.358,0.253,1.412,1.799,0.0,0.0,,34.87,CHARGING,0.0,2.157,0.0,100.0,5.734
2026-09-08T08:00:00,8,1,9,False,32.42,57.26,2.97,0.0,0.0,403.75,3.603,2.865,9.688,3.952,0.226,1.949,1.628,1.933,0.0,0.0,,26.39,DISCHARGING,3.22,0.0,33.24,66.76,5.304
2026-09-08T09:00:00,9,1,9,False,32.27,61.98,4.07,0.0,0.0,570.99,4.973,4.021,13.95,3.866,5.876,1.9,1.844,0.464,0.0,0.0,,20.0,DISCHARGING,4.956,0.0,35.53,64.47,7.375
2026-09-08T10:00:00,10,1,9,False,34.58,65.12,2.6,0.0,0.0,699.32,6.103,1.955,21.344,3.927,5.762,2.068,2.194,0.393,7.0,0.0,,20.0,HOLD,13.286,0.0,62.25,37.75,6.608
2026-09-08T11:00:00,11,1,9,False,35.44,67.03,2.33,0.0,0.0,779.99,6.816,1.708,22.77,4.038,6.292,2.006,2.742,0.692,7.0,0.0,,20.0,HOLD,14.246,0.0,62.56,37.44,6.99
2026-09-08T12:00:00,12,1,9,False,35.81,55.05,2.53,0.0,0.0,807.5,6.645,2.142,23.763,3.929,6.263,2.108,2.557,1.907,7.0,0.0,,20.0,HOLD,14.976,0.0,63.02,36.98,7.205
2026-09-08T13:00:00,13,1,9,False,38.34,56.7,2.43,0.0,0.0,779.99,6.506,1.876,24.777,4.302,6.206,2.018,3.112,2.14,7.0,0.0,,20.0,HOLD,16.395,0.0,66.17,33.83,6.873
2026-09-08T14:00:00,14,1,9,False,35.43,58.76,4.22,0.0,0.0,699.32,6.164,4.297,15.974,4.181,5.925,2.046,3.327,0.495,0.0,0.0,,20.0,HOLD,5.513,0.0,34.51,65.49,8.578
2026-09-08T15:00:00,15,1,9,False,34.37,60.94,0.97,0.0,0.0,570.99,4.847,0.563,15.928,4.172,5.946,2.166,3.228,0.415,0.0,0.0,,20.0,HOLD,10.518,0.0,66.03,33.97,4.436
2026-09-08T16:00:00,16,1,9,False,32.85,58.64,0.8,0.0,0.0,403.75,3.444,0.308,15.059,3.979,5.502,2.058,3.121,0.399,0.0,0.0,,20.0,HOLD,11.307,0.0,75.08,24.92,3.077
2026-09-08T17:00:00,17,1,9,False,26.02,53.03,0.87,0.0,0.0,209.0,1.85,0.548,14.441,3.513,5.755,2.083,2.768,0.322,0.0,0.0,,20.0,HOLD,12.043,0.0,83.39,16.61,1.966
2026-09-08T18:00:00,18,1,9,False,31.05,64.67,1.3,0.0,0.0,0.0,0.0,0.76,17.365,4.253,6.572,1.832,2.713,1.996,0.0,0.0,,20.0,HOLD,16.605,0.0,95.62,4.38,0.623
2026-09-08T19:00:00,19,1,9,False,25.29,61.28,1.85,0.0,0.0,0.0,0.0,1.371,16.365,4.273,5.64,1.919,2.4,2.132,0.0,0.0,,20.0,HOLD,14.994,0.0,91.62,8.38,1.124
2026-09-08T20:00:00,20,1,9,False,22.55,54.39,0.52,0.0,0.0,0.0,0.0,0.172,9.546,1.306,5.658,0.296,1.984,0.302,0.0,0.0,,20.0,HOLD,9.374,0.0,98.2,1.8,0.141
2026-09-08T21:00:00,21,1,9,False,21.25,56.03,1.76,0.0,0.0,0.0,0.0,1.219,4.473,1.062,0.899,0.161,1.861,0.49,0.0,0.0,,20.0,HOLD,3.254,0.0,72.75,27.25,1.0
2026-09-08T22:00:00,22,1,9,False,17.39,56.43,2.59,0.0,0.0,0.0,0.0,2.277,4.259,1.094,0.887,0.228,1.676,0.375,0.0,0.0,,20.0,HOLD,1.982,0.0,46.54,53.46,1.867
2026-09-08T23:00:00,23,1,9,False,19.82,64.65,3.7,0.0,0.0,0.0,0.0,3.461,3.882,1.083,0.894,0.318,1.348,0.238,0.0,0.0,,20.0,HOLD,0.421,0.0,10.84,89.16,2.838
